#
# There is insufficient memory for the Java Runtime Environment to continue.
# Native memory allocation (malloc) failed to allocate 2647760 bytes for Chunk::new
# Possible reasons:
#   The system is out of physical RAM or swap space
#   The process is running with CompressedOops enabled, and the Java Heap may be blocking the growth of the native heap
# Possible solutions:
#   Reduce memory load on the system
#   Increase physical memory or swap space
#   Check if swap backing store is full
#   Decrease Java heap size (-Xmx/-Xms)
#   Decrease number of Java threads
#   Decrease Java thread stack sizes (-Xss)
#   Set larger code cache with -XX:ReservedCodeCacheSize=
#   JVM is running with Zero Based Compressed Oops mode in which the Java heap is
#     placed in the first 32GB address space. The Java Heap base address is the
#     maximum limit for the native heap growth. Please use -XX:HeapBaseMinAddress
#     to set the Java Heap base and to place the Java Heap above 32GB virtual address.
# This output file may be truncated or incomplete.
#
#  Out of Memory Error (arena.cpp:189), pid=17536, tid=9324
#
# JRE version: Java(TM) SE Runtime Environment (17.0.12+8) (build 17.0.12+8-LTS-286)
# Java VM: Java HotSpot(TM) 64-Bit Server VM (17.0.12+8-LTS-286, mixed mode, sharing, tiered, compressed oops, compressed class ptrs, g1 gc, windows-amd64)
# No core dump will be written. Minidumps are not enabled by default on client versions of Windows
#

---------------  S U M M A R Y ------------

Command Line: --add-opens=java.base/java.lang=ALL-UNNAMED --add-opens=java.base/java.lang.invoke=ALL-UNNAMED --add-opens=java.base/java.util=ALL-UNNAMED --add-opens=java.prefs/java.util.prefs=ALL-UNNAMED --add-exports=jdk.compiler/com.sun.tools.javac.api=ALL-UNNAMED --add-exports=jdk.compiler/com.sun.tools.javac.util=ALL-UNNAMED --add-opens=java.base/java.util=ALL-UNNAMED --add-opens=java.prefs/java.util.prefs=ALL-UNNAMED --add-opens=java.base/java.nio.charset=ALL-UNNAMED --add-opens=java.base/java.net=ALL-UNNAMED --add-opens=java.base/java.util.concurrent.atomic=ALL-UNNAMED --add-opens=java.xml/javax.xml.namespace=ALL-UNNAMED -XX:MaxMetaspaceSize=1024m -XX:+HeapDumpOnOutOfMemoryError -Xmx4096m -Dfile.encoding=windows-1252 -Duser.country=US -Duser.language=en -Duser.variant -javaagent:C:\Users\pacman\.gradle\wrapper\dists\gradle-8.13-bin\5xuhj0ry160q40clulazy9h7d\gradle-8.13\lib\agents\gradle-instrumentation-agent-8.13.jar org.gradle.launcher.daemon.bootstrap.GradleDaemon 8.13

Host: Intel(R) Core(TM) i5-9400H CPU @ 2.50GHz, 8 cores, 15G,  Windows 11 , 64 bit Build 26100 (10.0.26100.8875)
Time: Mon Aug  3 04:01:55 2026 Egypt Daylight Time elapsed time: 410.431323 seconds (0d 0h 6m 50s)

---------------  T H R E A D  ---------------

Current thread (0x0000014b7fb0dd10):  JavaThread "C2 CompilerThread0" daemon [_thread_in_native, id=9324, stack(0x00000048e1300000,0x00000048e1400000)]


Current CompileTask:
C2: 410431 35702       4       com.android.tools.r8.internal.bR::b (1550 bytes)

Stack: [0x00000048e1300000,0x00000048e1400000]
Native frames: (J=compiled Java code, j=interpreted, Vv=VM code, C=native code)
V  [jvm.dll+0x67a04a]
V  [jvm.dll+0x7da4ed]
V  [jvm.dll+0x7dbe33]
V  [jvm.dll+0x7dc4a3]
V  [jvm.dll+0x24508f]
V  [jvm.dll+0xab773]
V  [jvm.dll+0xabd3c]
V  [jvm.dll+0x361bee]
V  [jvm.dll+0x32c431]
V  [jvm.dll+0x32b8ca]
V  [jvm.dll+0x21683f]
V  [jvm.dll+0x215c6f]
V  [jvm.dll+0x1a2960]
V  [jvm.dll+0x22610b]
V  [jvm.dll+0x2242ab]
V  [jvm.dll+0x79075c]
V  [jvm.dll+0x78abea]
V  [jvm.dll+0x678f35]
C  [ucrtbase.dll+0x2cd30]
C  [KERNEL32.DLL+0x2e957]
C  [ntdll.dll+0xaad6c]


---------------  P R O C E S S  ---------------

Threads class SMR info:
_java_thread_list=0x0000014b5a47beb0, length=78, elements={
0x0000014b6db87970, 0x0000014b7f9d69d0, 0x0000014b7f9d74a0, 0x0000014b7f9ec060,
0x0000014b7f9ed940, 0x0000014b7f9ee9b0, 0x0000014b7fb09470, 0x0000014b7fb0dd10,
0x0000014b7fb0fdd0, 0x0000014b7fb33660, 0x0000014b7fc27d30, 0x0000014b7fc28750,
0x0000014b7fc29680, 0x0000014b7fc28240, 0x0000014b7fc28c60, 0x0000014b7fc29170,
0x0000014b7fc29b90, 0x0000014b7fc2a0a0, 0x0000014b7fc2aac0, 0x0000014b7fc2afd0,
0x0000014b7fc2b4e0, 0x0000014b4adb7590, 0x0000014b4adb84c0, 0x0000014b4adb7aa0,
0x0000014b4adb7fb0, 0x0000014b4adb6b70, 0x0000014b4adb7080, 0x0000014b4adb89d0,
0x0000014b4adb8ee0, 0x0000014b4adb93f0, 0x0000014b4adb9900, 0x0000014b4adb9e10,
0x0000014b4adbd5c0, 0x0000014b4adbc180, 0x0000014b4adbd0b0, 0x0000014b4adbad40,
0x0000014b4adba320, 0x0000014b4adba830, 0x0000014b4adbb250, 0x0000014b4adbc690,
0x0000014b4adbcba0, 0x0000014b4df932c0, 0x0000014b4df95630, 0x0000014b4df941f0,
0x0000014b4df95b40, 0x0000014b4df928a0, 0x0000014b4df96560, 0x0000014b4df93ce0,
0x0000014b4df94c10, 0x0000014b4df92db0, 0x0000014b4df98de0, 0x0000014b4df992f0,
0x0000014b4df96f80, 0x0000014b4df97490, 0x0000014b7fc2a5b0, 0x0000014b4d5457c0,
0x0000014b4d5466f0, 0x0000014b4d543960, 0x0000014b4d547620, 0x0000014b4d547b30,
0x0000014b4d548040, 0x0000014b4d5461e0, 0x0000014b4d545cd0, 0x0000014b4d546c00,
0x0000014b4d547110, 0x0000014b4a6c88b0, 0x0000014b4df96a70, 0x0000014b4df988d0,
0x0000014b4d548a60, 0x0000014b5854b120, 0x0000014b5854c560, 0x0000014b5854ca70,
0x0000014b5854a700, 0x0000014b5854cf80, 0x0000014b5854b630, 0x0000014b5b57fc30,
0x0000014b5b16ade0, 0x0000014b5b171820
}

Java Threads: ( => current thread )
  0x0000014b6db87970 JavaThread "main" [_thread_blocked, id=18548, stack(0x00000048e0600000,0x00000048e0700000)]
  0x0000014b7f9d69d0 JavaThread "Reference Handler" daemon [_thread_blocked, id=6204, stack(0x00000048e0d00000,0x00000048e0e00000)]
  0x0000014b7f9d74a0 JavaThread "Finalizer" daemon [_thread_blocked, id=21588, stack(0x00000048e0e00000,0x00000048e0f00000)]
  0x0000014b7f9ec060 JavaThread "Signal Dispatcher" daemon [_thread_blocked, id=17816, stack(0x00000048e0f00000,0x00000048e1000000)]
  0x0000014b7f9ed940 JavaThread "Attach Listener" daemon [_thread_blocked, id=21984, stack(0x00000048e1000000,0x00000048e1100000)]
  0x0000014b7f9ee9b0 JavaThread "Service Thread" daemon [_thread_blocked, id=18740, stack(0x00000048e1100000,0x00000048e1200000)]
  0x0000014b7fb09470 JavaThread "Monitor Deflation Thread" daemon [_thread_blocked, id=10916, stack(0x00000048e1200000,0x00000048e1300000)]
=>0x0000014b7fb0dd10 JavaThread "C2 CompilerThread0" daemon [_thread_in_native, id=9324, stack(0x00000048e1300000,0x00000048e1400000)]
  0x0000014b7fb0fdd0 JavaThread "C1 CompilerThread0" daemon [_thread_blocked, id=15192, stack(0x00000048e1400000,0x00000048e1500000)]
  0x0000014b7fb33660 JavaThread "Sweeper thread" daemon [_thread_blocked, id=16092, stack(0x00000048e1500000,0x00000048e1600000)]
  0x0000014b7fc27d30 JavaThread "Common-Cleaner" daemon [_thread_blocked, id=17580, stack(0x00000048e1600000,0x00000048e1700000)]
  0x0000014b7fc28750 JavaThread "Notification Thread" daemon [_thread_blocked, id=5396, stack(0x00000048e1700000,0x00000048e1800000)]
  0x0000014b7fc29680 JavaThread "Daemon health stats" [_thread_blocked, id=14976, stack(0x00000048e1900000,0x00000048e1a00000)]
  0x0000014b7fc28240 JavaThread "Incoming local TCP Connector on port 56132" [_thread_in_native, id=11924, stack(0x00000048e1a00000,0x00000048e1b00000)]
  0x0000014b7fc28c60 JavaThread "Daemon periodic checks" [_thread_blocked, id=19752, stack(0x00000048e2000000,0x00000048e2100000)]
  0x0000014b7fc29170 JavaThread "Daemon" [_thread_blocked, id=14696, stack(0x00000048e2100000,0x00000048e2200000)]
  0x0000014b7fc29b90 JavaThread "Handler for socket connection from /127.0.0.1:56132 to /127.0.0.1:56133" [_thread_in_native, id=4000, stack(0x00000048e2200000,0x00000048e2300000)]
  0x0000014b7fc2a0a0 JavaThread "Cancel handler" [_thread_blocked, id=6084, stack(0x00000048e2300000,0x00000048e2400000)]
  0x0000014b7fc2aac0 JavaThread "Daemon worker" [_thread_blocked, id=17924, stack(0x00000048e2400000,0x00000048e2500000)]
  0x0000014b7fc2afd0 JavaThread "Asynchronous log dispatcher for DefaultDaemonConnection: socket connection from /127.0.0.1:56132 to /127.0.0.1:56133" [_thread_blocked, id=7668, stack(0x00000048e2500000,0x00000048e2600000)]
  0x0000014b7fc2b4e0 JavaThread "Stdin handler" [_thread_blocked, id=20512, stack(0x00000048e2600000,0x00000048e2700000)]
  0x0000014b4adb7590 JavaThread "Daemon client event forwarder" [_thread_blocked, id=20960, stack(0x00000048e2700000,0x00000048e2800000)]
  0x0000014b4adb84c0 JavaThread "Cache worker for journal cache (C:\Users\pacman\.gradle\caches\journal-1)" [_thread_blocked, id=19080, stack(0x00000048e2800000,0x00000048e2900000)]
  0x0000014b4adb7aa0 JavaThread "File lock request listener" [_thread_in_native, id=324, stack(0x00000048e2900000,0x00000048e2a00000)]
  0x0000014b4adb7fb0 JavaThread "Cache worker for file hash cache (C:\Users\pacman\.gradle\caches\8.13\fileHashes)" [_thread_blocked, id=22360, stack(0x00000048e2a00000,0x00000048e2b00000)]
  0x0000014b4adb6b70 JavaThread "Cache worker for file hash cache (E:\app\Ambobtak\android\.gradle\8.13\fileHashes)" [_thread_blocked, id=22992, stack(0x00000048e2c00000,0x00000048e2d00000)]
  0x0000014b4adb7080 JavaThread "Cache worker for Build Output Cleanup Cache (E:\app\Ambobtak\android\.gradle\buildOutputCleanup)" [_thread_blocked, id=3500, stack(0x00000048e2d00000,0x00000048e2e00000)]
  0x0000014b4adb89d0 JavaThread "File watcher server" daemon [_thread_in_native, id=21148, stack(0x00000048e3200000,0x00000048e3300000)]
  0x0000014b4adb8ee0 JavaThread "File watcher consumer" daemon [_thread_blocked, id=12756, stack(0x00000048e3300000,0x00000048e3400000)]
  0x0000014b4adb93f0 JavaThread "jar transforms" [_thread_blocked, id=9780, stack(0x00000048e3700000,0x00000048e3800000)]
  0x0000014b4adb9900 JavaThread "Cache worker for checksums cache (E:\app\Ambobtak\android\.gradle\8.13\checksums)" [_thread_blocked, id=18764, stack(0x00000048e3800000,0x00000048e3900000)]
  0x0000014b4adb9e10 JavaThread "Cache worker for file content cache (C:\Users\pacman\.gradle\caches\8.13\fileContent)" [_thread_blocked, id=22012, stack(0x00000048e3900000,0x00000048e3a00000)]
  0x0000014b4adbd5c0 JavaThread "Cache worker for cache directory md-supplier (C:\Users\pacman\.gradle\caches\8.13\md-supplier)" [_thread_blocked, id=2084, stack(0x00000048e2e00000,0x00000048e2f00000)]
  0x0000014b4adbc180 JavaThread "Cache worker for cache directory md-rule (C:\Users\pacman\.gradle\caches\8.13\md-rule)" [_thread_blocked, id=20724, stack(0x00000048e2b00000,0x00000048e2c00000)]
  0x0000014b4adbd0b0 JavaThread "Cache worker for Build Output Cleanup Cache (E:\app\Ambobtak\node_modules\@react-native\gradle-plugin\.gradle\buildOutputCleanup)" [_thread_blocked, id=20468, stack(0x00000048e3d00000,0x00000048e3e00000)]
  0x0000014b4adbad40 JavaThread "Unconstrained build operations" [_thread_blocked, id=10700, stack(0x00000048e3f00000,0x00000048e4000000)]
  0x0000014b4adba320 JavaThread "Unconstrained build operations Thread 2" [_thread_blocked, id=17608, stack(0x00000048e4000000,0x00000048e4100000)]
  0x0000014b4adba830 JavaThread "Unconstrained build operations Thread 3" [_thread_blocked, id=10088, stack(0x00000048e4100000,0x00000048e4200000)]
  0x0000014b4adbb250 JavaThread "Cache worker for Build Output Cleanup Cache (E:\app\Ambobtak\node_modules\expo\node_modules\expo-modules-autolinking\android\expo-gradle-plugin\.gradle\buildOutputCleanup)" [_thread_blocked, id=13488, stack(0x00000048e3e00000,0x00000048e3f00000)]
  0x0000014b4adbc690 JavaThread "Unconstrained build operations Thread 4" [_thread_blocked, id=15936, stack(0x00000048e4200000,0x00000048e4300000)]
  0x0000014b4adbcba0 JavaThread "Unconstrained build operations Thread 5" [_thread_blocked, id=7288, stack(0x00000048e4300000,0x00000048e4400000)]
  0x0000014b4df932c0 JavaThread "Unconstrained build operations Thread 6" [_thread_blocked, id=1732, stack(0x00000048e4400000,0x00000048e4500000)]
  0x0000014b4df95630 JavaThread "build event listener" [_thread_blocked, id=9116, stack(0x00000048e4500000,0x00000048e4600000)]
  0x0000014b4df941f0 JavaThread "Memory manager" [_thread_blocked, id=23284, stack(0x00000048e4600000,0x00000048e4700000)]
  0x0000014b4df95b40 JavaThread "Unconstrained build operations Thread 7" [_thread_blocked, id=6944, stack(0x00000048e4800000,0x00000048e4900000)]
  0x0000014b4df928a0 JavaThread "Unconstrained build operations Thread 8" [_thread_blocked, id=9872, stack(0x00000048e4900000,0x00000048e4a00000)]
  0x0000014b4df96560 JavaThread "Unconstrained build operations Thread 9" [_thread_blocked, id=9972, stack(0x00000048e4a00000,0x00000048e4b00000)]
  0x0000014b4df93ce0 JavaThread "build event listener" [_thread_blocked, id=22664, stack(0x00000048e4700000,0x00000048e4800000)]
  0x0000014b4df94c10 JavaThread "Unconstrained build operations Thread 10" [_thread_blocked, id=18228, stack(0x00000048e4c00000,0x00000048e4d00000)]
  0x0000014b4df92db0 JavaThread "ForkJoinPool.commonPool-worker-2" daemon [_thread_blocked, id=7340, stack(0x00000048e5100000,0x00000048e5200000)]
  0x0000014b4df98de0 JavaThread "ForkJoinPool.commonPool-worker-5" daemon [_thread_blocked, id=8788, stack(0x00000048e5400000,0x00000048e5500000)]
  0x0000014b4df992f0 JavaThread "ForkJoinPool.commonPool-worker-6" daemon [_thread_blocked, id=5776, stack(0x00000048e5500000,0x00000048e5600000)]
  0x0000014b4df96f80 JavaThread "Cache worker for execution history cache (E:\app\Ambobtak\node_modules\@react-native\gradle-plugin\.gradle\8.13\executionHistory)" [_thread_blocked, id=17392, stack(0x00000048e5a00000,0x00000048e5b00000)]
  0x0000014b4df97490 JavaThread "Cache worker for execution history cache (E:\app\Ambobtak\node_modules\expo\node_modules\expo-modules-autolinking\android\expo-gradle-plugin\.gradle\8.13\executionHistory)" [_thread_blocked, id=12668, stack(0x00000048e5c00000,0x00000048e5d00000)]
  0x0000014b7fc2a5b0 JavaThread "jar transforms Thread 2" [_thread_blocked, id=22660, stack(0x00000048e5b00000,0x00000048e5c00000)]
  0x0000014b4d5457c0 JavaThread "Cache worker for Build Output Cleanup Cache (E:\app\Ambobtak\node_modules\expo-modules-core\expo-module-gradle-plugin\.gradle\buildOutputCleanup)" [_thread_blocked, id=14676, stack(0x00000048e5e00000,0x00000048e5f00000)]
  0x0000014b4d5466f0 JavaThread "jar transforms Thread 3" [_thread_blocked, id=21180, stack(0x00000048e5d00000,0x00000048e5e00000)]
  0x0000014b4d543960 JavaThread "Cache worker for execution history cache (E:\app\Ambobtak\node_modules\expo-modules-core\expo-module-gradle-plugin\.gradle\8.13\executionHistory)" [_thread_blocked, id=7312, stack(0x00000048e6100000,0x00000048e6200000)]
  0x0000014b4d547620 JavaThread "jar transforms Thread 4" [_thread_blocked, id=22380, stack(0x00000048e0300000,0x00000048e0400000)]
  0x0000014b4d547b30 JavaThread "Problems report writer" [_thread_blocked, id=2232, stack(0x00000048e0500000,0x00000048e0600000)]
  0x0000014b4d548040 JavaThread "jar transforms Thread 5" [_thread_blocked, id=11236, stack(0x00000048e5f00000,0x00000048e6000000)]
  0x0000014b4d5461e0 JavaThread "jar transforms Thread 6" [_thread_blocked, id=18208, stack(0x00000048e6200000,0x00000048e6300000)]
  0x0000014b4d545cd0 JavaThread "build event listener" [_thread_blocked, id=22460, stack(0x00000048e0400000,0x00000048e0500000)]
  0x0000014b4d546c00 JavaThread "jar transforms Thread 7" [_thread_blocked, id=18756, stack(0x00000048e6400000,0x00000048e6500000)]
  0x0000014b4d547110 JavaThread "jar transforms Thread 8" [_thread_blocked, id=1312, stack(0x00000048e6500000,0x00000048e6600000)]
  0x0000014b4a6c88b0 JavaThread "ForkJoinPool.commonPool-worker-9" daemon [_thread_blocked, id=13576, stack(0x00000048e3b00000,0x00000048e3c00000)]
  0x0000014b4df96a70 JavaThread "included builds Thread 4" [_thread_in_Java, id=13660, stack(0x00000048e4d00000,0x00000048e4e00000)]
  0x0000014b4df988d0 JavaThread "Cache worker for execution history cache (E:\app\Ambobtak\android\.gradle\8.13\executionHistory)" [_thread_blocked, id=3640, stack(0x00000048e4e00000,0x00000048e4f00000)]
  0x0000014b4d548a60 JavaThread "WorkerExecutor Queue" [_thread_blocked, id=18356, stack(0x00000048e5300000,0x00000048e5400000)]
  0x0000014b5854b120 JavaThread "RMI Scheduler(0)" daemon [_thread_blocked, id=4844, stack(0x00000048e5600000,0x00000048e5700000)]
  0x0000014b5854c560 JavaThread "RMI GC Daemon" daemon [_thread_blocked, id=14428, stack(0x00000048e5800000,0x00000048e5900000)]
  0x0000014b5854ca70 JavaThread "RMI TCP Accept-0" daemon [_thread_in_native, id=1844, stack(0x00000048e6000000,0x00000048e6100000)]
  0x0000014b5854a700 JavaThread "RMI Reaper" [_thread_blocked, id=21444, stack(0x00000048e6300000,0x00000048e6400000)]
  0x0000014b5854cf80 JavaThread "RMI TCP Connection(idle)" daemon [_thread_blocked, id=9348, stack(0x00000048e6600000,0x00000048e6700000)]
  0x0000014b5854b630 JavaThread "Cache worker for Java compile cache (C:\Users\pacman\.gradle\caches\8.13\javaCompile)" [_thread_blocked, id=14340, stack(0x00000048e4f00000,0x00000048e5000000)]
  0x0000014b5b57fc30 JavaThread "Build operations" [_thread_blocked, id=17192, stack(0x00000048e3c00000,0x00000048e3d00000)]
  0x0000014b5b16ade0 JavaThread "C2 CompilerThread1" daemon [_thread_in_native, id=12428, stack(0x00000048e3a00000,0x00000048e3b00000)]
  0x0000014b5b171820 JavaThread "C2 CompilerThread2" daemon [_thread_in_native, id=22352, stack(0x00000048e4b00000,0x00000048e4c00000)]

Other Threads:
  0x0000014b7f9d2ce0 VMThread "VM Thread" [stack: 0x00000048e0c00000,0x00000048e0d00000] [id=14324]
  0x0000014b6dc0f600 WatcherThread [stack: 0x00000048e1800000,0x00000048e1900000] [id=13500]
  0x0000014b6dbf4d10 GCTaskThread "GC Thread#0" [stack: 0x00000048e0700000,0x00000048e0800000] [id=23064]
  0x0000014b7fdcafe0 GCTaskThread "GC Thread#1" [stack: 0x00000048e1b00000,0x00000048e1c00000] [id=12976]
  0x0000014b7fdc6010 GCTaskThread "GC Thread#2" [stack: 0x00000048e1c00000,0x00000048e1d00000] [id=21748]
  0x0000014b4a5bdd40 GCTaskThread "GC Thread#3" [stack: 0x00000048e1d00000,0x00000048e1e00000] [id=16840]
  0x0000014b4a5be000 GCTaskThread "GC Thread#4" [stack: 0x00000048e1e00000,0x00000048e1f00000] [id=13604]
  0x0000014b7fe11980 GCTaskThread "GC Thread#5" [stack: 0x00000048e1f00000,0x00000048e2000000] [id=16112]
  0x0000014b4bdee010 GCTaskThread "GC Thread#6" [stack: 0x00000048e2f00000,0x00000048e3000000] [id=12836]
  0x0000014b4e092b20 GCTaskThread "GC Thread#7" [stack: 0x00000048e3000000,0x00000048e3100000] [id=21056]
  0x0000014b6dc05b70 ConcurrentGCThread "G1 Main Marker" [stack: 0x00000048e0800000,0x00000048e0900000] [id=19724]
  0x0000014b6dc06490 ConcurrentGCThread "G1 Conc#0" [stack: 0x00000048e0900000,0x00000048e0a00000] [id=16372]
  0x0000014b4d9ffa80 ConcurrentGCThread "G1 Conc#1" [stack: 0x00000048e3100000,0x00000048e3200000] [id=2880]
  0x0000014b6dc4ea20 ConcurrentGCThread "G1 Refine#0" [stack: 0x00000048e0a00000,0x00000048e0b00000] [id=7628]
  0x0000014b4d3bd310 ConcurrentGCThread "G1 Refine#1" [stack: 0x00000048e3400000,0x00000048e3500000] [id=11096]
  0x0000014b7fba7510 ConcurrentGCThread "G1 Refine#2" [stack: 0x00000048e3500000,0x00000048e3600000] [id=13076]
  0x0000014b7fba7800 ConcurrentGCThread "G1 Refine#3" [stack: 0x00000048e3600000,0x00000048e3700000] [id=16744]
  0x0000014b7f88c530 ConcurrentGCThread "G1 Service" [stack: 0x00000048e0b00000,0x00000048e0c00000] [id=18972]

Threads with active compile tasks:
C2 CompilerThread0   410496 35702       4       com.android.tools.r8.internal.bR::b (1550 bytes)
C2 CompilerThread1   410496 35673 %     4       com.android.tools.r8.internal.fn::b @ 517 (3613 bytes)
C2 CompilerThread2   410496 35672       4       com.android.tools.r8.internal.Tb0::b (174 bytes)

VM state: not at safepoint (normal execution)

VM Mutex/Monitor currently owned by a thread: None

Heap address: 0x0000000700000000, size: 4096 MB, Compressed Oops mode: Zero based, Oop shift amount: 3

CDS archive(s) mapped at: [0x0000014b11000000-0x0000014b11bd0000-0x0000014b11bd0000), size 12386304, SharedBaseAddress: 0x0000014b11000000, ArchiveRelocationMode: 1.
Compressed class space mapped at: 0x0000014b12000000-0x0000014b46000000, reserved size: 872415232
Narrow klass base: 0x0000014b11000000, Narrow klass shift: 0, Narrow klass range: 0x100000000

GC Precious Log:
 CPUs: 8 total, 8 available
 Memory: 16131M
 Large Page Support: Disabled
 NUMA Support: Disabled
 Compressed Oops: Enabled (Zero based)
 Heap Region Size: 2M
 Heap Min Capacity: 8M
 Heap Initial Capacity: 254M
 Heap Max Capacity: 4G
 Pre-touch: Disabled
 Parallel Workers: 8
 Concurrent Workers: 2
 Concurrent Refinement Workers: 8
 Periodic GC: Disabled

Heap:
 garbage-first heap   total 796672K, used 607360K [0x0000000700000000, 0x0000000800000000)
  region size 2048K, 9 young (18432K), 2 survivors (4096K)
 Metaspace       used 174626K, committed 177472K, reserved 1048576K
  class space    used 23387K, committed 24640K, reserved 851968K

Heap Regions: E=young(eden), S=young(survivor), O=old, HS=humongous(starts), HC=humongous(continues), CS=collection set, F=free, OA=open archive, CA=closed archive, TAMS=top-at-mark-start (previous, next)
|   0|0x0000000700000000, 0x0000000700200000, 0x0000000700200000|100%|HS|  |TAMS 0x0000000700200000, 0x0000000700000000| Complete 
|   1|0x0000000700200000, 0x0000000700400000, 0x0000000700400000|100%|HC|  |TAMS 0x0000000700400000, 0x0000000700200000| Complete 
|   2|0x0000000700400000, 0x0000000700600000, 0x0000000700600000|100%| O|  |TAMS 0x0000000700600000, 0x0000000700400000| Untracked 
|   3|0x0000000700600000, 0x0000000700800000, 0x0000000700800000|100%| O|  |TAMS 0x0000000700800000, 0x0000000700600000| Untracked 
|   4|0x0000000700800000, 0x0000000700a00000, 0x0000000700a00000|100%| O|  |TAMS 0x0000000700a00000, 0x0000000700800000| Untracked 
|   5|0x0000000700a00000, 0x0000000700c00000, 0x0000000700c00000|100%| O|  |TAMS 0x0000000700c00000, 0x0000000700a00000| Untracked 
|   6|0x0000000700c00000, 0x0000000700e00000, 0x0000000700e00000|100%| O|  |TAMS 0x0000000700e00000, 0x0000000700c00000| Untracked 
|   7|0x0000000700e00000, 0x0000000701000000, 0x0000000701000000|100%| O|  |TAMS 0x0000000701000000, 0x0000000700e00000| Untracked 
|   8|0x0000000701000000, 0x0000000701200000, 0x0000000701200000|100%| O|  |TAMS 0x0000000701200000, 0x0000000701000000| Untracked 
|   9|0x0000000701200000, 0x0000000701400000, 0x0000000701400000|100%| O|  |TAMS 0x0000000701400000, 0x0000000701200000| Untracked 
|  10|0x0000000701400000, 0x0000000701600000, 0x0000000701600000|100%| O|  |TAMS 0x0000000701600000, 0x0000000701400000| Untracked 
|  11|0x0000000701600000, 0x0000000701800000, 0x0000000701800000|100%| O|  |TAMS 0x0000000701800000, 0x0000000701600000| Untracked 
|  12|0x0000000701800000, 0x0000000701a00000, 0x0000000701a00000|100%| O|  |TAMS 0x0000000701a00000, 0x0000000701800000| Untracked 
|  13|0x0000000701a00000, 0x0000000701c00000, 0x0000000701c00000|100%| O|  |TAMS 0x0000000701c00000, 0x0000000701a00000| Untracked 
|  14|0x0000000701c00000, 0x0000000701e00000, 0x0000000701e00000|100%| O|  |TAMS 0x0000000701e00000, 0x0000000701c00000| Untracked 
|  15|0x0000000701e00000, 0x0000000702000000, 0x0000000702000000|100%| O|  |TAMS 0x0000000702000000, 0x0000000701e00000| Untracked 
|  16|0x0000000702000000, 0x0000000702200000, 0x0000000702200000|100%| O|  |TAMS 0x0000000702200000, 0x0000000702000000| Untracked 
|  17|0x0000000702200000, 0x0000000702400000, 0x0000000702400000|100%| O|  |TAMS 0x0000000702400000, 0x0000000702200000| Untracked 
|  18|0x0000000702400000, 0x0000000702600000, 0x0000000702600000|100%| O|  |TAMS 0x0000000702600000, 0x0000000702400000| Untracked 
|  19|0x0000000702600000, 0x0000000702800000, 0x0000000702800000|100%|HS|  |TAMS 0x0000000702800000, 0x0000000702600000| Complete 
|  20|0x0000000702800000, 0x0000000702a00000, 0x0000000702a00000|100%| O|  |TAMS 0x0000000702a00000, 0x0000000702800000| Untracked 
|  21|0x0000000702a00000, 0x0000000702c00000, 0x0000000702c00000|100%| O|  |TAMS 0x0000000702c00000, 0x0000000702a00000| Untracked 
|  22|0x0000000702c00000, 0x0000000702e00000, 0x0000000702e00000|100%|HS|  |TAMS 0x0000000702e00000, 0x0000000702c00000| Complete 
|  23|0x0000000702e00000, 0x0000000703000000, 0x0000000703000000|100%|HC|  |TAMS 0x0000000703000000, 0x0000000702e00000| Complete 
|  24|0x0000000703000000, 0x0000000703200000, 0x0000000703200000|100%| O|  |TAMS 0x0000000703000000, 0x0000000703000000| Untracked 
|  25|0x0000000703200000, 0x0000000703400000, 0x0000000703400000|100%| O|  |TAMS 0x0000000703400000, 0x0000000703200000| Untracked 
|  26|0x0000000703400000, 0x0000000703600000, 0x0000000703600000|100%|HS|  |TAMS 0x0000000703600000, 0x0000000703400000| Complete 
|  27|0x0000000703600000, 0x0000000703800000, 0x0000000703800000|100%| O|  |TAMS 0x0000000703800000, 0x0000000703600000| Untracked 
|  28|0x0000000703800000, 0x0000000703a00000, 0x0000000703a00000|100%|HS|  |TAMS 0x0000000703a00000, 0x0000000703800000| Complete 
|  29|0x0000000703a00000, 0x0000000703c00000, 0x0000000703c00000|100%|HC|  |TAMS 0x0000000703c00000, 0x0000000703a00000| Complete 
|  30|0x0000000703c00000, 0x0000000703e00000, 0x0000000703e00000|100%| O|  |TAMS 0x0000000703e00000, 0x0000000703c00000| Untracked 
|  31|0x0000000703e00000, 0x0000000704000000, 0x0000000704000000|100%| O|  |TAMS 0x0000000704000000, 0x0000000703e00000| Untracked 
|  32|0x0000000704000000, 0x0000000704200000, 0x0000000704200000|100%| O|  |TAMS 0x0000000704200000, 0x0000000704000000| Untracked 
|  33|0x0000000704200000, 0x0000000704400000, 0x0000000704400000|100%| O|  |TAMS 0x0000000704400000, 0x0000000704200000| Untracked 
|  34|0x0000000704400000, 0x0000000704600000, 0x0000000704600000|100%|HS|  |TAMS 0x0000000704600000, 0x0000000704400000| Complete 
|  35|0x0000000704600000, 0x0000000704800000, 0x0000000704800000|100%|HS|  |TAMS 0x0000000704800000, 0x0000000704600000| Complete 
|  36|0x0000000704800000, 0x0000000704a00000, 0x0000000704a00000|100%|HS|  |TAMS 0x0000000704a00000, 0x0000000704800000| Complete 
|  37|0x0000000704a00000, 0x0000000704c00000, 0x0000000704c00000|100%| O|  |TAMS 0x0000000704a00000, 0x0000000704a00000| Untracked 
|  38|0x0000000704c00000, 0x0000000704e00000, 0x0000000704e00000|100%|HS|  |TAMS 0x0000000704e00000, 0x0000000704c00000| Complete 
|  39|0x0000000704e00000, 0x0000000705000000, 0x0000000705000000|100%|HC|  |TAMS 0x0000000705000000, 0x0000000704e00000| Complete 
|  40|0x0000000705000000, 0x0000000705200000, 0x0000000705200000|100%|HS|  |TAMS 0x0000000705200000, 0x0000000705000000| Complete 
|  41|0x0000000705200000, 0x0000000705400000, 0x0000000705400000|100%|HC|  |TAMS 0x0000000705400000, 0x0000000705200000| Complete 
|  42|0x0000000705400000, 0x0000000705600000, 0x0000000705600000|100%| O|  |TAMS 0x0000000705600000, 0x0000000705400000| Untracked 
|  43|0x0000000705600000, 0x0000000705800000, 0x0000000705800000|100%| O|  |TAMS 0x0000000705800000, 0x0000000705600000| Untracked 
|  44|0x0000000705800000, 0x0000000705a00000, 0x0000000705a00000|100%| O|  |TAMS 0x0000000705a00000, 0x0000000705800000| Untracked 
|  45|0x0000000705a00000, 0x0000000705c00000, 0x0000000705c00000|100%| O|  |TAMS 0x0000000705c00000, 0x0000000705a00000| Untracked 
|  46|0x0000000705c00000, 0x0000000705e00000, 0x0000000705e00000|100%| O|  |TAMS 0x0000000705e00000, 0x0000000705c00000| Untracked 
|  47|0x0000000705e00000, 0x0000000706000000, 0x0000000706000000|100%| O|  |TAMS 0x0000000706000000, 0x0000000705e00000| Untracked 
|  48|0x0000000706000000, 0x0000000706200000, 0x0000000706200000|100%| O|  |TAMS 0x0000000706200000, 0x0000000706000000| Untracked 
|  49|0x0000000706200000, 0x0000000706400000, 0x0000000706400000|100%| O|  |TAMS 0x0000000706400000, 0x0000000706200000| Untracked 
|  50|0x0000000706400000, 0x0000000706600000, 0x0000000706600000|100%| O|  |TAMS 0x0000000706600000, 0x0000000706400000| Untracked 
|  51|0x0000000706600000, 0x0000000706800000, 0x0000000706800000|100%| O|  |TAMS 0x0000000706800000, 0x0000000706600000| Untracked 
|  52|0x0000000706800000, 0x0000000706a00000, 0x0000000706a00000|100%| O|  |TAMS 0x0000000706a00000, 0x0000000706800000| Untracked 
|  53|0x0000000706a00000, 0x0000000706c00000, 0x0000000706c00000|100%| O|  |TAMS 0x0000000706c00000, 0x0000000706a00000| Untracked 
|  54|0x0000000706c00000, 0x0000000706e00000, 0x0000000706e00000|100%| O|  |TAMS 0x0000000706e00000, 0x0000000706c00000| Untracked 
|  55|0x0000000706e00000, 0x0000000707000000, 0x0000000707000000|100%| O|  |TAMS 0x0000000706e00000, 0x0000000706e00000| Untracked 
|  56|0x0000000707000000, 0x0000000707200000, 0x0000000707200000|100%| O|  |TAMS 0x0000000707200000, 0x0000000707000000| Untracked 
|  57|0x0000000707200000, 0x0000000707400000, 0x0000000707400000|100%| O|  |TAMS 0x0000000707400000, 0x0000000707200000| Untracked 
|  58|0x0000000707400000, 0x0000000707600000, 0x0000000707600000|100%| O|  |TAMS 0x0000000707600000, 0x0000000707400000| Untracked 
|  59|0x0000000707600000, 0x0000000707800000, 0x0000000707800000|100%| O|  |TAMS 0x0000000707800000, 0x0000000707600000| Untracked 
|  60|0x0000000707800000, 0x0000000707a00000, 0x0000000707a00000|100%| O|  |TAMS 0x0000000707a00000, 0x0000000707800000| Untracked 
|  61|0x0000000707a00000, 0x0000000707c00000, 0x0000000707c00000|100%| O|  |TAMS 0x0000000707c00000, 0x0000000707a00000| Untracked 
|  62|0x0000000707c00000, 0x0000000707e00000, 0x0000000707e00000|100%| O|  |TAMS 0x0000000707c00000, 0x0000000707c00000| Untracked 
|  63|0x0000000707e00000, 0x0000000708000000, 0x0000000708000000|100%| O|  |TAMS 0x0000000708000000, 0x0000000707e00000| Untracked 
|  64|0x0000000708000000, 0x0000000708200000, 0x0000000708200000|100%| O|  |TAMS 0x0000000708000000, 0x0000000708000000| Untracked 
|  65|0x0000000708200000, 0x0000000708400000, 0x0000000708400000|100%| O|  |TAMS 0x0000000708400000, 0x0000000708200000| Untracked 
|  66|0x0000000708400000, 0x0000000708600000, 0x0000000708600000|100%| O|  |TAMS 0x0000000708600000, 0x0000000708400000| Untracked 
|  67|0x0000000708600000, 0x0000000708800000, 0x0000000708800000|100%| O|  |TAMS 0x0000000708800000, 0x0000000708600000| Untracked 
|  68|0x0000000708800000, 0x0000000708a00000, 0x0000000708a00000|100%| O|  |TAMS 0x0000000708a00000, 0x0000000708800000| Untracked 
|  69|0x0000000708a00000, 0x0000000708c00000, 0x0000000708c00000|100%| O|  |TAMS 0x0000000708c00000, 0x0000000708a00000| Untracked 
|  70|0x0000000708c00000, 0x0000000708e00000, 0x0000000708e00000|100%| O|  |TAMS 0x0000000708e00000, 0x0000000708c00000| Untracked 
|  71|0x0000000708e00000, 0x0000000709000000, 0x0000000709000000|100%| O|  |TAMS 0x0000000709000000, 0x0000000708e00000| Untracked 
|  72|0x0000000709000000, 0x0000000709200000, 0x0000000709200000|100%| O|  |TAMS 0x0000000709200000, 0x0000000709000000| Untracked 
|  73|0x0000000709200000, 0x0000000709400000, 0x0000000709400000|100%| O|  |TAMS 0x0000000709400000, 0x0000000709200000| Untracked 
|  74|0x0000000709400000, 0x0000000709600000, 0x0000000709600000|100%| O|  |TAMS 0x0000000709600000, 0x0000000709400000| Untracked 
|  75|0x0000000709600000, 0x0000000709800000, 0x0000000709800000|100%| O|  |TAMS 0x0000000709800000, 0x0000000709600000| Untracked 
|  76|0x0000000709800000, 0x0000000709a00000, 0x0000000709a00000|100%| O|  |TAMS 0x0000000709a00000, 0x0000000709800000| Untracked 
|  77|0x0000000709a00000, 0x0000000709c00000, 0x0000000709c00000|100%| O|  |TAMS 0x0000000709c00000, 0x0000000709a00000| Untracked 
|  78|0x0000000709c00000, 0x0000000709e00000, 0x0000000709e00000|100%| O|  |TAMS 0x0000000709e00000, 0x0000000709c00000| Untracked 
|  79|0x0000000709e00000, 0x000000070a000000, 0x000000070a000000|100%| O|  |TAMS 0x000000070a000000, 0x0000000709e00000| Untracked 
|  80|0x000000070a000000, 0x000000070a200000, 0x000000070a200000|100%| O|  |TAMS 0x000000070a200000, 0x000000070a000000| Untracked 
|  81|0x000000070a200000, 0x000000070a400000, 0x000000070a400000|100%| O|  |TAMS 0x000000070a400000, 0x000000070a200000| Untracked 
|  82|0x000000070a400000, 0x000000070a600000, 0x000000070a600000|100%| O|  |TAMS 0x000000070a600000, 0x000000070a400000| Untracked 
|  83|0x000000070a600000, 0x000000070a800000, 0x000000070a800000|100%| O|  |TAMS 0x000000070a800000, 0x000000070a600000| Untracked 
|  84|0x000000070a800000, 0x000000070aa00000, 0x000000070aa00000|100%| O|  |TAMS 0x000000070aa00000, 0x000000070a800000| Untracked 
|  85|0x000000070aa00000, 0x000000070ac00000, 0x000000070ac00000|100%| O|  |TAMS 0x000000070ac00000, 0x000000070aa00000| Untracked 
|  86|0x000000070ac00000, 0x000000070ae00000, 0x000000070ae00000|100%| O|  |TAMS 0x000000070ae00000, 0x000000070ac00000| Untracked 
|  87|0x000000070ae00000, 0x000000070b000000, 0x000000070b000000|100%| O|  |TAMS 0x000000070b000000, 0x000000070ae00000| Untracked 
|  88|0x000000070b000000, 0x000000070b200000, 0x000000070b200000|100%| O|  |TAMS 0x000000070b200000, 0x000000070b000000| Untracked 
|  89|0x000000070b200000, 0x000000070b400000, 0x000000070b400000|100%| O|  |TAMS 0x000000070b200000, 0x000000070b200000| Untracked 
|  90|0x000000070b400000, 0x000000070b600000, 0x000000070b600000|100%| O|  |TAMS 0x000000070b600000, 0x000000070b400000| Untracked 
|  91|0x000000070b600000, 0x000000070b800000, 0x000000070b800000|100%| O|  |TAMS 0x000000070b800000, 0x000000070b600000| Untracked 
|  92|0x000000070b800000, 0x000000070ba00000, 0x000000070ba00000|100%| O|  |TAMS 0x000000070ba00000, 0x000000070b800000| Untracked 
|  93|0x000000070ba00000, 0x000000070bc00000, 0x000000070bc00000|100%| O|  |TAMS 0x000000070bc00000, 0x000000070ba00000| Untracked 
|  94|0x000000070bc00000, 0x000000070be00000, 0x000000070be00000|100%| O|  |TAMS 0x000000070be00000, 0x000000070bc00000| Untracked 
|  95|0x000000070be00000, 0x000000070c000000, 0x000000070c000000|100%| O|  |TAMS 0x000000070c000000, 0x000000070be00000| Untracked 
|  96|0x000000070c000000, 0x000000070c200000, 0x000000070c200000|100%| O|  |TAMS 0x000000070c200000, 0x000000070c000000| Untracked 
|  97|0x000000070c200000, 0x000000070c400000, 0x000000070c400000|100%| O|  |TAMS 0x000000070c400000, 0x000000070c200000| Untracked 
|  98|0x000000070c400000, 0x000000070c600000, 0x000000070c600000|100%|HS|  |TAMS 0x000000070c600000, 0x000000070c400000| Complete 
|  99|0x000000070c600000, 0x000000070c800000, 0x000000070c800000|100%| O|  |TAMS 0x000000070c800000, 0x000000070c600000| Untracked 
| 100|0x000000070c800000, 0x000000070ca00000, 0x000000070ca00000|100%| O|  |TAMS 0x000000070c800000, 0x000000070c800000| Untracked 
| 101|0x000000070ca00000, 0x000000070cc00000, 0x000000070cc00000|100%| O|  |TAMS 0x000000070cc00000, 0x000000070ca00000| Untracked 
| 102|0x000000070cc00000, 0x000000070ce00000, 0x000000070ce00000|100%| O|  |TAMS 0x000000070ce00000, 0x000000070cc00000| Untracked 
| 103|0x000000070ce00000, 0x000000070d000000, 0x000000070d000000|100%| O|  |TAMS 0x000000070d000000, 0x000000070ce00000| Untracked 
| 104|0x000000070d000000, 0x000000070d200000, 0x000000070d200000|100%| O|  |TAMS 0x000000070d200000, 0x000000070d000000| Untracked 
| 105|0x000000070d200000, 0x000000070d400000, 0x000000070d400000|100%| O|  |TAMS 0x000000070d400000, 0x000000070d200000| Untracked 
| 106|0x000000070d400000, 0x000000070d600000, 0x000000070d600000|100%| O|  |TAMS 0x000000070d600000, 0x000000070d400000| Untracked 
| 107|0x000000070d600000, 0x000000070d800000, 0x000000070d800000|100%| O|  |TAMS 0x000000070d600000, 0x000000070d600000| Untracked 
| 108|0x000000070d800000, 0x000000070da00000, 0x000000070da00000|100%|HS|  |TAMS 0x000000070da00000, 0x000000070d800000| Complete 
| 109|0x000000070da00000, 0x000000070dc00000, 0x000000070dc00000|100%|HS|  |TAMS 0x000000070dc00000, 0x000000070da00000| Complete 
| 110|0x000000070dc00000, 0x000000070de00000, 0x000000070de00000|100%| O|  |TAMS 0x000000070dc00000, 0x000000070dc00000| Untracked 
| 111|0x000000070de00000, 0x000000070e000000, 0x000000070e000000|100%| O|  |TAMS 0x000000070e000000, 0x000000070de00000| Untracked 
| 112|0x000000070e000000, 0x000000070e200000, 0x000000070e200000|100%| O|  |TAMS 0x000000070e200000, 0x000000070e000000| Untracked 
| 113|0x000000070e200000, 0x000000070e400000, 0x000000070e400000|100%| O|  |TAMS 0x000000070e400000, 0x000000070e200000| Untracked 
| 114|0x000000070e400000, 0x000000070e600000, 0x000000070e600000|100%| O|  |TAMS 0x000000070e400000, 0x000000070e400000| Untracked 
| 115|0x000000070e600000, 0x000000070e800000, 0x000000070e800000|100%| O|  |TAMS 0x000000070e800000, 0x000000070e600000| Untracked 
| 116|0x000000070e800000, 0x000000070ea00000, 0x000000070ea00000|100%| O|  |TAMS 0x000000070e800000, 0x000000070e800000| Untracked 
| 117|0x000000070ea00000, 0x000000070ec00000, 0x000000070ec00000|100%| O|  |TAMS 0x000000070ec00000, 0x000000070ea00000| Untracked 
| 118|0x000000070ec00000, 0x000000070ee00000, 0x000000070ee00000|100%| O|  |TAMS 0x000000070ec00000, 0x000000070ec00000| Untracked 
| 119|0x000000070ee00000, 0x000000070f000000, 0x000000070f000000|100%| O|  |TAMS 0x000000070ee00000, 0x000000070ee00000| Untracked 
| 120|0x000000070f000000, 0x000000070f200000, 0x000000070f200000|100%| O|  |TAMS 0x000000070f200000, 0x000000070f000000| Untracked 
| 121|0x000000070f200000, 0x000000070f400000, 0x000000070f400000|100%| O|  |TAMS 0x000000070f200000, 0x000000070f200000| Untracked 
| 122|0x000000070f400000, 0x000000070f600000, 0x000000070f600000|100%| O|  |TAMS 0x000000070f600000, 0x000000070f400000| Untracked 
| 123|0x000000070f600000, 0x000000070f800000, 0x000000070f800000|100%| O|  |TAMS 0x000000070f800000, 0x000000070f600000| Untracked 
| 124|0x000000070f800000, 0x000000070fa00000, 0x000000070fa00000|100%| O|  |TAMS 0x000000070fa00000, 0x000000070f800000| Untracked 
| 125|0x000000070fa00000, 0x000000070fc00000, 0x000000070fc00000|100%| O|  |TAMS 0x000000070fc00000, 0x000000070fa00000| Untracked 
| 126|0x000000070fc00000, 0x000000070fe00000, 0x000000070fe00000|100%| O|  |TAMS 0x000000070fe00000, 0x000000070fc00000| Untracked 
| 127|0x000000070fe00000, 0x0000000710000000, 0x0000000710000000|100%| O|  |TAMS 0x0000000710000000, 0x000000070fe00000| Untracked 
| 128|0x0000000710000000, 0x0000000710200000, 0x0000000710200000|100%| O|  |TAMS 0x0000000710000000, 0x0000000710000000| Untracked 
| 129|0x0000000710200000, 0x0000000710400000, 0x0000000710400000|100%| O|  |TAMS 0x0000000710400000, 0x0000000710200000| Untracked 
| 130|0x0000000710400000, 0x0000000710600000, 0x0000000710600000|100%| O|  |TAMS 0x0000000710600000, 0x0000000710400000| Untracked 
| 131|0x0000000710600000, 0x0000000710800000, 0x0000000710800000|100%| O|  |TAMS 0x0000000710800000, 0x0000000710600000| Untracked 
| 132|0x0000000710800000, 0x0000000710a00000, 0x0000000710a00000|100%| O|  |TAMS 0x0000000710a00000, 0x0000000710800000| Untracked 
| 133|0x0000000710a00000, 0x0000000710c00000, 0x0000000710c00000|100%| O|  |TAMS 0x0000000710a00000, 0x0000000710a00000| Untracked 
| 134|0x0000000710c00000, 0x0000000710e00000, 0x0000000710e00000|100%| O|  |TAMS 0x0000000710c00000, 0x0000000710c00000| Untracked 
| 135|0x0000000710e00000, 0x0000000711000000, 0x0000000711000000|100%| O|  |TAMS 0x0000000711000000, 0x0000000710e00000| Untracked 
| 136|0x0000000711000000, 0x0000000711200000, 0x0000000711200000|100%| O|  |TAMS 0x0000000711000000, 0x0000000711000000| Untracked 
| 137|0x0000000711200000, 0x0000000711400000, 0x0000000711400000|100%| O|  |TAMS 0x0000000711400000, 0x0000000711200000| Untracked 
| 138|0x0000000711400000, 0x0000000711600000, 0x0000000711600000|100%| O|  |TAMS 0x0000000711600000, 0x0000000711400000| Untracked 
| 139|0x0000000711600000, 0x0000000711800000, 0x0000000711800000|100%| O|  |TAMS 0x0000000711800000, 0x0000000711600000| Untracked 
| 140|0x0000000711800000, 0x0000000711a00000, 0x0000000711a00000|100%| O|  |TAMS 0x0000000711a00000, 0x0000000711800000| Untracked 
| 141|0x0000000711a00000, 0x0000000711c00000, 0x0000000711c00000|100%| O|  |TAMS 0x0000000711c00000, 0x0000000711a00000| Untracked 
| 142|0x0000000711c00000, 0x0000000711e00000, 0x0000000711e00000|100%| O|  |TAMS 0x0000000711c00000, 0x0000000711c00000| Untracked 
| 143|0x0000000711e00000, 0x0000000712000000, 0x0000000712000000|100%| O|  |TAMS 0x0000000711e00000, 0x0000000711e00000| Untracked 
| 144|0x0000000712000000, 0x0000000712200000, 0x0000000712200000|100%| O|  |TAMS 0x0000000712000000, 0x0000000712000000| Untracked 
| 145|0x0000000712200000, 0x0000000712400000, 0x0000000712400000|100%| O|  |TAMS 0x0000000712200000, 0x0000000712200000| Untracked 
| 146|0x0000000712400000, 0x0000000712600000, 0x0000000712600000|100%| O|  |TAMS 0x0000000712600000, 0x0000000712400000| Untracked 
| 147|0x0000000712600000, 0x0000000712800000, 0x0000000712800000|100%| O|  |TAMS 0x0000000712800000, 0x0000000712600000| Untracked 
| 148|0x0000000712800000, 0x0000000712a00000, 0x0000000712a00000|100%| O|  |TAMS 0x0000000712800000, 0x0000000712800000| Untracked 
| 149|0x0000000712a00000, 0x0000000712c00000, 0x0000000712c00000|100%| O|  |TAMS 0x0000000712c00000, 0x0000000712a00000| Untracked 
| 150|0x0000000712c00000, 0x0000000712e00000, 0x0000000712e00000|100%| O|  |TAMS 0x0000000712e00000, 0x0000000712c00000| Untracked 
| 151|0x0000000712e00000, 0x0000000713000000, 0x0000000713000000|100%| O|  |TAMS 0x0000000713000000, 0x0000000712e00000| Untracked 
| 152|0x0000000713000000, 0x0000000713200000, 0x0000000713200000|100%| O|  |TAMS 0x0000000713200000, 0x0000000713000000| Untracked 
| 153|0x0000000713200000, 0x0000000713400000, 0x0000000713400000|100%| O|  |TAMS 0x0000000713400000, 0x0000000713200000| Untracked 
| 154|0x0000000713400000, 0x0000000713600000, 0x0000000713600000|100%| O|  |TAMS 0x0000000713600000, 0x0000000713400000| Untracked 
| 155|0x0000000713600000, 0x0000000713800000, 0x0000000713800000|100%| O|  |TAMS 0x0000000713600000, 0x0000000713600000| Untracked 
| 156|0x0000000713800000, 0x0000000713a00000, 0x0000000713a00000|100%| O|  |TAMS 0x0000000713a00000, 0x0000000713800000| Untracked 
| 157|0x0000000713a00000, 0x0000000713c00000, 0x0000000713c00000|100%| O|  |TAMS 0x0000000713c00000, 0x0000000713a00000| Untracked 
| 158|0x0000000713c00000, 0x0000000713e00000, 0x0000000713e00000|100%| O|  |TAMS 0x0000000713e00000, 0x0000000713c00000| Untracked 
| 159|0x0000000713e00000, 0x0000000714000000, 0x0000000714000000|100%| O|  |TAMS 0x0000000714000000, 0x0000000713e00000| Untracked 
| 160|0x0000000714000000, 0x0000000714200000, 0x0000000714200000|100%| O|  |TAMS 0x0000000714200000, 0x0000000714000000| Untracked 
| 161|0x0000000714200000, 0x0000000714400000, 0x0000000714400000|100%| O|  |TAMS 0x0000000714400000, 0x0000000714200000| Untracked 
| 162|0x0000000714400000, 0x0000000714600000, 0x0000000714600000|100%| O|  |TAMS 0x0000000714600000, 0x0000000714400000| Untracked 
| 163|0x0000000714600000, 0x0000000714800000, 0x0000000714800000|100%| O|  |TAMS 0x0000000714800000, 0x0000000714600000| Untracked 
| 164|0x0000000714800000, 0x0000000714a00000, 0x0000000714a00000|100%| O|  |TAMS 0x0000000714a00000, 0x0000000714800000| Untracked 
| 165|0x0000000714a00000, 0x0000000714c00000, 0x0000000714c00000|100%| O|  |TAMS 0x0000000714c00000, 0x0000000714a00000| Untracked 
| 166|0x0000000714c00000, 0x0000000714e00000, 0x0000000714e00000|100%| O|  |TAMS 0x0000000714e00000, 0x0000000714c00000| Untracked 
| 167|0x0000000714e00000, 0x0000000715000000, 0x0000000715000000|100%| O|  |TAMS 0x0000000715000000, 0x0000000714e00000| Untracked 
| 168|0x0000000715000000, 0x0000000715200000, 0x0000000715200000|100%| O|  |TAMS 0x0000000715200000, 0x0000000715000000| Untracked 
| 169|0x0000000715200000, 0x0000000715400000, 0x0000000715400000|100%| O|  |TAMS 0x0000000715400000, 0x0000000715200000| Untracked 
| 170|0x0000000715400000, 0x0000000715600000, 0x0000000715600000|100%| O|  |TAMS 0x0000000715600000, 0x0000000715400000| Untracked 
| 171|0x0000000715600000, 0x0000000715800000, 0x0000000715800000|100%| O|  |TAMS 0x0000000715800000, 0x0000000715600000| Untracked 
| 172|0x0000000715800000, 0x0000000715a00000, 0x0000000715a00000|100%| O|  |TAMS 0x0000000715a00000, 0x0000000715800000| Untracked 
| 173|0x0000000715a00000, 0x0000000715c00000, 0x0000000715c00000|100%| O|  |TAMS 0x0000000715a00000, 0x0000000715a00000| Untracked 
| 174|0x0000000715c00000, 0x0000000715e00000, 0x0000000715e00000|100%| O|  |TAMS 0x0000000715e00000, 0x0000000715c00000| Untracked 
| 175|0x0000000715e00000, 0x0000000716000000, 0x0000000716000000|100%| O|  |TAMS 0x0000000716000000, 0x0000000715e00000| Untracked 
| 176|0x0000000716000000, 0x0000000716200000, 0x0000000716200000|100%| O|  |TAMS 0x0000000716200000, 0x0000000716000000| Untracked 
| 177|0x0000000716200000, 0x0000000716400000, 0x0000000716400000|100%| O|  |TAMS 0x0000000716400000, 0x0000000716200000| Untracked 
| 178|0x0000000716400000, 0x0000000716600000, 0x0000000716600000|100%| O|  |TAMS 0x0000000716600000, 0x0000000716400000| Untracked 
| 179|0x0000000716600000, 0x0000000716800000, 0x0000000716800000|100%| O|  |TAMS 0x0000000716800000, 0x0000000716600000| Untracked 
| 180|0x0000000716800000, 0x0000000716a00000, 0x0000000716a00000|100%| O|  |TAMS 0x0000000716a00000, 0x0000000716800000| Untracked 
| 181|0x0000000716a00000, 0x0000000716c00000, 0x0000000716c00000|100%| O|  |TAMS 0x0000000716c00000, 0x0000000716a00000| Untracked 
| 182|0x0000000716c00000, 0x0000000716e00000, 0x0000000716e00000|100%| O|  |TAMS 0x0000000716e00000, 0x0000000716c00000| Untracked 
| 183|0x0000000716e00000, 0x0000000717000000, 0x0000000717000000|100%| O|  |TAMS 0x0000000717000000, 0x0000000716e00000| Untracked 
| 184|0x0000000717000000, 0x0000000717200000, 0x0000000717200000|100%| O|  |TAMS 0x0000000717200000, 0x0000000717000000| Untracked 
| 185|0x0000000717200000, 0x0000000717400000, 0x0000000717400000|100%| O|  |TAMS 0x0000000717200000, 0x0000000717200000| Untracked 
| 186|0x0000000717400000, 0x0000000717600000, 0x0000000717600000|100%| O|  |TAMS 0x0000000717600000, 0x0000000717400000| Untracked 
| 187|0x0000000717600000, 0x0000000717800000, 0x0000000717800000|100%| O|  |TAMS 0x0000000717800000, 0x0000000717600000| Untracked 
| 188|0x0000000717800000, 0x0000000717a00000, 0x0000000717a00000|100%| O|  |TAMS 0x0000000717a00000, 0x0000000717800000| Untracked 
| 189|0x0000000717a00000, 0x0000000717c00000, 0x0000000717c00000|100%| O|  |TAMS 0x0000000717c00000, 0x0000000717a00000| Untracked 
| 190|0x0000000717c00000, 0x0000000717e00000, 0x0000000717e00000|100%| O|  |TAMS 0x0000000717c00000, 0x0000000717c00000| Untracked 
| 191|0x0000000717e00000, 0x0000000718000000, 0x0000000718000000|100%| O|  |TAMS 0x0000000718000000, 0x0000000717e00000| Untracked 
| 192|0x0000000718000000, 0x0000000718200000, 0x0000000718200000|100%| O|  |TAMS 0x0000000718200000, 0x0000000718000000| Untracked 
| 193|0x0000000718200000, 0x0000000718400000, 0x0000000718400000|100%| O|  |TAMS 0x0000000718400000, 0x0000000718200000| Untracked 
| 194|0x0000000718400000, 0x0000000718600000, 0x0000000718600000|100%| O|  |TAMS 0x0000000718600000, 0x0000000718400000| Untracked 
| 195|0x0000000718600000, 0x0000000718800000, 0x0000000718800000|100%| O|  |TAMS 0x0000000718800000, 0x0000000718600000| Untracked 
| 196|0x0000000718800000, 0x0000000718a00000, 0x0000000718a00000|100%| O|  |TAMS 0x0000000718a00000, 0x0000000718800000| Untracked 
| 197|0x0000000718a00000, 0x0000000718c00000, 0x0000000718c00000|100%| O|  |TAMS 0x0000000718a00000, 0x0000000718a00000| Untracked 
| 198|0x0000000718c00000, 0x0000000718e00000, 0x0000000718e00000|100%| O|  |TAMS 0x0000000718e00000, 0x0000000718c00000| Untracked 
| 199|0x0000000718e00000, 0x0000000719000000, 0x0000000719000000|100%| O|  |TAMS 0x0000000719000000, 0x0000000718e00000| Untracked 
| 200|0x0000000719000000, 0x0000000719200000, 0x0000000719200000|100%| O|  |TAMS 0x0000000719200000, 0x0000000719000000| Untracked 
| 201|0x0000000719200000, 0x0000000719400000, 0x0000000719400000|100%| O|  |TAMS 0x0000000719200000, 0x0000000719200000| Untracked 
| 202|0x0000000719400000, 0x0000000719600000, 0x0000000719600000|100%| O|  |TAMS 0x0000000719600000, 0x0000000719400000| Untracked 
| 203|0x0000000719600000, 0x0000000719800000, 0x0000000719800000|100%| O|  |TAMS 0x0000000719800000, 0x0000000719600000| Untracked 
| 204|0x0000000719800000, 0x0000000719a00000, 0x0000000719a00000|100%| O|  |TAMS 0x0000000719a00000, 0x0000000719800000| Untracked 
| 205|0x0000000719a00000, 0x0000000719c00000, 0x0000000719c00000|100%| O|  |TAMS 0x0000000719c00000, 0x0000000719a00000| Untracked 
| 206|0x0000000719c00000, 0x0000000719e00000, 0x0000000719e00000|100%| O|  |TAMS 0x0000000719e00000, 0x0000000719c00000| Untracked 
| 207|0x0000000719e00000, 0x000000071a000000, 0x000000071a000000|100%| O|  |TAMS 0x000000071a000000, 0x0000000719e00000| Untracked 
| 208|0x000000071a000000, 0x000000071a200000, 0x000000071a200000|100%| O|  |TAMS 0x000000071a200000, 0x000000071a000000| Untracked 
| 209|0x000000071a200000, 0x000000071a400000, 0x000000071a400000|100%| O|  |TAMS 0x000000071a400000, 0x000000071a200000| Untracked 
| 210|0x000000071a400000, 0x000000071a600000, 0x000000071a600000|100%| O|  |TAMS 0x000000071a600000, 0x000000071a400000| Untracked 
| 211|0x000000071a600000, 0x000000071a800000, 0x000000071a800000|100%| O|  |TAMS 0x000000071a800000, 0x000000071a600000| Untracked 
| 212|0x000000071a800000, 0x000000071aa00000, 0x000000071aa00000|100%| O|  |TAMS 0x000000071aa00000, 0x000000071a800000| Untracked 
| 213|0x000000071aa00000, 0x000000071ac00000, 0x000000071ac00000|100%| O|  |TAMS 0x000000071ac00000, 0x000000071aa00000| Untracked 
| 214|0x000000071ac00000, 0x000000071ae00000, 0x000000071ae00000|100%| O|  |TAMS 0x000000071ae00000, 0x000000071ac00000| Untracked 
| 215|0x000000071ae00000, 0x000000071b000000, 0x000000071b000000|100%| O|  |TAMS 0x000000071b000000, 0x000000071ae00000| Untracked 
| 216|0x000000071b000000, 0x000000071b200000, 0x000000071b200000|100%| O|  |TAMS 0x000000071b200000, 0x000000071b000000| Untracked 
| 217|0x000000071b200000, 0x000000071b400000, 0x000000071b400000|100%| O|  |TAMS 0x000000071b400000, 0x000000071b200000| Untracked 
| 218|0x000000071b400000, 0x000000071b600000, 0x000000071b600000|100%| O|  |TAMS 0x000000071b600000, 0x000000071b400000| Untracked 
| 219|0x000000071b600000, 0x000000071b800000, 0x000000071b800000|100%| O|  |TAMS 0x000000071b7ed400, 0x000000071b600000| Untracked 
| 220|0x000000071b800000, 0x000000071ba00000, 0x000000071ba00000|100%| O|  |TAMS 0x000000071b800000, 0x000000071b800000| Untracked 
| 221|0x000000071ba00000, 0x000000071bc00000, 0x000000071bc00000|100%| O|  |TAMS 0x000000071ba00000, 0x000000071ba00000| Untracked 
| 222|0x000000071bc00000, 0x000000071be00000, 0x000000071be00000|100%| O|  |TAMS 0x000000071bc00000, 0x000000071bc00000| Untracked 
| 223|0x000000071be00000, 0x000000071c000000, 0x000000071c000000|100%| O|  |TAMS 0x000000071be00000, 0x000000071be00000| Untracked 
| 224|0x000000071c000000, 0x000000071c200000, 0x000000071c200000|100%| O|  |TAMS 0x000000071c000000, 0x000000071c000000| Untracked 
| 225|0x000000071c200000, 0x000000071c400000, 0x000000071c400000|100%| O|  |TAMS 0x000000071c200000, 0x000000071c200000| Untracked 
| 226|0x000000071c400000, 0x000000071c600000, 0x000000071c600000|100%| O|  |TAMS 0x000000071c400000, 0x000000071c400000| Untracked 
| 227|0x000000071c600000, 0x000000071c800000, 0x000000071c800000|100%| O|  |TAMS 0x000000071c600000, 0x000000071c600000| Untracked 
| 228|0x000000071c800000, 0x000000071ca00000, 0x000000071ca00000|100%| O|  |TAMS 0x000000071c800000, 0x000000071c800000| Untracked 
| 229|0x000000071ca00000, 0x000000071cc00000, 0x000000071cc00000|100%| O|  |TAMS 0x000000071ca00000, 0x000000071ca00000| Untracked 
| 230|0x000000071cc00000, 0x000000071ce00000, 0x000000071ce00000|100%| O|  |TAMS 0x000000071cc00000, 0x000000071cc00000| Untracked 
| 231|0x000000071ce00000, 0x000000071d000000, 0x000000071d000000|100%| O|  |TAMS 0x000000071ce00000, 0x000000071ce00000| Untracked 
| 232|0x000000071d000000, 0x000000071d200000, 0x000000071d200000|100%| O|  |TAMS 0x000000071d000000, 0x000000071d000000| Untracked 
| 233|0x000000071d200000, 0x000000071d400000, 0x000000071d400000|100%| O|  |TAMS 0x000000071d200000, 0x000000071d200000| Untracked 
| 234|0x000000071d400000, 0x000000071d600000, 0x000000071d600000|100%| O|  |TAMS 0x000000071d400000, 0x000000071d400000| Untracked 
| 235|0x000000071d600000, 0x000000071d800000, 0x000000071d800000|100%| O|  |TAMS 0x000000071d600000, 0x000000071d600000| Untracked 
| 236|0x000000071d800000, 0x000000071da00000, 0x000000071da00000|100%| O|  |TAMS 0x000000071d800000, 0x000000071d800000| Untracked 
| 237|0x000000071da00000, 0x000000071dc00000, 0x000000071dc00000|100%| O|  |TAMS 0x000000071da00000, 0x000000071da00000| Untracked 
| 238|0x000000071dc00000, 0x000000071de00000, 0x000000071de00000|100%| O|  |TAMS 0x000000071dc00000, 0x000000071dc00000| Untracked 
| 239|0x000000071de00000, 0x000000071e000000, 0x000000071e000000|100%| O|  |TAMS 0x000000071de00000, 0x000000071de00000| Untracked 
| 240|0x000000071e000000, 0x000000071e200000, 0x000000071e200000|100%| O|  |TAMS 0x000000071e000000, 0x000000071e000000| Untracked 
| 241|0x000000071e200000, 0x000000071e400000, 0x000000071e400000|100%| O|  |TAMS 0x000000071e200000, 0x000000071e200000| Untracked 
| 242|0x000000071e400000, 0x000000071e600000, 0x000000071e600000|100%| O|  |TAMS 0x000000071e400000, 0x000000071e400000| Untracked 
| 243|0x000000071e600000, 0x000000071e800000, 0x000000071e800000|100%| O|  |TAMS 0x000000071e600000, 0x000000071e600000| Untracked 
| 244|0x000000071e800000, 0x000000071ea00000, 0x000000071ea00000|100%| O|  |TAMS 0x000000071e800000, 0x000000071e800000| Untracked 
| 245|0x000000071ea00000, 0x000000071ec00000, 0x000000071ec00000|100%| O|  |TAMS 0x000000071ea00000, 0x000000071ea00000| Untracked 
| 246|0x000000071ec00000, 0x000000071ee00000, 0x000000071ee00000|100%| O|  |TAMS 0x000000071ec00000, 0x000000071ec00000| Untracked 
| 247|0x000000071ee00000, 0x000000071f000000, 0x000000071f000000|100%| O|  |TAMS 0x000000071ee00000, 0x000000071ee00000| Untracked 
| 248|0x000000071f000000, 0x000000071f200000, 0x000000071f200000|100%| O|  |TAMS 0x000000071f000000, 0x000000071f000000| Untracked 
| 249|0x000000071f200000, 0x000000071f400000, 0x000000071f400000|100%| O|  |TAMS 0x000000071f200000, 0x000000071f200000| Untracked 
| 250|0x000000071f400000, 0x000000071f600000, 0x000000071f600000|100%| O|  |TAMS 0x000000071f400000, 0x000000071f400000| Untracked 
| 251|0x000000071f600000, 0x000000071f800000, 0x000000071f800000|100%| O|  |TAMS 0x000000071f600000, 0x000000071f600000| Untracked 
| 252|0x000000071f800000, 0x000000071fa00000, 0x000000071fa00000|100%| O|  |TAMS 0x000000071f800000, 0x000000071f800000| Untracked 
| 253|0x000000071fa00000, 0x000000071fc00000, 0x000000071fc00000|100%| O|  |TAMS 0x000000071fa00000, 0x000000071fa00000| Untracked 
| 254|0x000000071fc00000, 0x000000071fe00000, 0x000000071fe00000|100%| O|  |TAMS 0x000000071fc00000, 0x000000071fc00000| Untracked 
| 255|0x000000071fe00000, 0x0000000720000000, 0x0000000720000000|100%| O|  |TAMS 0x000000071fe00000, 0x000000071fe00000| Untracked 
| 256|0x0000000720000000, 0x0000000720200000, 0x0000000720200000|100%| O|  |TAMS 0x0000000720000000, 0x0000000720000000| Untracked 
| 257|0x0000000720200000, 0x0000000720400000, 0x0000000720400000|100%| O|  |TAMS 0x0000000720200000, 0x0000000720200000| Untracked 
| 258|0x0000000720400000, 0x0000000720600000, 0x0000000720600000|100%| O|  |TAMS 0x0000000720400000, 0x0000000720400000| Untracked 
| 259|0x0000000720600000, 0x0000000720800000, 0x0000000720800000|100%| O|  |TAMS 0x0000000720600000, 0x0000000720600000| Untracked 
| 260|0x0000000720800000, 0x0000000720a00000, 0x0000000720a00000|100%| O|  |TAMS 0x0000000720800000, 0x0000000720800000| Untracked 
| 261|0x0000000720a00000, 0x0000000720c00000, 0x0000000720c00000|100%| O|  |TAMS 0x0000000720a00000, 0x0000000720a00000| Untracked 
| 262|0x0000000720c00000, 0x0000000720e00000, 0x0000000720e00000|100%| O|  |TAMS 0x0000000720c00000, 0x0000000720c00000| Untracked 
| 263|0x0000000720e00000, 0x0000000721000000, 0x0000000721000000|100%| O|  |TAMS 0x0000000720e00000, 0x0000000720e00000| Untracked 
| 264|0x0000000721000000, 0x0000000721200000, 0x0000000721200000|100%| O|  |TAMS 0x0000000721000000, 0x0000000721000000| Untracked 
| 265|0x0000000721200000, 0x0000000721400000, 0x0000000721400000|100%| O|  |TAMS 0x0000000721200000, 0x0000000721200000| Untracked 
| 266|0x0000000721400000, 0x0000000721600000, 0x0000000721600000|100%|HS|  |TAMS 0x0000000721400000, 0x0000000721400000| Complete 
| 267|0x0000000721600000, 0x0000000721800000, 0x0000000721800000|100%| O|  |TAMS 0x0000000721600000, 0x0000000721600000| Untracked 
| 268|0x0000000721800000, 0x0000000721a00000, 0x0000000721a00000|100%| O|  |TAMS 0x0000000721800000, 0x0000000721800000| Untracked 
| 269|0x0000000721a00000, 0x0000000721c00000, 0x0000000721c00000|100%| O|  |TAMS 0x0000000721a00000, 0x0000000721a00000| Untracked 
| 270|0x0000000721c00000, 0x0000000721e00000, 0x0000000721e00000|100%| O|  |TAMS 0x0000000721c00000, 0x0000000721c00000| Untracked 
| 271|0x0000000721e00000, 0x0000000722000000, 0x0000000722000000|100%| O|  |TAMS 0x0000000721e00000, 0x0000000721e00000| Untracked 
| 272|0x0000000722000000, 0x0000000722200000, 0x0000000722200000|100%| O|  |TAMS 0x0000000722000000, 0x0000000722000000| Untracked 
| 273|0x0000000722200000, 0x0000000722400000, 0x0000000722400000|100%| O|  |TAMS 0x0000000722200000, 0x0000000722200000| Untracked 
| 274|0x0000000722400000, 0x0000000722600000, 0x0000000722600000|100%| O|  |TAMS 0x0000000722400000, 0x0000000722400000| Untracked 
| 275|0x0000000722600000, 0x0000000722800000, 0x0000000722800000|100%| O|  |TAMS 0x0000000722600000, 0x0000000722600000| Untracked 
| 276|0x0000000722800000, 0x0000000722a00000, 0x0000000722a00000|100%| O|  |TAMS 0x0000000722800000, 0x0000000722800000| Untracked 
| 277|0x0000000722a00000, 0x0000000722c00000, 0x0000000722c00000|100%| O|  |TAMS 0x0000000722a00000, 0x0000000722a00000| Untracked 
| 278|0x0000000722c00000, 0x0000000722e00000, 0x0000000722e00000|100%| O|  |TAMS 0x0000000722c00000, 0x0000000722c00000| Untracked 
| 279|0x0000000722e00000, 0x0000000723000000, 0x0000000723000000|100%| O|  |TAMS 0x0000000722e00000, 0x0000000722e00000| Untracked 
| 280|0x0000000723000000, 0x0000000723200000, 0x0000000723200000|100%| O|  |TAMS 0x0000000723000000, 0x0000000723000000| Untracked 
| 281|0x0000000723200000, 0x0000000723400000, 0x0000000723400000|100%| O|  |TAMS 0x0000000723200000, 0x0000000723200000| Untracked 
| 282|0x0000000723400000, 0x0000000723600000, 0x0000000723600000|100%| O|  |TAMS 0x0000000723400000, 0x0000000723400000| Untracked 
| 283|0x0000000723600000, 0x0000000723800000, 0x0000000723800000|100%| O|  |TAMS 0x0000000723600000, 0x0000000723600000| Untracked 
| 284|0x0000000723800000, 0x0000000723a00000, 0x0000000723a00000|100%| O|  |TAMS 0x0000000723800000, 0x0000000723800000| Untracked 
| 285|0x0000000723a00000, 0x0000000723c00000, 0x0000000723c00000|100%| O|  |TAMS 0x0000000723a00000, 0x0000000723a00000| Untracked 
| 286|0x0000000723c00000, 0x0000000723e00000, 0x0000000723e00000|100%| O|  |TAMS 0x0000000723c00000, 0x0000000723c00000| Untracked 
| 287|0x0000000723e00000, 0x0000000724000000, 0x0000000724000000|100%| O|  |TAMS 0x0000000723e00000, 0x0000000723e00000| Untracked 
| 288|0x0000000724000000, 0x0000000724159200, 0x0000000724200000| 67%| O|  |TAMS 0x0000000724000000, 0x0000000724000000| Untracked 
| 289|0x0000000724200000, 0x0000000724200000, 0x0000000724400000|  0%| F|  |TAMS 0x0000000724200000, 0x0000000724200000| Untracked 
| 290|0x0000000724400000, 0x0000000724400000, 0x0000000724600000|  0%| F|  |TAMS 0x0000000724400000, 0x0000000724400000| Untracked 
| 291|0x0000000724600000, 0x0000000724600000, 0x0000000724800000|  0%| F|  |TAMS 0x0000000724600000, 0x0000000724600000| Untracked 
| 292|0x0000000724800000, 0x0000000724800000, 0x0000000724a00000|  0%| F|  |TAMS 0x0000000724800000, 0x0000000724800000| Untracked 
| 293|0x0000000724a00000, 0x0000000724a00000, 0x0000000724c00000|  0%| F|  |TAMS 0x0000000724a00000, 0x0000000724a00000| Untracked 
| 294|0x0000000724c00000, 0x0000000724c00000, 0x0000000724e00000|  0%| F|  |TAMS 0x0000000724c00000, 0x0000000724c00000| Untracked 
| 295|0x0000000724e00000, 0x0000000724e00000, 0x0000000725000000|  0%| F|  |TAMS 0x0000000724e00000, 0x0000000724e00000| Untracked 
| 296|0x0000000725000000, 0x0000000725000000, 0x0000000725200000|  0%| F|  |TAMS 0x0000000725000000, 0x0000000725000000| Untracked 
| 297|0x0000000725200000, 0x0000000725200000, 0x0000000725400000|  0%| F|  |TAMS 0x0000000725200000, 0x0000000725200000| Untracked 
| 298|0x0000000725400000, 0x0000000725400000, 0x0000000725600000|  0%| F|  |TAMS 0x0000000725400000, 0x0000000725400000| Untracked 
| 299|0x0000000725600000, 0x0000000725600000, 0x0000000725800000|  0%| F|  |TAMS 0x0000000725600000, 0x0000000725600000| Untracked 
| 300|0x0000000725800000, 0x0000000725800000, 0x0000000725a00000|  0%| F|  |TAMS 0x0000000725800000, 0x0000000725800000| Untracked 
| 301|0x0000000725a00000, 0x0000000725a00000, 0x0000000725c00000|  0%| F|  |TAMS 0x0000000725a00000, 0x0000000725a00000| Untracked 
| 302|0x0000000725c00000, 0x0000000725c00000, 0x0000000725e00000|  0%| F|  |TAMS 0x0000000725c00000, 0x0000000725c00000| Untracked 
| 303|0x0000000725e00000, 0x0000000725e00000, 0x0000000726000000|  0%| F|  |TAMS 0x0000000725e00000, 0x0000000725e00000| Untracked 
| 304|0x0000000726000000, 0x0000000726000000, 0x0000000726200000|  0%| F|  |TAMS 0x0000000726000000, 0x0000000726000000| Untracked 
| 305|0x0000000726200000, 0x0000000726200000, 0x0000000726400000|  0%| F|  |TAMS 0x0000000726200000, 0x0000000726200000| Untracked 
| 306|0x0000000726400000, 0x0000000726400000, 0x0000000726600000|  0%| F|  |TAMS 0x0000000726400000, 0x0000000726400000| Untracked 
| 307|0x0000000726600000, 0x0000000726600000, 0x0000000726800000|  0%| F|  |TAMS 0x0000000726600000, 0x0000000726600000| Untracked 
| 308|0x0000000726800000, 0x0000000726800000, 0x0000000726a00000|  0%| F|  |TAMS 0x0000000726800000, 0x0000000726800000| Untracked 
| 309|0x0000000726a00000, 0x0000000726a00000, 0x0000000726c00000|  0%| F|  |TAMS 0x0000000726a00000, 0x0000000726a00000| Untracked 
| 310|0x0000000726c00000, 0x0000000726c00000, 0x0000000726e00000|  0%| F|  |TAMS 0x0000000726c00000, 0x0000000726c00000| Untracked 
| 311|0x0000000726e00000, 0x0000000726e00000, 0x0000000727000000|  0%| F|  |TAMS 0x0000000726e00000, 0x0000000726e00000| Untracked 
| 312|0x0000000727000000, 0x0000000727000000, 0x0000000727200000|  0%| F|  |TAMS 0x0000000727000000, 0x0000000727000000| Untracked 
| 313|0x0000000727200000, 0x0000000727200000, 0x0000000727400000|  0%| F|  |TAMS 0x0000000727200000, 0x0000000727200000| Untracked 
| 314|0x0000000727400000, 0x0000000727400000, 0x0000000727600000|  0%| F|  |TAMS 0x0000000727400000, 0x0000000727400000| Untracked 
| 315|0x0000000727600000, 0x0000000727600000, 0x0000000727800000|  0%| F|  |TAMS 0x0000000727600000, 0x0000000727600000| Untracked 
| 316|0x0000000727800000, 0x0000000727800000, 0x0000000727a00000|  0%| F|  |TAMS 0x0000000727800000, 0x0000000727800000| Untracked 
| 317|0x0000000727a00000, 0x0000000727a00000, 0x0000000727c00000|  0%| F|  |TAMS 0x0000000727a00000, 0x0000000727a00000| Untracked 
| 318|0x0000000727c00000, 0x0000000727c00000, 0x0000000727e00000|  0%| F|  |TAMS 0x0000000727c00000, 0x0000000727c00000| Untracked 
| 319|0x0000000727e00000, 0x0000000727e00000, 0x0000000728000000|  0%| F|  |TAMS 0x0000000727e00000, 0x0000000727e00000| Untracked 
| 320|0x0000000728000000, 0x0000000728000000, 0x0000000728200000|  0%| F|  |TAMS 0x0000000728000000, 0x0000000728000000| Untracked 
| 321|0x0000000728200000, 0x0000000728200000, 0x0000000728400000|  0%| F|  |TAMS 0x0000000728200000, 0x0000000728200000| Untracked 
| 322|0x0000000728400000, 0x0000000728400000, 0x0000000728600000|  0%| F|  |TAMS 0x0000000728400000, 0x0000000728400000| Untracked 
| 323|0x0000000728600000, 0x0000000728600000, 0x0000000728800000|  0%| F|  |TAMS 0x0000000728600000, 0x0000000728600000| Untracked 
| 324|0x0000000728800000, 0x0000000728800000, 0x0000000728a00000|  0%| F|  |TAMS 0x0000000728800000, 0x0000000728800000| Untracked 
| 325|0x0000000728a00000, 0x0000000728a00000, 0x0000000728c00000|  0%| F|  |TAMS 0x0000000728a00000, 0x0000000728a00000| Untracked 
| 326|0x0000000728c00000, 0x0000000728c00000, 0x0000000728e00000|  0%| F|  |TAMS 0x0000000728c00000, 0x0000000728c00000| Untracked 
| 327|0x0000000728e00000, 0x0000000728e00000, 0x0000000729000000|  0%| F|  |TAMS 0x0000000728e00000, 0x0000000728e00000| Untracked 
| 328|0x0000000729000000, 0x0000000729000000, 0x0000000729200000|  0%| F|  |TAMS 0x0000000729000000, 0x0000000729000000| Untracked 
| 329|0x0000000729200000, 0x0000000729200000, 0x0000000729400000|  0%| F|  |TAMS 0x0000000729200000, 0x0000000729200000| Untracked 
| 330|0x0000000729400000, 0x00000007295c7078, 0x0000000729600000| 88%| S|CS|TAMS 0x0000000729400000, 0x0000000729400000| Complete 
| 331|0x0000000729600000, 0x0000000729600000, 0x0000000729800000|  0%| F|  |TAMS 0x0000000729600000, 0x0000000729600000| Untracked 
| 332|0x0000000729800000, 0x0000000729a00000, 0x0000000729a00000|100%| S|CS|TAMS 0x0000000729800000, 0x0000000729800000| Complete 
| 333|0x0000000729a00000, 0x0000000729a00000, 0x0000000729c00000|  0%| F|  |TAMS 0x0000000729a00000, 0x0000000729a00000| Untracked 
| 334|0x0000000729c00000, 0x0000000729c00000, 0x0000000729e00000|  0%| F|  |TAMS 0x0000000729c00000, 0x0000000729c00000| Untracked 
| 335|0x0000000729e00000, 0x0000000729e00000, 0x000000072a000000|  0%| F|  |TAMS 0x0000000729e00000, 0x0000000729e00000| Untracked 
| 336|0x000000072a000000, 0x000000072a000000, 0x000000072a200000|  0%| F|  |TAMS 0x000000072a000000, 0x000000072a000000| Untracked 
| 337|0x000000072a200000, 0x000000072a200000, 0x000000072a400000|  0%| F|  |TAMS 0x000000072a200000, 0x000000072a200000| Untracked 
| 338|0x000000072a400000, 0x000000072a400000, 0x000000072a600000|  0%| F|  |TAMS 0x000000072a400000, 0x000000072a400000| Untracked 
| 339|0x000000072a600000, 0x000000072a600000, 0x000000072a800000|  0%| F|  |TAMS 0x000000072a600000, 0x000000072a600000| Untracked 
| 340|0x000000072a800000, 0x000000072a800000, 0x000000072aa00000|  0%| F|  |TAMS 0x000000072a800000, 0x000000072a800000| Untracked 
| 341|0x000000072aa00000, 0x000000072aa00000, 0x000000072ac00000|  0%| F|  |TAMS 0x000000072aa00000, 0x000000072aa00000| Untracked 
| 342|0x000000072ac00000, 0x000000072ac00000, 0x000000072ae00000|  0%| F|  |TAMS 0x000000072ac00000, 0x000000072ac00000| Untracked 
| 343|0x000000072ae00000, 0x000000072ae00000, 0x000000072b000000|  0%| F|  |TAMS 0x000000072ae00000, 0x000000072ae00000| Untracked 
| 344|0x000000072b000000, 0x000000072b000000, 0x000000072b200000|  0%| F|  |TAMS 0x000000072b000000, 0x000000072b000000| Untracked 
| 345|0x000000072b200000, 0x000000072b200000, 0x000000072b400000|  0%| F|  |TAMS 0x000000072b200000, 0x000000072b200000| Untracked 
| 346|0x000000072b400000, 0x000000072b400000, 0x000000072b600000|  0%| F|  |TAMS 0x000000072b400000, 0x000000072b400000| Untracked 
| 347|0x000000072b600000, 0x000000072b600000, 0x000000072b800000|  0%| F|  |TAMS 0x000000072b600000, 0x000000072b600000| Untracked 
| 348|0x000000072b800000, 0x000000072b800000, 0x000000072ba00000|  0%| F|  |TAMS 0x000000072b800000, 0x000000072b800000| Untracked 
| 349|0x000000072ba00000, 0x000000072ba00000, 0x000000072bc00000|  0%| F|  |TAMS 0x000000072ba00000, 0x000000072ba00000| Untracked 
| 350|0x000000072bc00000, 0x000000072bc00000, 0x000000072be00000|  0%| F|  |TAMS 0x000000072bc00000, 0x000000072bc00000| Untracked 
| 351|0x000000072be00000, 0x000000072be00000, 0x000000072c000000|  0%| F|  |TAMS 0x000000072be00000, 0x000000072be00000| Untracked 
| 352|0x000000072c000000, 0x000000072c000000, 0x000000072c200000|  0%| F|  |TAMS 0x000000072c000000, 0x000000072c000000| Untracked 
| 353|0x000000072c200000, 0x000000072c200000, 0x000000072c400000|  0%| F|  |TAMS 0x000000072c200000, 0x000000072c200000| Untracked 
| 354|0x000000072c400000, 0x000000072c400000, 0x000000072c600000|  0%| F|  |TAMS 0x000000072c400000, 0x000000072c400000| Untracked 
| 355|0x000000072c600000, 0x000000072c600000, 0x000000072c800000|  0%| F|  |TAMS 0x000000072c600000, 0x000000072c600000| Untracked 
| 356|0x000000072c800000, 0x000000072c800000, 0x000000072ca00000|  0%| F|  |TAMS 0x000000072c800000, 0x000000072c800000| Untracked 
| 357|0x000000072ca00000, 0x000000072ca00000, 0x000000072cc00000|  0%| F|  |TAMS 0x000000072ca00000, 0x000000072ca00000| Untracked 
| 358|0x000000072cc00000, 0x000000072cc00000, 0x000000072ce00000|  0%| F|  |TAMS 0x000000072cc00000, 0x000000072cc00000| Untracked 
| 359|0x000000072ce00000, 0x000000072ce00000, 0x000000072d000000|  0%| F|  |TAMS 0x000000072ce00000, 0x000000072ce00000| Untracked 
| 360|0x000000072d000000, 0x000000072d000000, 0x000000072d200000|  0%| F|  |TAMS 0x000000072d000000, 0x000000072d000000| Untracked 
| 361|0x000000072d200000, 0x000000072d200000, 0x000000072d400000|  0%| F|  |TAMS 0x000000072d200000, 0x000000072d200000| Untracked 
| 362|0x000000072d400000, 0x000000072d400000, 0x000000072d600000|  0%| F|  |TAMS 0x000000072d400000, 0x000000072d400000| Untracked 
| 363|0x000000072d600000, 0x000000072d600000, 0x000000072d800000|  0%| F|  |TAMS 0x000000072d600000, 0x000000072d600000| Untracked 
| 364|0x000000072d800000, 0x000000072d800000, 0x000000072da00000|  0%| F|  |TAMS 0x000000072d800000, 0x000000072d800000| Untracked 
| 365|0x000000072da00000, 0x000000072da00000, 0x000000072dc00000|  0%| F|  |TAMS 0x000000072da00000, 0x000000072da00000| Untracked 
| 366|0x000000072dc00000, 0x000000072dc00000, 0x000000072de00000|  0%| F|  |TAMS 0x000000072dc00000, 0x000000072dc00000| Untracked 
| 367|0x000000072de00000, 0x000000072de00000, 0x000000072e000000|  0%| F|  |TAMS 0x000000072de00000, 0x000000072de00000| Untracked 
| 368|0x000000072e000000, 0x000000072e000000, 0x000000072e200000|  0%| F|  |TAMS 0x000000072e000000, 0x000000072e000000| Untracked 
| 369|0x000000072e200000, 0x000000072e200000, 0x000000072e400000|  0%| F|  |TAMS 0x000000072e200000, 0x000000072e200000| Untracked 
| 370|0x000000072e400000, 0x000000072e400000, 0x000000072e600000|  0%| F|  |TAMS 0x000000072e400000, 0x000000072e400000| Untracked 
| 371|0x000000072e600000, 0x000000072e600000, 0x000000072e800000|  0%| F|  |TAMS 0x000000072e600000, 0x000000072e600000| Untracked 
| 372|0x000000072e800000, 0x000000072e800000, 0x000000072ea00000|  0%| F|  |TAMS 0x000000072e800000, 0x000000072e800000| Untracked 
| 373|0x000000072ea00000, 0x000000072ea00000, 0x000000072ec00000|  0%| F|  |TAMS 0x000000072ea00000, 0x000000072ea00000| Untracked 
| 374|0x000000072ec00000, 0x000000072ec00000, 0x000000072ee00000|  0%| F|  |TAMS 0x000000072ec00000, 0x000000072ec00000| Untracked 
| 375|0x000000072ee00000, 0x000000072ee00000, 0x000000072f000000|  0%| F|  |TAMS 0x000000072ee00000, 0x000000072ee00000| Untracked 
| 376|0x000000072f000000, 0x000000072f000000, 0x000000072f200000|  0%| F|  |TAMS 0x000000072f000000, 0x000000072f000000| Untracked 
| 377|0x000000072f200000, 0x000000072f200000, 0x000000072f400000|  0%| F|  |TAMS 0x000000072f200000, 0x000000072f200000| Untracked 
| 378|0x000000072f400000, 0x000000072f400000, 0x000000072f600000|  0%| F|  |TAMS 0x000000072f400000, 0x000000072f400000| Untracked 
| 379|0x000000072f600000, 0x000000072f600000, 0x000000072f800000|  0%| F|  |TAMS 0x000000072f600000, 0x000000072f600000| Untracked 
| 380|0x000000072f800000, 0x000000072f800000, 0x000000072fa00000|  0%| F|  |TAMS 0x000000072f800000, 0x000000072f800000| Untracked 
| 381|0x000000072fa00000, 0x000000072fc00000, 0x000000072fc00000|100%| E|  |TAMS 0x000000072fa00000, 0x000000072fa00000| Complete 
| 382|0x000000072fc00000, 0x000000072fe00000, 0x000000072fe00000|100%| E|CS|TAMS 0x000000072fc00000, 0x000000072fc00000| Complete 
| 383|0x000000072fe00000, 0x0000000730000000, 0x0000000730000000|100%| E|CS|TAMS 0x000000072fe00000, 0x000000072fe00000| Complete 
| 384|0x0000000730000000, 0x0000000730200000, 0x0000000730200000|100%| E|CS|TAMS 0x0000000730000000, 0x0000000730000000| Complete 
| 385|0x0000000730200000, 0x0000000730400000, 0x0000000730400000|100%| E|CS|TAMS 0x0000000730200000, 0x0000000730200000| Complete 
| 386|0x0000000730400000, 0x0000000730600000, 0x0000000730600000|100%| E|CS|TAMS 0x0000000730400000, 0x0000000730400000| Complete 
| 387|0x0000000730600000, 0x0000000730800000, 0x0000000730800000|100%| E|CS|TAMS 0x0000000730600000, 0x0000000730600000| Complete 
| 388|0x0000000730800000, 0x0000000730a00000, 0x0000000730a00000|100%| E|CS|TAMS 0x0000000730800000, 0x0000000730800000| Complete 

Card table byte_map: [0x0000014b75f70000,0x0000014b76770000] _byte_map_base: 0x0000014b72770000

Marking Bits (Prev, Next): (CMBitMap*) 0x0000014b6dbf5240, (CMBitMap*) 0x0000014b6dbf5280
 Prev Bits: [0x0000014b76f70000, 0x0000014b7af70000)
 Next Bits: [0x0000014b7af70000, 0x0000014b7ef70000)

Polling page: 0x0000014b6ba30000

Metaspace:

Usage:
  Non-class:    147.69 MB used.
      Class:     22.84 MB used.
       Both:    170.53 MB used.

Virtual space:
  Non-class space:      192.00 MB reserved,     149.25 MB ( 78%) committed,  3 nodes.
      Class space:      832.00 MB reserved,      24.06 MB (  3%) committed,  1 nodes.
             Both:        1.00 GB reserved,     173.31 MB ( 17%) committed. 

Chunk freelists:
   Non-Class:  10.12 MB
       Class:  7.94 MB
        Both:  18.06 MB

MaxMetaspaceSize: 1.00 GB
CompressedClassSpaceSize: 832.00 MB
Initial GC threshold: 21.00 MB
Current GC threshold: 224.06 MB
CDS: on
MetaspaceReclaimPolicy: balanced
 - commit_granule_bytes: 65536.
 - commit_granule_words: 8192.
 - virtual_space_node_default_size: 8388608.
 - enlarge_chunks_in_place: 1.
 - new_chunks_are_fully_committed: 0.
 - uncommit_free_chunks: 1.
 - use_allocation_guard: 0.
 - handle_deallocations: 1.


Internal statistics:

num_allocs_failed_limit: 6.
num_arena_births: 3744.
num_arena_deaths: 0.
num_vsnodes_births: 4.
num_vsnodes_deaths: 0.
num_space_committed: 2772.
num_space_uncommitted: 0.
num_chunks_returned_to_freelist: 6.
num_chunks_taken_from_freelist: 12205.
num_chunk_merges: 6.
num_chunk_splits: 7624.
num_chunks_enlarged: 4458.
num_inconsistent_stats: 0.

CodeHeap 'non-profiled nmethods': size=120000Kb used=25878Kb max_used=25878Kb free=94121Kb
 bounds [0x0000014b07ad0000, 0x0000014b09440000, 0x0000014b0f000000]
CodeHeap 'profiled nmethods': size=120000Kb used=57676Kb max_used=59034Kb free=62324Kb
 bounds [0x0000014b00000000, 0x0000014b039b0000, 0x0000014b07530000]
CodeHeap 'non-nmethods': size=5760Kb used=2533Kb max_used=2658Kb free=3227Kb
 bounds [0x0000014b07530000, 0x0000014b077e0000, 0x0000014b07ad0000]
 total_blobs=29101 nmethods=28011 adapters=1000
 compilation: enabled
              stopped_count=0, restarted_count=0
 full_count=0

Compilation events (20 events):
Event: 409.699 Thread 0x0000014b7fb0fdd0 nmethod 35738 0x0000014b032c2590 code [0x0000014b032c2780, 0x0000014b032c2ab8]
Event: 409.705 Thread 0x0000014b7fb0fdd0 35739       1       com.android.tools.r8.internal.iu0::H2 (3 bytes)
Event: 409.705 Thread 0x0000014b7fb0fdd0 nmethod 35739 0x0000014b0928c690 code [0x0000014b0928c820, 0x0000014b0928c8f8]
Event: 409.705 Thread 0x0000014b7fb0fdd0 35740       1       com.android.tools.r8.internal.Pd::G2 (4 bytes)
Event: 409.705 Thread 0x0000014b7fb0fdd0 nmethod 35740 0x0000014b092af810 code [0x0000014b092af9a0, 0x0000014b092afa78]
Event: 409.705 Thread 0x0000014b7fb0fdd0 35741       1       com.android.tools.r8.internal.iu0::G2 (3 bytes)
Event: 409.705 Thread 0x0000014b7fb0fdd0 nmethod 35741 0x0000014b092af390 code [0x0000014b092af520, 0x0000014b092af5f8]
Event: 409.707 Thread 0x0000014b7fb0fdd0 35742       1       com.android.tools.r8.internal.iu0::L2 (5 bytes)
Event: 409.707 Thread 0x0000014b7fb0fdd0 nmethod 35742 0x0000014b092f2490 code [0x0000014b092f2620, 0x0000014b092f26f8]
Event: 409.768 Thread 0x0000014b7fb0fdd0 35744       2       com.android.tools.r8.internal.g6::a (156 bytes)
Event: 409.769 Thread 0x0000014b7fb0fdd0 nmethod 35744 0x0000014b032b9790 code [0x0000014b032b9a00, 0x0000014b032ba208]
Event: 409.792 Thread 0x0000014b7fb0fdd0 35745 %     3       com.android.tools.r8.internal.qS::b @ 7 (144 bytes)
Event: 409.793 Thread 0x0000014b7fb0fdd0 nmethod 35745% 0x0000014b0329a490 code [0x0000014b0329a720, 0x0000014b0329b878]
Event: 409.805 Thread 0x0000014b7fb0fdd0 35746       1       com.android.tools.r8.internal.f9::x (2 bytes)
Event: 409.806 Thread 0x0000014b7fb0fdd0 nmethod 35746 0x0000014b092f2190 code [0x0000014b092f2320, 0x0000014b092f23f8]
Event: 409.820 Thread 0x0000014b7fb0fdd0 35747       3       com.android.tools.r8.ir.optimize.s::a (223 bytes)
Event: 409.821 Thread 0x0000014b7fb0fdd0 nmethod 35747 0x0000014b027a1790 code [0x0000014b027a1aa0, 0x0000014b027a2e48]
Event: 409.826 Thread 0x0000014b7fb0fdd0 35748       2       com.android.tools.r8.internal.bR::a (307 bytes)
Event: 409.827 Thread 0x0000014b7fb0fdd0 nmethod 35748 0x0000014b02fd7c10 code [0x0000014b02fd7e60, 0x0000014b02fd8708]
Event: 409.906 Thread 0x0000014b7fb0fdd0 35749       2       com.android.tools.r8.internal.D3::<init> (7 bytes)

GC Heap History (20 events):
Event: 393.682 GC heap after
{Heap after GC invocations=188 (full 0):
 garbage-first heap   total 796672K, used 574590K [0x0000000700000000, 0x0000000800000000)
  region size 2048K, 7 young (14336K), 7 survivors (14336K)
 Metaspace       used 158959K, committed 161856K, reserved 1048576K
  class space    used 21358K, committed 22656K, reserved 851968K
}
Event: 396.645 GC heap before
{Heap before GC invocations=188 (full 0):
 garbage-first heap   total 796672K, used 701566K [0x0000000700000000, 0x0000000800000000)
  region size 2048K, 66 young (135168K), 7 survivors (14336K)
 Metaspace       used 159391K, committed 162304K, reserved 1048576K
  class space    used 21385K, committed 22656K, reserved 851968K
}
Event: 396.656 GC heap after
{Heap after GC invocations=189 (full 0):
 garbage-first heap   total 796672K, used 580437K [0x0000000700000000, 0x0000000800000000)
  region size 2048K, 8 young (16384K), 8 survivors (16384K)
 Metaspace       used 159391K, committed 162304K, reserved 1048576K
  class space    used 21385K, committed 22656K, reserved 851968K
}
Event: 399.255 GC heap before
{Heap before GC invocations=189 (full 0):
 garbage-first heap   total 796672K, used 695125K [0x0000000700000000, 0x0000000800000000)
  region size 2048K, 64 young (131072K), 8 survivors (16384K)
 Metaspace       used 163530K, committed 166464K, reserved 1048576K
  class space    used 21955K, committed 23232K, reserved 851968K
}
Event: 399.266 GC heap after
{Heap after GC invocations=190 (full 0):
 garbage-first heap   total 796672K, used 580644K [0x0000000700000000, 0x0000000800000000)
  region size 2048K, 5 young (10240K), 5 survivors (10240K)
 Metaspace       used 163530K, committed 166464K, reserved 1048576K
  class space    used 21955K, committed 23232K, reserved 851968K
}
Event: 402.224 GC heap before
{Heap before GC invocations=190 (full 0):
 garbage-first heap   total 796672K, used 695332K [0x0000000700000000, 0x0000000800000000)
  region size 2048K, 61 young (124928K), 5 survivors (10240K)
 Metaspace       used 169442K, committed 172352K, reserved 1048576K
  class space    used 22806K, committed 24064K, reserved 851968K
}
Event: 402.236 GC heap after
{Heap after GC invocations=191 (full 0):
 garbage-first heap   total 796672K, used 591593K [0x0000000700000000, 0x0000000800000000)
  region size 2048K, 8 young (16384K), 8 survivors (16384K)
 Metaspace       used 169442K, committed 172352K, reserved 1048576K
  class space    used 22806K, committed 24064K, reserved 851968K
}
Event: 404.428 GC heap before
{Heap before GC invocations=191 (full 0):
 garbage-first heap   total 796672K, used 691945K [0x0000000700000000, 0x0000000800000000)
  region size 2048K, 57 young (116736K), 8 survivors (16384K)
 Metaspace       used 173994K, committed 176960K, reserved 1048576K
  class space    used 23355K, committed 24640K, reserved 851968K
}
Event: 404.443 GC heap after
{Heap after GC invocations=192 (full 0):
 garbage-first heap   total 796672K, used 593976K [0x0000000700000000, 0x0000000800000000)
  region size 2048K, 2 young (4096K), 2 survivors (4096K)
 Metaspace       used 173994K, committed 176960K, reserved 1048576K
  class space    used 23355K, committed 24640K, reserved 851968K
}
Event: 405.717 GC heap before
{Heap before GC invocations=192 (full 0):
 garbage-first heap   total 796672K, used 696376K [0x0000000700000000, 0x0000000800000000)
  region size 2048K, 52 young (106496K), 2 survivors (4096K)
 Metaspace       used 174329K, committed 177216K, reserved 1048576K
  class space    used 23376K, committed 24640K, reserved 851968K
}
Event: 405.721 GC heap after
{Heap after GC invocations=193 (full 0):
 garbage-first heap   total 796672K, used 593250K [0x0000000700000000, 0x0000000800000000)
  region size 2048K, 1 young (2048K), 1 survivors (2048K)
 Metaspace       used 174329K, committed 177216K, reserved 1048576K
  class space    used 23376K, committed 24640K, reserved 851968K
}
Event: 406.731 GC heap before
{Heap before GC invocations=193 (full 0):
 garbage-first heap   total 796672K, used 699746K [0x0000000700000000, 0x0000000800000000)
  region size 2048K, 53 young (108544K), 1 survivors (2048K)
 Metaspace       used 174460K, committed 177344K, reserved 1048576K
  class space    used 23378K, committed 24640K, reserved 851968K
}
Event: 406.735 GC heap after
{Heap after GC invocations=194 (full 0):
 garbage-first heap   total 796672K, used 593571K [0x0000000700000000, 0x0000000800000000)
  region size 2048K, 2 young (4096K), 2 survivors (4096K)
 Metaspace       used 174460K, committed 177344K, reserved 1048576K
  class space    used 23378K, committed 24640K, reserved 851968K
}
Event: 407.334 GC heap before
{Heap before GC invocations=194 (full 0):
 garbage-first heap   total 796672K, used 700067K [0x0000000700000000, 0x0000000800000000)
  region size 2048K, 54 young (110592K), 2 survivors (4096K)
 Metaspace       used 174552K, committed 177472K, reserved 1048576K
  class space    used 23385K, committed 24640K, reserved 851968K
}
Event: 407.339 GC heap after
{Heap after GC invocations=195 (full 0):
 garbage-first heap   total 796672K, used 594878K [0x0000000700000000, 0x0000000800000000)
  region size 2048K, 2 young (4096K), 2 survivors (4096K)
 Metaspace       used 174552K, committed 177472K, reserved 1048576K
  class space    used 23385K, committed 24640K, reserved 851968K
}
Event: 407.746 GC heap before
{Heap before GC invocations=195 (full 0):
 garbage-first heap   total 796672K, used 703422K [0x0000000700000000, 0x0000000800000000)
  region size 2048K, 55 young (112640K), 2 survivors (4096K)
 Metaspace       used 174554K, committed 177472K, reserved 1048576K
  class space    used 23385K, committed 24640K, reserved 851968K
}
Event: 407.750 GC heap after
{Heap after GC invocations=196 (full 0):
 garbage-first heap   total 796672K, used 594046K [0x0000000700000000, 0x0000000800000000)
  region size 2048K, 2 young (4096K), 2 survivors (4096K)
 Metaspace       used 174554K, committed 177472K, reserved 1048576K
  class space    used 23385K, committed 24640K, reserved 851968K
}
Event: 408.526 GC heap before
{Heap before GC invocations=196 (full 0):
 garbage-first heap   total 796672K, used 704638K [0x0000000700000000, 0x0000000800000000)
  region size 2048K, 56 young (114688K), 2 survivors (4096K)
 Metaspace       used 174556K, committed 177472K, reserved 1048576K
  class space    used 23385K, committed 24640K, reserved 851968K
}
Event: 408.532 GC heap after
{Heap after GC invocations=197 (full 0):
 garbage-first heap   total 796672K, used 594477K [0x0000000700000000, 0x0000000800000000)
  region size 2048K, 2 young (4096K), 2 survivors (4096K)
 Metaspace       used 174556K, committed 177472K, reserved 1048576K
  class space    used 23385K, committed 24640K, reserved 851968K
}
Event: 409.956 GC heap before
{Heap before GC invocations=197 (full 0):
 garbage-first heap   total 796672K, used 707117K [0x0000000700000000, 0x0000000800000000)
  region size 2048K, 57 young (116736K), 2 survivors (4096K)
 Metaspace       used 174622K, committed 177472K, reserved 1048576K
  class space    used 23387K, committed 24640K, reserved 851968K
}

Deoptimization events (20 events):
Event: 409.634 Thread 0x0000014b4df96a70 Uncommon trap: trap_request=0xffffffbe fr.pc=0x0000014b092b0258 relative=0x0000000000000598
Event: 409.634 Thread 0x0000014b4df96a70 Uncommon trap: reason=profile_predicate action=maybe_recompile pc=0x0000014b092b0258 method=com.android.tools.r8.internal.bR.a(Lcom/android/tools/r8/internal/yS;ILcom/android/tools/r8/internal/od0;ZLcom/android/tools/r8/internal/nd0;)I @ 12 c2
Event: 409.634 Thread 0x0000014b4df96a70 DEOPT PACKING pc=0x0000014b092b0258 sp=0x00000048e4df7fa0
Event: 409.634 Thread 0x0000014b4df96a70 DEOPT UNPACKING pc=0x0000014b075823a3 sp=0x00000048e4df7f28 mode 2
Event: 409.635 Thread 0x0000014b4df96a70 Uncommon trap: trap_request=0xffffffbe fr.pc=0x0000014b092b0258 relative=0x0000000000000598
Event: 409.635 Thread 0x0000014b4df96a70 Uncommon trap: reason=profile_predicate action=maybe_recompile pc=0x0000014b092b0258 method=com.android.tools.r8.internal.bR.a(Lcom/android/tools/r8/internal/yS;ILcom/android/tools/r8/internal/od0;ZLcom/android/tools/r8/internal/nd0;)I @ 12 c2
Event: 409.635 Thread 0x0000014b4df96a70 DEOPT PACKING pc=0x0000014b092b0258 sp=0x00000048e4df7fa0
Event: 409.635 Thread 0x0000014b4df96a70 DEOPT UNPACKING pc=0x0000014b075823a3 sp=0x00000048e4df7f28 mode 2
Event: 409.635 Thread 0x0000014b4df96a70 Uncommon trap: trap_request=0xffffffbe fr.pc=0x0000014b092b0258 relative=0x0000000000000598
Event: 409.635 Thread 0x0000014b4df96a70 Uncommon trap: reason=profile_predicate action=maybe_recompile pc=0x0000014b092b0258 method=com.android.tools.r8.internal.bR.a(Lcom/android/tools/r8/internal/yS;ILcom/android/tools/r8/internal/od0;ZLcom/android/tools/r8/internal/nd0;)I @ 12 c2
Event: 409.635 Thread 0x0000014b4df96a70 DEOPT PACKING pc=0x0000014b092b0258 sp=0x00000048e4df7fa0
Event: 409.635 Thread 0x0000014b4df96a70 DEOPT UNPACKING pc=0x0000014b075823a3 sp=0x00000048e4df7f28 mode 2
Event: 409.715 Thread 0x0000014b4df96a70 Uncommon trap: trap_request=0xffffff45 fr.pc=0x0000014b0932b368 relative=0x00000000000026e8
Event: 409.715 Thread 0x0000014b4df96a70 Uncommon trap: reason=unstable_if action=reinterpret pc=0x0000014b0932b368 method=com.android.tools.r8.ir.optimize.s.a(Ljava/lang/Object;Ljava/lang/Object;)Z @ 34 c2
Event: 409.715 Thread 0x0000014b4df96a70 DEOPT PACKING pc=0x0000014b0932b368 sp=0x00000048e4df8540
Event: 409.715 Thread 0x0000014b4df96a70 DEOPT UNPACKING pc=0x0000014b075823a3 sp=0x00000048e4df8520 mode 2
Event: 409.718 Thread 0x0000014b4df96a70 DEOPT PACKING pc=0x0000014b03440f77 sp=0x00000048e4df8620
Event: 409.718 Thread 0x0000014b4df96a70 DEOPT UNPACKING pc=0x0000014b07582b43 sp=0x00000048e4df7cc0 mode 0
Event: 409.819 Thread 0x0000014b4df96a70 DEOPT PACKING pc=0x0000014b0347dc4a sp=0x00000048e4df82a0
Event: 409.819 Thread 0x0000014b4df96a70 DEOPT UNPACKING pc=0x0000014b07582b43 sp=0x00000048e4df79f0 mode 0

Classes unloaded (0 events):
No events

Classes redefined (0 events):
No events

Internal exceptions (20 events):
Event: 396.988 Thread 0x0000014b4df96a70 Exception <a 'sun/nio/fs/WindowsException'{0x000000072e0ed768}> (0x000000072e0ed768) 
thrown [s\open\src\hotspot\share\prims\jni.cpp, line 516]
Event: 396.988 Thread 0x0000014b4df96a70 Exception <a 'sun/nio/fs/WindowsException'{0x000000072e0ed9f0}> (0x000000072e0ed9f0) 
thrown [s\open\src\hotspot\share\prims\jni.cpp, line 516]
Event: 396.989 Thread 0x0000014b4d548a60 Exception <a 'sun/nio/fs/WindowsException'{0x000000072e11ede8}> (0x000000072e11ede8) 
thrown [s\open\src\hotspot\share\prims\jni.cpp, line 516]
Event: 396.989 Thread 0x0000014b4d548a60 Exception <a 'sun/nio/fs/WindowsException'{0x000000072e11f030}> (0x000000072e11f030) 
thrown [s\open\src\hotspot\share\prims\jni.cpp, line 516]
Event: 396.989 Thread 0x0000014b4d548a60 Exception <a 'sun/nio/fs/WindowsException'{0x000000072e11f0f0}> (0x000000072e11f0f0) 
thrown [s\open\src\hotspot\share\prims\jni.cpp, line 516]
Event: 396.989 Thread 0x0000014b4d548a60 Exception <a 'sun/nio/fs/WindowsException'{0x000000072e11f378}> (0x000000072e11f378) 
thrown [s\open\src\hotspot\share\prims\jni.cpp, line 516]
Event: 398.014 Thread 0x0000014b4df96a70 Exception <a 'sun/nio/fs/WindowsException'{0x000000072c12ce58}> (0x000000072c12ce58) 
thrown [s\open\src\hotspot\share\prims\jni.cpp, line 516]
Event: 398.553 Thread 0x0000014b4df96a70 Exception <a 'java/lang/NoSuchMethodError'{0x000000072ab8c480}: 'java.lang.Object java.lang.invoke.DirectMethodHandle$Holder.invokeStaticInit(java.lang.Object, java.lang.Object, java.lang.Object, java.lang.Object, java.lang.Object, java.lang.Object, java.lang.Object, java.lang.Object, java.lang.Object, java.lang.Object, java.lang.Object, java.lang.Object, java.lang.Object, java.lang.Object, java.lang.Object, java.lang.Object, java.lang.Object, java.lang.Object, java.lang.Object, java.lang.Object, int, java
Event: 398.603 Thread 0x0000014b4df96a70 Exception <a 'java/lang/IncompatibleClassChangeError'{0x000000072a6340a0}: Found class java.lang.Object, but interface was expected> (0x000000072a6340a0) 
thrown [s\open\src\hotspot\share\interpreter\linkResolver.cpp, line 826]
Event: 399.778 Thread 0x0000014b4df96a70 Exception <a 'java/lang/IncompatibleClassChangeError'{0x000000072ee90c78}: Found class java.lang.Object, but interface was expected> (0x000000072ee90c78) 
thrown [s\open\src\hotspot\share\interpreter\linkResolver.cpp, line 826]
Event: 399.779 Thread 0x0000014b4df96a70 Exception <a 'java/lang/NoSuchMethodError'{0x000000072ee9e1d8}: 'void java.lang.invoke.DirectMethodHandle$Holder.invokeInterface(java.lang.Object, java.lang.Object, java.lang.Object, int)'> (0x000000072ee9e1d8) 
thrown [s\open\src\hotspot\share\interpreter\linkResolver.cpp, line 759]
Event: 399.794 Thread 0x0000014b4df96a70 Implicit null exception at 0x0000014b08ecff23 to 0x0000014b08ed6738
Event: 400.761 Thread 0x0000014b4df96a70 Exception <a 'java/lang/NoSuchMethodError'{0x000000072ba39320}: 'java.lang.Object java.lang.invoke.DirectMethodHandle$Holder.invokeStatic(java.lang.Object, int, java.lang.Object, java.lang.Object)'> (0x000000072ba39320) 
thrown [s\open\src\hotspot\share\interpreter\linkResolver.cpp, line 759]
Event: 400.762 Thread 0x0000014b4df96a70 Exception <a 'java/lang/NoSuchMethodError'{0x000000072ba4dc58}: 'java.lang.Object java.lang.invoke.DirectMethodHandle$Holder.invokeStatic(java.lang.Object, java.lang.Object, int, java.lang.Object, java.lang.Object)'> (0x000000072ba4dc58) 
thrown [s\open\src\hotspot\share\interpreter\linkResolver.cpp, line 759]
Event: 401.140 Thread 0x0000014b4df96a70 Exception <a 'java/lang/IncompatibleClassChangeError'{0x000000072a0feb40}: Found class java.lang.Object, but interface was expected> (0x000000072a0feb40) 
thrown [s\open\src\hotspot\share\interpreter\linkResolver.cpp, line 826]
Event: 401.144 Thread 0x0000014b4df96a70 Exception <a 'java/lang/IncompatibleClassChangeError'{0x000000072a104180}: Found class java.lang.Object, but interface was expected> (0x000000072a104180) 
thrown [s\open\src\hotspot\share\interpreter\linkResolver.cpp, line 826]
Event: 402.298 Thread 0x0000014b4df96a70 Exception <a 'java/lang/NoSuchMethodError'{0x00000007308fe948}: 'void java.lang.invoke.DirectMethodHandle$Holder.invokeSpecial(java.lang.Object, java.lang.Object, int, java.lang.Object)'> (0x00000007308fe948) 
thrown [s\open\src\hotspot\share\interpreter\linkResolver.cpp, line 759]
Event: 402.408 Thread 0x0000014b4df96a70 Exception <a 'java/lang/NoSuchMethodError'{0x000000073004b7d0}: 'int java.lang.invoke.DirectMethodHandle$Holder.invokeSpecial(java.lang.Object, java.lang.Object, java.lang.Object, int, java.lang.Object)'> (0x000000073004b7d0) 
thrown [s\open\src\hotspot\share\interpreter\linkResolver.cpp, line 759]
Event: 402.691 Thread 0x0000014b4df96a70 Exception <a 'java/lang/NoSuchMethodError'{0x000000072f761b28}: 'java.lang.Object java.lang.invoke.DirectMethodHandle$Holder.invokeInterface(java.lang.Object, java.lang.Object, int)'> (0x000000072f761b28) 
thrown [s\open\src\hotspot\share\interpreter\linkResolver.cpp, line 759]
Event: 403.332 Thread 0x0000014b4df96a70 Exception <a 'java/lang/IncompatibleClassChangeError'{0x000000072db6db38}: Found class java.lang.Object, but interface was expected> (0x000000072db6db38) 
thrown [s\open\src\hotspot\share\interpreter\linkResolver.cpp, line 826]

VM Operations (20 events):
Event: 405.721 Executing VM operation: G1CollectForAllocation done
Event: 406.341 Executing VM operation: ICBufferFull
Event: 406.341 Executing VM operation: ICBufferFull done
Event: 406.553 Executing VM operation: HandshakeAllThreads
Event: 406.554 Executing VM operation: HandshakeAllThreads done
Event: 406.622 Executing VM operation: HandshakeAllThreads
Event: 406.622 Executing VM operation: HandshakeAllThreads done
Event: 406.731 Executing VM operation: G1CollectForAllocation
Event: 406.735 Executing VM operation: G1CollectForAllocation done
Event: 407.334 Executing VM operation: G1CollectForAllocation
Event: 407.339 Executing VM operation: G1CollectForAllocation done
Event: 407.746 Executing VM operation: G1CollectForAllocation
Event: 407.750 Executing VM operation: G1CollectForAllocation done
Event: 408.526 Executing VM operation: G1CollectForAllocation
Event: 408.532 Executing VM operation: G1CollectForAllocation done
Event: 408.699 Executing VM operation: HandshakeAllThreads
Event: 408.699 Executing VM operation: HandshakeAllThreads done
Event: 409.706 Executing VM operation: Cleanup
Event: 409.707 Executing VM operation: Cleanup done
Event: 409.955 Executing VM operation: G1CollectForAllocation

Events (20 events):
Event: 408.753 Thread 0x0000014b7fb33660 flushing nmethod 0x0000014b03590a90
Event: 408.754 Thread 0x0000014b7fb33660 flushing nmethod 0x0000014b035f7e90
Event: 408.754 Thread 0x0000014b7fb33660 flushing nmethod 0x0000014b035fb810
Event: 408.754 Thread 0x0000014b7fb33660 flushing nmethod 0x0000014b0360b510
Event: 408.754 Thread 0x0000014b7fb33660 flushing nmethod 0x0000014b036afe10
Event: 408.754 Thread 0x0000014b7fb33660 flushing nmethod 0x0000014b036c0110
Event: 408.754 Thread 0x0000014b7fb33660 flushing nmethod 0x0000014b036ce990
Event: 408.754 Thread 0x0000014b7fb33660 flushing nmethod 0x0000014b03779b90
Event: 408.754 Thread 0x0000014b7fb33660 flushing nmethod 0x0000014b0378e010
Event: 408.754 Thread 0x0000014b7fb33660 flushing nmethod 0x0000014b03796a10
Event: 408.754 Thread 0x0000014b7fb33660 flushing nmethod 0x0000014b03798810
Event: 408.754 Thread 0x0000014b7fb33660 flushing nmethod 0x0000014b037b3a90
Event: 408.754 Thread 0x0000014b7fb33660 flushing nmethod 0x0000014b037c3f10
Event: 408.755 Thread 0x0000014b7fb33660 flushing nmethod 0x0000014b03824a10
Event: 408.755 Thread 0x0000014b7fb33660 flushing nmethod 0x0000014b0385b510
Event: 408.755 Thread 0x0000014b7fb33660 flushing nmethod 0x0000014b03879390
Event: 408.755 Thread 0x0000014b7fb33660 flushing nmethod 0x0000014b0387f290
Event: 408.755 Thread 0x0000014b7fb33660 flushing nmethod 0x0000014b038b2b90
Event: 408.755 Thread 0x0000014b7fb33660 flushing nmethod 0x0000014b03901410
Event: 408.755 Thread 0x0000014b7fb33660 flushing nmethod 0x0000014b03935b10


Dynamic libraries:
0x00007ff641ac0000 - 0x00007ff641ad0000 	C:\Program Files\Java\jdk-17\bin\java.exe
0x00007ffdcbbc0000 - 0x00007ffdcbe26000 	C:\Windows\SYSTEM32\ntdll.dll
0x00007ffdca850000 - 0x00007ffdca919000 	C:\Windows\System32\KERNEL32.DLL
0x00007ffdc8fd0000 - 0x00007ffdc93ce000 	C:\Windows\System32\KERNELBASE.dll
0x00007ffdc94a0000 - 0x00007ffdc95ec000 	C:\Windows\System32\ucrtbase.dll
0x00007ffd9eec0000 - 0x00007ffd9eedb000 	C:\Program Files\Java\jdk-17\bin\VCRUNTIME140.dll
0x00007ffd9ebd0000 - 0x00007ffd9ebe9000 	C:\Program Files\Java\jdk-17\bin\jli.dll
0x00007ffdcab60000 - 0x00007ffdcac17000 	C:\Windows\System32\ADVAPI32.dll
0x00007ffdcb050000 - 0x00007ffdcb0f9000 	C:\Windows\System32\msvcrt.dll
0x00007ffdcaec0000 - 0x00007ffdcaf6a000 	C:\Windows\System32\sechost.dll
0x00007ffdca940000 - 0x00007ffdcaa58000 	C:\Windows\System32\RPCRT4.dll
0x00007ffdcac30000 - 0x00007ffdcadf7000 	C:\Windows\System32\USER32.dll
0x00007ffdb0f00000 - 0x00007ffdb1192000 	C:\Windows\WinSxS\amd64_microsoft.windows.common-controls_6595b64144ccf1df_6.0.26100.8875_none_3e0d5d42e32fe9dd\COMCTL32.dll
0x00007ffdc9600000 - 0x00007ffdc9627000 	C:\Windows\System32\win32u.dll
0x00007ffdc9990000 - 0x00007ffdc99bb000 	C:\Windows\System32\GDI32.dll
0x00007ffdc8de0000 - 0x00007ffdc8f0a000 	C:\Windows\System32\gdi32full.dll
0x00007ffdc9840000 - 0x00007ffdc98e3000 	C:\Windows\System32\msvcp_win.dll
0x00007ffdbfc90000 - 0x00007ffdbfc9b000 	C:\Windows\SYSTEM32\VERSION.dll
0x00007ffdca380000 - 0x00007ffdca3b2000 	C:\Windows\System32\IMM32.DLL
0x00007ffdab9c0000 - 0x00007ffdab9cc000 	C:\Program Files\Java\jdk-17\bin\vcruntime140_1.dll
0x00007ffd99e50000 - 0x00007ffd99ede000 	C:\Program Files\Java\jdk-17\bin\msvcp140.dll
0x00007ffd40a30000 - 0x00007ffd41610000 	C:\Program Files\Java\jdk-17\bin\server\jvm.dll
0x00007ffdcac20000 - 0x00007ffdcac28000 	C:\Windows\System32\PSAPI.DLL
0x00007ffdc0640000 - 0x00007ffdc064a000 	C:\Windows\SYSTEM32\WSOCK32.dll
0x00007ffdbfa30000 - 0x00007ffdbfa66000 	C:\Windows\SYSTEM32\WINMM.dll
0x00007ffdc9b60000 - 0x00007ffdc9be0000 	C:\Windows\System32\WS2_32.dll
0x00007ffdc7a80000 - 0x00007ffdc7a9b000 	C:\Windows\SYSTEM32\kernel.appcore.dll
0x00007ffdab170000 - 0x00007ffdab17a000 	C:\Program Files\Java\jdk-17\bin\jimage.dll
0x00007ffdc5ca0000 - 0x00007ffdc5ee2000 	C:\Windows\SYSTEM32\DBGHELP.DLL
0x00007ffdc9e10000 - 0x00007ffdca193000 	C:\Windows\System32\combase.dll
0x00007ffdcaf70000 - 0x00007ffdcb049000 	C:\Windows\System32\OLEAUT32.dll
0x00007ffda64a0000 - 0x00007ffda64db000 	C:\Windows\SYSTEM32\dbgcore.DLL
0x00007ffdc93e0000 - 0x00007ffdc948c000 	C:\Windows\System32\bcryptPrimitives.dll
0x00007ffdc6670000 - 0x00007ffdc667e000 	C:\Program Files\Java\jdk-17\bin\instrument.dll
0x00007ffd9eba0000 - 0x00007ffd9ebc5000 	C:\Program Files\Java\jdk-17\bin\java.dll
0x00007ffd99d70000 - 0x00007ffd99e47000 	C:\Program Files\Java\jdk-17\bin\jsvml.dll
0x00007ffdcb150000 - 0x00007ffdcb8e2000 	C:\Windows\System32\SHELL32.dll
0x00007ffdc6860000 - 0x00007ffdc70f2000 	C:\Windows\SYSTEM32\windows.storage.dll
0x00007ffdcaa60000 - 0x00007ffdcab57000 	C:\Windows\System32\SHCORE.dll
0x00007ffdcb980000 - 0x00007ffdcb9e7000 	C:\Windows\System32\shlwapi.dll
0x00007ffdc8d00000 - 0x00007ffdc8d29000 	C:\Windows\SYSTEM32\profapi.dll
0x00007ffd9b3b0000 - 0x00007ffd9b3c8000 	C:\Program Files\Java\jdk-17\bin\zip.dll
0x00007ffd9eb80000 - 0x00007ffd9eb99000 	C:\Program Files\Java\jdk-17\bin\net.dll
0x00007ffdbf570000 - 0x00007ffdbf697000 	C:\Windows\SYSTEM32\WINHTTP.dll
0x00007ffdc8080000 - 0x00007ffdc80ec000 	C:\Windows\system32\mswsock.dll
0x00007ffd9b9c0000 - 0x00007ffd9b9d6000 	C:\Program Files\Java\jdk-17\bin\nio.dll
0x00007ffdaaf70000 - 0x00007ffdaaf80000 	C:\Program Files\Java\jdk-17\bin\verify.dll
0x00007ffdb1bc0000 - 0x00007ffdb1be7000 	C:\Users\pacman\.gradle\native\1def1411415f61bf3af743bc5b6707747c0891f09f0c88961ee8f79bc544acac\windows-amd64\native-platform.dll
0x00007ffd9f130000 - 0x00007ffd9f1a8000 	C:\Users\pacman\.gradle\native\0.2.7\x86_64-windows-gnu\gradle-fileevents.dll
0x00007ffdaa4d0000 - 0x00007ffdaa4da000 	C:\Program Files\Java\jdk-17\bin\management.dll
0x00007ffdaa410000 - 0x00007ffdaa41b000 	C:\Program Files\Java\jdk-17\bin\management_ext.dll
0x00007ffdc7410000 - 0x00007ffdc7443000 	C:\Windows\SYSTEM32\IPHLPAPI.DLL
0x00007ffdc9b50000 - 0x00007ffdc9b5a000 	C:\Windows\System32\NSI.dll
0x00007ffdbf210000 - 0x00007ffdbf22d000 	C:\Windows\SYSTEM32\dhcpcsvc6.DLL
0x00007ffdbefe0000 - 0x00007ffdbf005000 	C:\Windows\SYSTEM32\dhcpcsvc.DLL
0x00007ffdc7450000 - 0x00007ffdc75a6000 	C:\Windows\SYSTEM32\DNSAPI.dll
0x00007ffdc7e10000 - 0x00007ffdc7e1d000 	C:\Windows\SYSTEM32\DSPARSE.dll
0x00007ffdc8560000 - 0x00007ffdc857b000 	C:\Windows\SYSTEM32\CRYPTSP.dll
0x00007ffdc79e0000 - 0x00007ffdc7a19000 	C:\Windows\system32\rsaenh.dll
0x00007ffdc8140000 - 0x00007ffdc8172000 	C:\Windows\SYSTEM32\USERENV.dll
0x00007ffdc8cd0000 - 0x00007ffdc8cfa000 	C:\Windows\SYSTEM32\bcrypt.dll
0x00007ffdc8330000 - 0x00007ffdc833c000 	C:\Windows\SYSTEM32\CRYPTBASE.dll
0x00007ffdc4d30000 - 0x00007ffdc4d3e000 	C:\Program Files\Java\jdk-17\bin\sunmscapi.dll
0x00007ffdc9630000 - 0x00007ffdc97a8000 	C:\Windows\System32\CRYPT32.dll
0x00007ffdc86d0000 - 0x00007ffdc8700000 	C:\Windows\SYSTEM32\ncrypt.dll
0x00007ffdc8680000 - 0x00007ffdc86bf000 	C:\Windows\SYSTEM32\NTASN1.dll
0x00007ffdc4d20000 - 0x00007ffdc4d28000 	C:\Windows\system32\wshunix.dll
0x00007ffd9c870000 - 0x00007ffd9c888000 	C:\Windows\system32\napinsp.dll
0x00007ffd9bc10000 - 0x00007ffd9bc23000 	C:\Windows\System32\winrnr.dll
0x00007ffdc1e40000 - 0x00007ffdc1e62000 	C:\Windows\system32\nlansp_c.dll
0x00007ffdbf850000 - 0x00007ffdbf866000 	C:\Windows\system32\wshbth.dll
0x00000000565f0000 - 0x0000000056616000 	C:\Program Files\Bonjour\mdnsNSP.dll
0x00007ffdbc340000 - 0x00007ffdbc34b000 	C:\Windows\System32\rasadhlp.dll
0x00007ffdbea70000 - 0x00007ffdbeaf6000 	C:\Windows\System32\fwpuclnt.dll
0x00007ffdc4d40000 - 0x00007ffdc4d47000 	C:\Program Files\Java\jdk-17\bin\rmi.dll

dbghelp: loaded successfully - version: 4.0.5 - missing functions: none
symbol engine: initialized successfully - sym options: 0x614 - pdb path: .;C:\Program Files\Java\jdk-17\bin;C:\Windows\SYSTEM32;C:\Windows\WinSxS\amd64_microsoft.windows.common-controls_6595b64144ccf1df_6.0.26100.8875_none_3e0d5d42e32fe9dd;C:\Program Files\Java\jdk-17\bin\server;C:\Users\pacman\.gradle\native\1def1411415f61bf3af743bc5b6707747c0891f09f0c88961ee8f79bc544acac\windows-amd64;C:\Users\pacman\.gradle\native\0.2.7\x86_64-windows-gnu;C:\Program Files\Bonjour

VM Arguments:
jvm_args: --add-opens=java.base/java.lang=ALL-UNNAMED --add-opens=java.base/java.lang.invoke=ALL-UNNAMED --add-opens=java.base/java.util=ALL-UNNAMED --add-opens=java.prefs/java.util.prefs=ALL-UNNAMED --add-exports=jdk.compiler/com.sun.tools.javac.api=ALL-UNNAMED --add-exports=jdk.compiler/com.sun.tools.javac.util=ALL-UNNAMED --add-opens=java.base/java.util=ALL-UNNAMED --add-opens=java.prefs/java.util.prefs=ALL-UNNAMED --add-opens=java.base/java.nio.charset=ALL-UNNAMED --add-opens=java.base/java.net=ALL-UNNAMED --add-opens=java.base/java.util.concurrent.atomic=ALL-UNNAMED --add-opens=java.xml/javax.xml.namespace=ALL-UNNAMED -XX:MaxMetaspaceSize=1024m -XX:+HeapDumpOnOutOfMemoryError -Xmx4096m -Dfile.encoding=windows-1252 -Duser.country=US -Duser.language=en -Duser.variant -javaagent:C:\Users\pacman\.gradle\wrapper\dists\gradle-8.13-bin\5xuhj0ry160q40clulazy9h7d\gradle-8.13\lib\agents\gradle-instrumentation-agent-8.13.jar 
java_command: org.gradle.launcher.daemon.bootstrap.GradleDaemon 8.13
java_class_path (initial): C:\Users\pacman\.gradle\wrapper\dists\gradle-8.13-bin\5xuhj0ry160q40clulazy9h7d\gradle-8.13\lib\gradle-daemon-main-8.13.jar
Launcher Type: SUN_STANDARD

[Global flags]
     intx CICompilerCount                          = 4                                         {product} {ergonomic}
   size_t CompressedClassSpaceSize                 = 872415232                                 {product} {ergonomic}
     uint ConcGCThreads                            = 2                                         {product} {ergonomic}
     uint G1ConcRefinementThreads                  = 8                                         {product} {ergonomic}
   size_t G1HeapRegionSize                         = 2097152                                   {product} {ergonomic}
    uintx GCDrainStackTargetSize                   = 64                                        {product} {ergonomic}
     bool HeapDumpOnOutOfMemoryError               = true                                   {manageable} {command line}
   size_t InitialHeapSize                          = 266338304                                 {product} {ergonomic}
   size_t MarkStackSize                            = 4194304                                   {product} {ergonomic}
   size_t MaxHeapSize                              = 4294967296                                {product} {command line}
   size_t MaxMetaspaceSize                         = 1073741824                                {product} {command line}
   size_t MaxNewSize                               = 2575302656                                {product} {ergonomic}
   size_t MinHeapDeltaBytes                        = 2097152                                   {product} {ergonomic}
   size_t MinHeapSize                              = 8388608                                   {product} {ergonomic}
    uintx NonNMethodCodeHeapSize                   = 5839372                                {pd product} {ergonomic}
    uintx NonProfiledCodeHeapSize                  = 122909434                              {pd product} {ergonomic}
    uintx ProfiledCodeHeapSize                     = 122909434                              {pd product} {ergonomic}
    uintx ReservedCodeCacheSize                    = 251658240                              {pd product} {ergonomic}
     bool SegmentedCodeCache                       = true                                      {product} {ergonomic}
   size_t SoftMaxHeapSize                          = 4294967296                             {manageable} {ergonomic}
     bool UseCompressedClassPointers               = true                           {product lp64_product} {ergonomic}
     bool UseCompressedOops                        = true                           {product lp64_product} {ergonomic}
     bool UseG1GC                                  = true                                      {product} {ergonomic}
     bool UseLargePagesIndividualAllocation        = false                                  {pd product} {ergonomic}

Logging:
Log output configuration:
 #0: stdout all=warning uptime,level,tags
 #1: stderr all=off uptime,level,tags

Environment Variables:
JAVA_HOME=C:\Program Files\Java\jdk-17
PATH=C:\Users\pacman\anaconda3\condabin;C:\Users\pacman\bin;C:\Program Files\Git\mingw64\bin;C:\Program Files\Git\usr\local\bin;C:\Program Files\Git\usr\bin;C:\Program Files\Git\usr\bin;C:\Program Files\Git\mingw64\bin;C:\Program Files\Git\usr\bin;C:\Users\pacman\bin;C:\Users\pacman\AppData\Local\Programs\ZCode\resources\tools\ripgrep;C:\Users\pacman\AppData\Roaming\npm;C:\Program Files\nodejs;C:\Program Files\Common Files\Oracle\Java\javapath;C:\Windows\system32;C:\Windows;C:\Windows\System32\Wbem;C:\Windows\System32\WindowsPowerShell\v1.0;C:\Windows\System32\OpenSSH;C:\Program Files\Git\cmd;C:\Program Files\nodejs;C:\Program Files (x86)\NVIDIA Corporation\PhysX\Common;C:\Program Files\Docker\Docker\resources\bin;C:\Program Files (x86)\Windows Kits\8.1\Windows Performance Toolkit;C:\Users\pacman\.local\bin;C:\Users\pacman\AppData\Local\Programs\cursor\resources\app\codeBin;C:\Users\pacman\.mavis\bin;C:\Users\pacman\AppData\Roaming\Python\Python314\Scripts;C:\Users\pacman\AppData\Local\Programs\Python\Python314\Scripts;C:\Users\pacman\AppData\Local\Programs\Python\Python314;C:\Users\pacman\AppData\Local\Microsoft\WindowsApps;C:\Program Files\JetBrains\IntelliJ IDEA 2025.3.3\bin;C:\Users\pacman\AppData\Local\Programs\Antigravity\bin;C:\Users\pacman\anaconda3\Library\bin;C:\Users\pacman\anaconda3;C:\Users\pacman\anaconda3\Scripts;C:\Users\pacman\AppData\Local\Programs\Ollama;C:\Users\pacman\AppData\Local\Programs\Antigravity IDE\bin;C:\Users\pacman\AppData\Local\Programs\Microsoft VS Code\bin;C:\Users\pacman\AppData\Local\Programs\cursor\resources\app\bin;C:\Program Files\Java\jdk-17\bin;C:\ffmpeg-master-latest-win64-gpl\bin;C:\Program Files\Git\usr\bin\vendor_perl;C:\Program Files\Git\usr\bin\core_perl
USERNAME=pacman
SHELL=C:\Program Files\Git\usr\bin\bash.exe
LANG=C.UTF-8
LC_CTYPE=C.UTF-8
OS=Windows_NT
PROCESSOR_IDENTIFIER=Intel64 Family 6 Model 158 Stepping 13, GenuineIntel



---------------  S Y S T E M  ---------------

OS:
 Windows 11 , 64 bit Build 26100 (10.0.26100.8875)
OS uptime: 4 days 7:30 hours
Hyper-V role detected

CPU: total 8 (initial active 8) (4 cores per cpu, 2 threads per core) family 6 model 158 stepping 13 microcode 0xf0, cx8, cmov, fxsr, ht, mmx, 3dnowpref, sse, sse2, sse3, ssse3, sse4.1, sse4.2, popcnt, lzcnt, tsc, tscinvbit, avx, avx2, aes, erms, clmul, bmi1, bmi2, adx, fma, vzeroupper, clflush, clflushopt, hv

Memory: 4k page, system-wide physical 16131M (933M free)
TotalPageFile size 28631M (AvailPageFile size 147M)
current process WorkingSet (physical memory assigned to process): 1315M, peak: 1324M
current process commit charge ("private bytes"): 1394M, peak: 1402M

vm_info: Java HotSpot(TM) 64-Bit Server VM (17.0.12+8-LTS-286) for windows-amd64 JRE (17.0.12+8-LTS-286), built on Jun  5 2024 06:46:59 by "mach5one" with MS VC++ 17.6 (VS2022)

END.
