#
# There is insufficient memory for the Java Runtime Environment to continue.
# Native memory allocation (mmap) failed to map 56623104 bytes for G1 virtual space
# Possible reasons:
#   The system is out of physical RAM or swap space
#   The process is running with CompressedOops enabled, and the Java Heap may be blocking the growth of the native heap
# Possible solutions:
#   Reduce memory load on the system
#   Increase physical memory or swap space
#   Check if swap backing store is full
#   Decrease Java heap size (-Xmx/-Xms)
#   Decrease number of Java threads
#   Decrease Java thread stack sizes (-Xss)
#   Set larger code cache with -XX:ReservedCodeCacheSize=
#   JVM is running with Zero Based Compressed Oops mode in which the Java heap is
#     placed in the first 32GB address space. The Java Heap base address is the
#     maximum limit for the native heap growth. Please use -XX:HeapBaseMinAddress
#     to set the Java Heap base and to place the Java Heap above 32GB virtual address.
# This output file may be truncated or incomplete.
#
#  Out of Memory Error (os_windows.cpp:3548), pid=19084, tid=9764
#
# JRE version: Java(TM) SE Runtime Environment (17.0.12+8) (build 17.0.12+8-LTS-286)
# Java VM: Java HotSpot(TM) 64-Bit Server VM (17.0.12+8-LTS-286, mixed mode, sharing, tiered, compressed oops, compressed class ptrs, g1 gc, windows-amd64)
# No core dump will be written. Minidumps are not enabled by default on client versions of Windows
#

---------------  S U M M A R Y ------------

Command Line: --add-opens=java.base/java.lang=ALL-UNNAMED --add-opens=java.base/java.lang.invoke=ALL-UNNAMED --add-opens=java.base/java.util=ALL-UNNAMED --add-opens=java.prefs/java.util.prefs=ALL-UNNAMED --add-exports=jdk.compiler/com.sun.tools.javac.api=ALL-UNNAMED --add-exports=jdk.compiler/com.sun.tools.javac.util=ALL-UNNAMED --add-opens=java.base/java.util=ALL-UNNAMED --add-opens=java.prefs/java.util.prefs=ALL-UNNAMED --add-opens=java.base/java.nio.charset=ALL-UNNAMED --add-opens=java.base/java.net=ALL-UNNAMED --add-opens=java.base/java.util.concurrent.atomic=ALL-UNNAMED --add-opens=java.xml/javax.xml.namespace=ALL-UNNAMED -XX:MaxMetaspaceSize=1024m -XX:+HeapDumpOnOutOfMemoryError -Xmx4096m -Dfile.encoding=windows-1252 -Duser.country=US -Duser.language=en -Duser.variant -javaagent:C:\Users\pacman\.gradle\wrapper\dists\gradle-8.13-bin\5xuhj0ry160q40clulazy9h7d\gradle-8.13\lib\agents\gradle-instrumentation-agent-8.13.jar org.gradle.launcher.daemon.bootstrap.GradleDaemon 8.13

Host: Intel(R) Core(TM) i5-9400H CPU @ 2.50GHz, 8 cores, 15G,  Windows 11 , 64 bit Build 26100 (10.0.26100.8875)
Time: Mon Aug  3 03:40:25 2026 Egypt Daylight Time elapsed time: 302.798478 seconds (0d 0h 5m 2s)

---------------  T H R E A D  ---------------

Current thread (0x000001eafe9fea60):  VMThread "VM Thread" [stack: 0x00000076af400000,0x00000076af500000] [id=9764]

Stack: [0x00000076af400000,0x00000076af500000]
Native frames: (J=compiled Java code, j=interpreted, Vv=VM code, C=native code)
V  [jvm.dll+0x67a04a]
V  [jvm.dll+0x7da4ed]
V  [jvm.dll+0x7dbe33]
V  [jvm.dll+0x7dc4a3]
V  [jvm.dll+0x24508f]
V  [jvm.dll+0x677089]
V  [jvm.dll+0x66bd32]
V  [jvm.dll+0x301fa6]
V  [jvm.dll+0x309546]
V  [jvm.dll+0x359d2e]
V  [jvm.dll+0x359f5f]
V  [jvm.dll+0x2d9078]
V  [jvm.dll+0x2dc0e6]
V  [jvm.dll+0x2e67eb]
V  [jvm.dll+0x31a870]
V  [jvm.dll+0x7e0d9b]
V  [jvm.dll+0x7e1ad4]
V  [jvm.dll+0x7e1fed]
V  [jvm.dll+0x7e23c4]
V  [jvm.dll+0x7e2490]
V  [jvm.dll+0x78abea]
V  [jvm.dll+0x678f35]
C  [ucrtbase.dll+0x2cd30]
C  [KERNEL32.DLL+0x2e957]
C  [ntdll.dll+0xaad6c]

VM_Operation (0x00000076af0ffa00): G1Concurrent, mode: safepoint, requested by thread 0x000001eade385b40


---------------  P R O C E S S  ---------------

Threads class SMR info:
_java_thread_list=0x000001eac1d37f50, length=150, elements={
0x000001eade307d30, 0x000001eaff18c360, 0x000001eaff18ed50, 0x000001eaff1acc20,
0x000001eaff1b0120, 0x000001eaff1b0600, 0x000001eaff1b0ae0, 0x000001eaff1b8800,
0x000001eaff1c8d30, 0x000001eaff1cb260, 0x000001eaff2cb6c0, 0x000001eaff383c70,
0x000001eabcb2ae10, 0x000001eabbf543e0, 0x000001eabca47070, 0x000001eabca6f040,
0x000001eaffbb3bf0, 0x000001eabc212f10, 0x000001eabc213930, 0x000001eabc215790,
0x000001eabc2161b0, 0x000001eabc215ca0, 0x000001eabc2166c0, 0x000001eabc213e40,
0x000001eabc214d70, 0x000001eabc213420, 0x000001eabc214860, 0x000001eabdf86a00,
0x000001eabdf88d70, 0x000001eabdf87930, 0x000001eabdf864f0, 0x000001eabdf85fe0,
0x000001eabdf8abd0, 0x000001eabdf87420, 0x000001eabdf8d450, 0x000001eabdf8b5f0,
0x000001eabdf8c520, 0x000001eabdf8d960, 0x000001eabdf8bb00, 0x000001eabdf8cf40,
0x000001eabc215280, 0x000001eabce07810, 0x000001eabce04060, 0x000001eabce068e0,
0x000001eabce06df0, 0x000001eabce054a0, 0x000001eabce05ec0, 0x000001eabce059b0,
0x000001eabce063d0, 0x000001eabce07300, 0x000001eabce07d20, 0x000001eabce04570,
0x000001eabce08230, 0x000001eabce04a80, 0x000001eabce08740, 0x000001eabce04f90,
0x000001eabce0afc0, 0x000001eabce08c50, 0x000001eabce09160, 0x000001eabce09670,
0x000001eabce09b80, 0x000001eabce0a090, 0x000001eabce0a5a0, 0x000001eabce0aab0,
0x000001eabce0b4d0, 0x000001eabb3b5b30, 0x000001eabb3b2890, 0x000001eabb3b3cd0,
0x000001eabb3b4c00, 0x000001eabb3b6040, 0x000001eabb3b5620, 0x000001eabb3b6550,
0x000001eabb3b41e0, 0x000001eabb3b2da0, 0x000001eabb3b5110, 0x000001eabb3b7480,
0x000001eabb3b7990, 0x000001eabb3b6a60, 0x000001eabb3b6f70, 0x000001eabb3b7ea0,
0x000001eabb3b46f0, 0x000001eabb3b88c0, 0x000001eabb3b97f0, 0x000001eabb3b83b0,
0x000001eabb3b8dd0, 0x000001eabb3b92e0, 0x000001eabf431250, 0x000001eabf42f900,
0x000001eabf42e4c0, 0x000001eabf432180, 0x000001eabf430320, 0x000001eabf430d40,
0x000001eabf42e9d0, 0x000001eabf42f3f0, 0x000001eabf432690, 0x000001eabf42eee0,
0x000001eabf432ba0, 0x000001eabf4330b0, 0x000001eabf433ad0, 0x000001eabf433fe0,
0x000001eabf434a00, 0x000001eabf434f10, 0x000001eabbcc1060, 0x000001eabbcc1570,
0x000001eabbcc4300, 0x000001eabbcc38e0, 0x000001eabbcc1a80, 0x000001eabbcc1f90,
0x000001eabbcc24a0, 0x000001eabbcc29b0, 0x000001eabbcc2ec0, 0x000001eabbcc33d0,
0x000001eabb506720, 0x000001eabb506210, 0x000001eabb507650, 0x000001eabb5052e0,
0x000001eabb504dd0, 0x000001eabb5048c0, 0x000001eabb506c30, 0x000001eabb5057f0,
0x000001eabb508a90, 0x000001eabb507140, 0x000001eabb508580, 0x000001eabb508fa0,
0x000001eabb507b60, 0x000001eabb5094b0, 0x000001eabb5099c0, 0x000001eabb509ed0,
0x000001eabb50a3e0, 0x000001eabb50a8f0, 0x000001eabb50ae00, 0x000001eabb50b310,
0x000001eabb508070, 0x000001eabcdce5e0, 0x000001eabcdccc90, 0x000001eabcdcf510,
0x000001eabcdceaf0, 0x000001eabcdcff30, 0x000001eabcdce0d0, 0x000001eac09988d0,
0x000001eac099a730, 0x000001eac099c590, 0x000001eac099d4c0, 0x000001eac0997eb0,
0x000001eac09983c0, 0x000001eac2526090, 0x000001eac2525670, 0x000001eac25265a0,
0x000001eac2526ab0, 0x000001eac25274d0
}

Java Threads: ( => current thread )
  0x000001eade307d30 JavaThread "main" [_thread_blocked, id=17824, stack(0x00000076aee00000,0x00000076aef00000)]
  0x000001eaff18c360 JavaThread "Reference Handler" daemon [_thread_blocked, id=9184, stack(0x00000076af500000,0x00000076af600000)]
  0x000001eaff18ed50 JavaThread "Finalizer" daemon [_thread_blocked, id=22708, stack(0x00000076af600000,0x00000076af700000)]
  0x000001eaff1acc20 JavaThread "Signal Dispatcher" daemon [_thread_blocked, id=12204, stack(0x00000076af700000,0x00000076af800000)]
  0x000001eaff1b0120 JavaThread "Attach Listener" daemon [_thread_blocked, id=22904, stack(0x00000076af800000,0x00000076af900000)]
  0x000001eaff1b0600 JavaThread "Service Thread" daemon [_thread_blocked, id=2148, stack(0x00000076af900000,0x00000076afa00000)]
  0x000001eaff1b0ae0 JavaThread "Monitor Deflation Thread" daemon [_thread_blocked, id=18176, stack(0x00000076afa00000,0x00000076afb00000)]
  0x000001eaff1b8800 JavaThread "C2 CompilerThread0" daemon [_thread_blocked, id=13836, stack(0x00000076afb00000,0x00000076afc00000)]
  0x000001eaff1c8d30 JavaThread "C1 CompilerThread0" daemon [_thread_blocked, id=4536, stack(0x00000076afc00000,0x00000076afd00000)]
  0x000001eaff1cb260 JavaThread "Sweeper thread" daemon [_thread_blocked, id=17580, stack(0x00000076afd00000,0x00000076afe00000)]
  0x000001eaff2cb6c0 JavaThread "Common-Cleaner" daemon [_thread_blocked, id=12296, stack(0x00000076afe00000,0x00000076aff00000)]
  0x000001eaff383c70 JavaThread "Notification Thread" daemon [_thread_blocked, id=8224, stack(0x00000076aff00000,0x00000076b0000000)]
  0x000001eabcb2ae10 JavaThread "Daemon health stats" [_thread_blocked, id=6740, stack(0x00000076b0200000,0x00000076b0300000)]
  0x000001eabbf543e0 JavaThread "Incoming local TCP Connector on port 55595" [_thread_in_native, id=11360, stack(0x00000076b0800000,0x00000076b0900000)]
  0x000001eabca47070 JavaThread "Daemon periodic checks" [_thread_blocked, id=6508, stack(0x00000076b0900000,0x00000076b0a00000)]
  0x000001eabca6f040 JavaThread "Daemon" [_thread_blocked, id=20180, stack(0x00000076b0100000,0x00000076b0200000)]
  0x000001eaffbb3bf0 JavaThread "Handler for socket connection from /127.0.0.1:55595 to /127.0.0.1:55596" [_thread_in_native, id=3500, stack(0x00000076b0a00000,0x00000076b0b00000)]
  0x000001eabc212f10 JavaThread "Cancel handler" [_thread_blocked, id=2756, stack(0x00000076b0b00000,0x00000076b0c00000)]
  0x000001eabc213930 JavaThread "Daemon worker" [_thread_blocked, id=6504, stack(0x00000076b0c00000,0x00000076b0d00000)]
  0x000001eabc215790 JavaThread "Asynchronous log dispatcher for DefaultDaemonConnection: socket connection from /127.0.0.1:55595 to /127.0.0.1:55596" [_thread_blocked, id=18796, stack(0x00000076b0d00000,0x00000076b0e00000)]
  0x000001eabc2161b0 JavaThread "Stdin handler" [_thread_blocked, id=21940, stack(0x00000076b0e00000,0x00000076b0f00000)]
  0x000001eabc215ca0 JavaThread "Daemon client event forwarder" [_thread_blocked, id=11804, stack(0x00000076b0f00000,0x00000076b1000000)]
  0x000001eabc2166c0 JavaThread "Cache worker for journal cache (C:\Users\pacman\.gradle\caches\journal-1)" [_thread_blocked, id=12908, stack(0x00000076b1000000,0x00000076b1100000)]
  0x000001eabc213e40 JavaThread "File lock request listener" [_thread_in_native, id=11588, stack(0x00000076b1100000,0x00000076b1200000)]
  0x000001eabc214d70 JavaThread "Cache worker for file hash cache (C:\Users\pacman\.gradle\caches\8.13\fileHashes)" [_thread_blocked, id=20340, stack(0x00000076b1200000,0x00000076b1300000)]
  0x000001eabc213420 JavaThread "Cache worker for file hash cache (E:\app\Ambobtak\android\.gradle\8.13\fileHashes)" [_thread_blocked, id=21272, stack(0x00000076b1400000,0x00000076b1500000)]
  0x000001eabc214860 JavaThread "Cache worker for Build Output Cleanup Cache (E:\app\Ambobtak\android\.gradle\buildOutputCleanup)" [_thread_blocked, id=14468, stack(0x00000076b1300000,0x00000076b1400000)]
  0x000001eabdf86a00 JavaThread "File watcher server" daemon [_thread_blocked, id=1408, stack(0x00000076b1500000,0x00000076b1600000)]
  0x000001eabdf88d70 JavaThread "File watcher consumer" daemon [_thread_blocked, id=8460, stack(0x00000076b1600000,0x00000076b1700000)]
  0x000001eabdf87930 JavaThread "jar transforms" [_thread_blocked, id=17088, stack(0x00000076b1e00000,0x00000076b1f00000)]
  0x000001eabdf864f0 JavaThread "Cache worker for checksums cache (E:\app\Ambobtak\android\.gradle\8.13\checksums)" [_thread_blocked, id=21836, stack(0x00000076b1d00000,0x00000076b1e00000)]
  0x000001eabdf85fe0 JavaThread "Cache worker for file content cache (C:\Users\pacman\.gradle\caches\8.13\fileContent)" [_thread_blocked, id=23076, stack(0x00000076b1f00000,0x00000076b2000000)]
  0x000001eabdf8abd0 JavaThread "Cache worker for cache directory md-supplier (C:\Users\pacman\.gradle\caches\8.13\md-supplier)" [_thread_blocked, id=17532, stack(0x00000076b2300000,0x00000076b2400000)]
  0x000001eabdf87420 JavaThread "Cache worker for cache directory md-rule (C:\Users\pacman\.gradle\caches\8.13\md-rule)" [_thread_blocked, id=13868, stack(0x00000076b2400000,0x00000076b2500000)]
  0x000001eabdf8d450 JavaThread "Cache worker for Build Output Cleanup Cache (E:\app\Ambobtak\node_modules\@react-native\gradle-plugin\.gradle\buildOutputCleanup)" [_thread_blocked, id=19096, stack(0x00000076b2500000,0x00000076b2600000)]
  0x000001eabdf8b5f0 JavaThread "Unconstrained build operations" [_thread_blocked, id=19916, stack(0x00000076b1a00000,0x00000076b1b00000)]
  0x000001eabdf8c520 JavaThread "Unconstrained build operations Thread 2" [_thread_blocked, id=15452, stack(0x00000076b2600000,0x00000076b2700000)]
  0x000001eabdf8d960 JavaThread "Unconstrained build operations Thread 3" [_thread_blocked, id=16424, stack(0x00000076b2700000,0x00000076b2800000)]
  0x000001eabdf8bb00 JavaThread "Unconstrained build operations Thread 4" [_thread_blocked, id=1300, stack(0x00000076b2800000,0x00000076b2900000)]
  0x000001eabdf8cf40 JavaThread "Unconstrained build operations Thread 5" [_thread_blocked, id=16328, stack(0x00000076b2900000,0x00000076b2a00000)]
  0x000001eabc215280 JavaThread "Unconstrained build operations Thread 6" [_thread_blocked, id=14588, stack(0x00000076b2a00000,0x00000076b2b00000)]
  0x000001eabce07810 JavaThread "Cache worker for Build Output Cleanup Cache (E:\app\Ambobtak\node_modules\expo\node_modules\expo-modules-autolinking\android\expo-gradle-plugin\.gradle\buildOutputCleanup)" [_thread_blocked, id=21864, stack(0x00000076b2b00000,0x00000076b2c00000)]
  0x000001eabce04060 JavaThread "Unconstrained build operations Thread 7" [_thread_blocked, id=12592, stack(0x00000076b2d00000,0x00000076b2e00000)]
  0x000001eabce068e0 JavaThread "Unconstrained build operations Thread 8" [_thread_blocked, id=11780, stack(0x00000076b2e00000,0x00000076b2f00000)]
  0x000001eabce06df0 JavaThread "Unconstrained build operations Thread 9" [_thread_blocked, id=22236, stack(0x00000076b2f00000,0x00000076b3000000)]
  0x000001eabce054a0 JavaThread "Unconstrained build operations Thread 10" [_thread_blocked, id=15740, stack(0x00000076b3000000,0x00000076b3100000)]
  0x000001eabce05ec0 JavaThread "Unconstrained build operations Thread 11" [_thread_blocked, id=19660, stack(0x00000076b3100000,0x00000076b3200000)]
  0x000001eabce059b0 JavaThread "Unconstrained build operations Thread 12" [_thread_blocked, id=18472, stack(0x00000076b3200000,0x00000076b3300000)]
  0x000001eabce063d0 JavaThread "Unconstrained build operations Thread 13" [_thread_blocked, id=14972, stack(0x00000076b3300000,0x00000076b3400000)]
  0x000001eabce07300 JavaThread "Unconstrained build operations Thread 14" [_thread_blocked, id=12616, stack(0x00000076b3400000,0x00000076b3500000)]
  0x000001eabce07d20 JavaThread "Unconstrained build operations Thread 15" [_thread_blocked, id=17364, stack(0x00000076b3500000,0x00000076b3600000)]
  0x000001eabce04570 JavaThread "Unconstrained build operations Thread 16" [_thread_blocked, id=20840, stack(0x00000076b3600000,0x00000076b3700000)]
  0x000001eabce08230 JavaThread "Unconstrained build operations Thread 17" [_thread_blocked, id=2692, stack(0x00000076b3700000,0x00000076b3800000)]
  0x000001eabce04a80 JavaThread "Unconstrained build operations Thread 18" [_thread_blocked, id=20472, stack(0x00000076b2c00000,0x00000076b2d00000)]
  0x000001eabce08740 JavaThread "Unconstrained build operations Thread 19" [_thread_blocked, id=13044, stack(0x00000076b3800000,0x00000076b3900000)]
  0x000001eabce04f90 JavaThread "Unconstrained build operations Thread 20" [_thread_blocked, id=7252, stack(0x00000076b3900000,0x00000076b3a00000)]
  0x000001eabce0afc0 JavaThread "Unconstrained build operations Thread 21" [_thread_blocked, id=19720, stack(0x00000076b3a00000,0x00000076b3b00000)]
  0x000001eabce08c50 JavaThread "Unconstrained build operations Thread 22" [_thread_blocked, id=14188, stack(0x00000076b3b00000,0x00000076b3c00000)]
  0x000001eabce09160 JavaThread "Unconstrained build operations Thread 23" [_thread_blocked, id=22372, stack(0x00000076b3c00000,0x00000076b3d00000)]
  0x000001eabce09670 JavaThread "Unconstrained build operations Thread 24" [_thread_blocked, id=9792, stack(0x00000076b3d00000,0x00000076b3e00000)]
  0x000001eabce09b80 JavaThread "Unconstrained build operations Thread 25" [_thread_blocked, id=12476, stack(0x00000076b3e00000,0x00000076b3f00000)]
  0x000001eabce0a090 JavaThread "Unconstrained build operations Thread 26" [_thread_blocked, id=13152, stack(0x00000076b3f00000,0x00000076b4000000)]
  0x000001eabce0a5a0 JavaThread "Unconstrained build operations Thread 27" [_thread_blocked, id=22244, stack(0x00000076b4000000,0x00000076b4100000)]
  0x000001eabce0aab0 JavaThread "build event listener" [_thread_blocked, id=12920, stack(0x00000076b4100000,0x00000076b4200000)]
  0x000001eabce0b4d0 JavaThread "Memory manager" [_thread_blocked, id=20216, stack(0x00000076b4400000,0x00000076b4500000)]
  0x000001eabb3b5b30 JavaThread "Unconstrained build operations Thread 28" [_thread_blocked, id=11224, stack(0x00000076b4600000,0x00000076b4700000)]
  0x000001eabb3b2890 JavaThread "Unconstrained build operations Thread 29" [_thread_blocked, id=17928, stack(0x00000076b4700000,0x00000076b4800000)]
  0x000001eabb3b3cd0 JavaThread "Unconstrained build operations Thread 30" [_thread_blocked, id=4336, stack(0x00000076b4800000,0x00000076b4900000)]
  0x000001eabb3b4c00 JavaThread "Unconstrained build operations Thread 31" [_thread_blocked, id=10060, stack(0x00000076b4900000,0x00000076b4a00000)]
  0x000001eabb3b6040 JavaThread "Unconstrained build operations Thread 32" [_thread_blocked, id=18208, stack(0x00000076b4a00000,0x00000076b4b00000)]
  0x000001eabb3b5620 JavaThread "Unconstrained build operations Thread 33" [_thread_blocked, id=18352, stack(0x00000076b4b00000,0x00000076b4c00000)]
  0x000001eabb3b6550 JavaThread "Unconstrained build operations Thread 34" [_thread_blocked, id=2708, stack(0x00000076b4c00000,0x00000076b4d00000)]
  0x000001eabb3b41e0 JavaThread "Unconstrained build operations Thread 35" [_thread_blocked, id=15952, stack(0x00000076b4d00000,0x00000076b4e00000)]
  0x000001eabb3b2da0 JavaThread "Unconstrained build operations Thread 36" [_thread_blocked, id=3236, stack(0x00000076b4e00000,0x00000076b4f00000)]
  0x000001eabb3b5110 JavaThread "Unconstrained build operations Thread 37" [_thread_blocked, id=14256, stack(0x00000076b4f00000,0x00000076b5000000)]
  0x000001eabb3b7480 JavaThread "Unconstrained build operations Thread 38" [_thread_blocked, id=14676, stack(0x00000076b5000000,0x00000076b5100000)]
  0x000001eabb3b7990 JavaThread "Unconstrained build operations Thread 39" [_thread_blocked, id=5600, stack(0x00000076b5100000,0x00000076b5200000)]
  0x000001eabb3b6a60 JavaThread "Unconstrained build operations Thread 40" [_thread_blocked, id=20304, stack(0x00000076b5200000,0x00000076b5300000)]
  0x000001eabb3b6f70 JavaThread "Unconstrained build operations Thread 41" [_thread_blocked, id=17708, stack(0x00000076b5300000,0x00000076b5400000)]
  0x000001eabb3b7ea0 JavaThread "Unconstrained build operations Thread 42" [_thread_blocked, id=15148, stack(0x00000076b5400000,0x00000076b5500000)]
  0x000001eabb3b46f0 JavaThread "Unconstrained build operations Thread 43" [_thread_blocked, id=7004, stack(0x00000076b5500000,0x00000076b5600000)]
  0x000001eabb3b88c0 JavaThread "Unconstrained build operations Thread 44" [_thread_blocked, id=17244, stack(0x00000076b5600000,0x00000076b5700000)]
  0x000001eabb3b97f0 JavaThread "Unconstrained build operations Thread 45" [_thread_blocked, id=8552, stack(0x00000076b5700000,0x00000076b5800000)]
  0x000001eabb3b83b0 JavaThread "Unconstrained build operations Thread 46" [_thread_blocked, id=9436, stack(0x00000076b5800000,0x00000076b5900000)]
  0x000001eabb3b8dd0 JavaThread "Unconstrained build operations Thread 47" [_thread_blocked, id=22012, stack(0x00000076b5900000,0x00000076b5a00000)]
  0x000001eabb3b92e0 JavaThread "Unconstrained build operations Thread 48" [_thread_blocked, id=12708, stack(0x00000076b5a00000,0x00000076b5b00000)]
  0x000001eabf431250 JavaThread "build event listener" [_thread_blocked, id=22268, stack(0x00000076b4500000,0x00000076b4600000)]
  0x000001eabf42f900 JavaThread "Unconstrained build operations Thread 49" [_thread_blocked, id=14992, stack(0x00000076b5c00000,0x00000076b5d00000)]
  0x000001eabf42e4c0 JavaThread "Unconstrained build operations Thread 50" [_thread_blocked, id=9912, stack(0x00000076b5d00000,0x00000076b5e00000)]
  0x000001eabf432180 JavaThread "Unconstrained build operations Thread 51" [_thread_blocked, id=15156, stack(0x00000076b5e00000,0x00000076b5f00000)]
  0x000001eabf430320 JavaThread "Unconstrained build operations Thread 52" [_thread_blocked, id=13160, stack(0x00000076b5f00000,0x00000076b6000000)]
  0x000001eabf430d40 JavaThread "Unconstrained build operations Thread 53" [_thread_blocked, id=19252, stack(0x00000076b6000000,0x00000076b6100000)]
  0x000001eabf42e9d0 JavaThread "Unconstrained build operations Thread 54" [_thread_blocked, id=20220, stack(0x00000076b6100000,0x00000076b6200000)]
  0x000001eabf42f3f0 JavaThread "Unconstrained build operations Thread 55" [_thread_blocked, id=13784, stack(0x00000076b6200000,0x00000076b6300000)]
  0x000001eabf432690 JavaThread "Unconstrained build operations Thread 56" [_thread_blocked, id=22460, stack(0x00000076b6300000,0x00000076b6400000)]
  0x000001eabf42eee0 JavaThread "Unconstrained build operations Thread 57" [_thread_blocked, id=21992, stack(0x00000076b6400000,0x00000076b6500000)]
  0x000001eabf432ba0 JavaThread "Unconstrained build operations Thread 58" [_thread_blocked, id=2340, stack(0x00000076b6500000,0x00000076b6600000)]
  0x000001eabf4330b0 JavaThread "Unconstrained build operations Thread 59" [_thread_blocked, id=16824, stack(0x00000076b6600000,0x00000076b6700000)]
  0x000001eabf433ad0 JavaThread "ForkJoinPool.commonPool-worker-2" daemon [_thread_blocked, id=21744, stack(0x00000076b6700000,0x00000076b6800000)]
  0x000001eabf433fe0 JavaThread "ForkJoinPool.commonPool-worker-3" daemon [_thread_blocked, id=13832, stack(0x00000076b6800000,0x00000076b6900000)]
  0x000001eabf434a00 JavaThread "ForkJoinPool.commonPool-worker-6" daemon [_thread_blocked, id=7340, stack(0x00000076b6b00000,0x00000076b6c00000)]
  0x000001eabf434f10 JavaThread "ForkJoinPool.commonPool-worker-7" daemon [_thread_blocked, id=22796, stack(0x00000076b6c00000,0x00000076b6d00000)]
  0x000001eabbcc1060 JavaThread "Execution worker" [_thread_blocked, id=7736, stack(0x00000076b7300000,0x00000076b7400000)]
  0x000001eabbcc1570 JavaThread "Execution worker Thread 2" [_thread_blocked, id=1008, stack(0x00000076b7400000,0x00000076b7500000)]
  0x000001eabbcc4300 JavaThread "Execution worker Thread 3" [_thread_blocked, id=12268, stack(0x00000076b7500000,0x00000076b7600000)]
  0x000001eabbcc38e0 JavaThread "Execution worker Thread 4" [_thread_blocked, id=13392, stack(0x00000076b7600000,0x00000076b7700000)]
  0x000001eabbcc1a80 JavaThread "Execution worker Thread 5" [_thread_blocked, id=3280, stack(0x00000076b7700000,0x00000076b7800000)]
  0x000001eabbcc1f90 JavaThread "Execution worker Thread 6" [_thread_blocked, id=13448, stack(0x00000076b7800000,0x00000076b7900000)]
  0x000001eabbcc24a0 JavaThread "Execution worker Thread 7" [_thread_blocked, id=14776, stack(0x00000076b7900000,0x00000076b7a00000)]
  0x000001eabbcc29b0 JavaThread "Cache worker for execution history cache (E:\app\Ambobtak\node_modules\expo\node_modules\expo-modules-autolinking\android\expo-gradle-plugin\.gradle\8.13\executionHistory)" [_thread_blocked, id=16312, stack(0x00000076b7a00000,0x00000076b7b00000)]
  0x000001eabbcc2ec0 JavaThread "Cache worker for execution history cache (E:\app\Ambobtak\node_modules\@react-native\gradle-plugin\.gradle\8.13\executionHistory)" [_thread_blocked, id=23168, stack(0x00000076b7b00000,0x00000076b7c00000)]
  0x000001eabbcc33d0 JavaThread "Unconstrained build operations Thread 60" [_thread_blocked, id=10136, stack(0x00000076b7c00000,0x00000076b7d00000)]
  0x000001eabb506720 JavaThread "Unconstrained build operations Thread 61" [_thread_blocked, id=12412, stack(0x00000076b7d00000,0x00000076b7e00000)]
  0x000001eabb506210 JavaThread "Unconstrained build operations Thread 62" [_thread_blocked, id=7684, stack(0x00000076b7e00000,0x00000076b7f00000)]
  0x000001eabb507650 JavaThread "Unconstrained build operations Thread 63" [_thread_blocked, id=19968, stack(0x00000076b7f00000,0x00000076b8000000)]
  0x000001eabb5052e0 JavaThread "Unconstrained build operations Thread 64" [_thread_blocked, id=588, stack(0x00000076b8000000,0x00000076b8100000)]
  0x000001eabb504dd0 JavaThread "Unconstrained build operations Thread 65" [_thread_blocked, id=17200, stack(0x00000076b8100000,0x00000076b8200000)]
  0x000001eabb5048c0 JavaThread "Unconstrained build operations Thread 66" [_thread_blocked, id=19004, stack(0x00000076b8200000,0x00000076b8300000)]
  0x000001eabb506c30 JavaThread "Unconstrained build operations Thread 67" [_thread_blocked, id=8376, stack(0x00000076b8300000,0x00000076b8400000)]
  0x000001eabb5057f0 JavaThread "Unconstrained build operations Thread 68" [_thread_blocked, id=18876, stack(0x00000076b8400000,0x00000076b8500000)]
  0x000001eabb508a90 JavaThread "Unconstrained build operations Thread 69" [_thread_blocked, id=18184, stack(0x00000076b8500000,0x00000076b8600000)]
  0x000001eabb507140 JavaThread "Unconstrained build operations Thread 70" [_thread_blocked, id=16200, stack(0x00000076b8600000,0x00000076b8700000)]
  0x000001eabb508580 JavaThread "Unconstrained build operations Thread 71" [_thread_blocked, id=22192, stack(0x00000076b7000000,0x00000076b7100000)]
  0x000001eabb508fa0 JavaThread "Unconstrained build operations Thread 72" [_thread_blocked, id=17584, stack(0x00000076b8700000,0x00000076b8800000)]
  0x000001eabb507b60 JavaThread "Unconstrained build operations Thread 73" [_thread_blocked, id=13896, stack(0x00000076b8800000,0x00000076b8900000)]
  0x000001eabb5094b0 JavaThread "Unconstrained build operations Thread 74" [_thread_blocked, id=13504, stack(0x00000076b8900000,0x00000076b8a00000)]
  0x000001eabb5099c0 JavaThread "Unconstrained build operations Thread 75" [_thread_blocked, id=7980, stack(0x00000076b8a00000,0x00000076b8b00000)]
  0x000001eabb509ed0 JavaThread "Unconstrained build operations Thread 76" [_thread_blocked, id=18552, stack(0x00000076b8b00000,0x00000076b8c00000)]
  0x000001eabb50a3e0 JavaThread "Unconstrained build operations Thread 77" [_thread_blocked, id=6600, stack(0x00000076b8c00000,0x00000076b8d00000)]
  0x000001eabb50a8f0 JavaThread "Unconstrained build operations Thread 78" [_thread_blocked, id=18276, stack(0x00000076b8d00000,0x00000076b8e00000)]
  0x000001eabb50ae00 JavaThread "Unconstrained build operations Thread 79" [_thread_blocked, id=22456, stack(0x00000076b8e00000,0x00000076b8f00000)]
  0x000001eabb50b310 JavaThread "Unconstrained build operations Thread 80" [_thread_blocked, id=10884, stack(0x00000076b8f00000,0x00000076b9000000)]
  0x000001eabb508070 JavaThread "jar transforms Thread 2" [_thread_blocked, id=13280, stack(0x00000076b9000000,0x00000076b9100000)]
  0x000001eabcdce5e0 JavaThread "Cache worker for Build Output Cleanup Cache (E:\app\Ambobtak\node_modules\expo-modules-core\expo-module-gradle-plugin\.gradle\buildOutputCleanup)" [_thread_blocked, id=22868, stack(0x00000076b9300000,0x00000076b9400000)]
  0x000001eabcdccc90 JavaThread "jar transforms Thread 3" [_thread_blocked, id=18328, stack(0x00000076b9100000,0x00000076b9200000)]
  0x000001eabcdcf510 JavaThread "Cache worker for execution history cache (E:\app\Ambobtak\node_modules\expo-modules-core\expo-module-gradle-plugin\.gradle\8.13\executionHistory)" [_thread_blocked, id=22160, stack(0x00000076b9500000,0x00000076b9600000)]
  0x000001eabcdceaf0 JavaThread "jar transforms Thread 4" [_thread_blocked, id=21892, stack(0x00000076aeb00000,0x00000076aec00000)]
  0x000001eabcdcff30 JavaThread "Problems report writer" [_thread_blocked, id=15300, stack(0x00000076aec00000,0x00000076aed00000)]
  0x000001eabcdce0d0 JavaThread "jar transforms Thread 5" [_thread_blocked, id=22772, stack(0x00000076b9600000,0x00000076b9700000)]
  0x000001eac09988d0 JavaThread "jar transforms Thread 6" [_thread_blocked, id=18536, stack(0x00000076b9700000,0x00000076b9800000)]
  0x000001eac099a730 JavaThread "build event listener" [_thread_blocked, id=17440, stack(0x00000076aed00000,0x00000076aee00000)]
  0x000001eac099c590 JavaThread "jar transforms Thread 7" [_thread_blocked, id=3792, stack(0x00000076b9800000,0x00000076b9900000)]
  0x000001eac099d4c0 JavaThread "jar transforms Thread 8" [_thread_blocked, id=6716, stack(0x00000076b9900000,0x00000076b9a00000)]
  0x000001eac0997eb0 JavaThread "ForkJoinPool.commonPool-worker-8" daemon [_thread_blocked, id=16808, stack(0x00000076b2100000,0x00000076b2200000)]
  0x000001eac09983c0 JavaThread "ForkJoinPool.commonPool-worker-9" daemon [_thread_blocked, id=11648, stack(0x00000076b2200000,0x00000076b2300000)]
  0x000001eac2526090 JavaThread "included builds Thread 4" [_thread_blocked, id=15188, stack(0x00000076b6a00000,0x00000076b6b00000)]
  0x000001eac2525670 JavaThread "Cache worker for execution history cache (E:\app\Ambobtak\android\.gradle\8.13\executionHistory)" [_thread_blocked, id=9484, stack(0x00000076b6d00000,0x00000076b6e00000)]
  0x000001eac25265a0 JavaThread "Exec process Thread 4" [_thread_blocked, id=19356, stack(0x00000076b6e00000,0x00000076b6f00000)]
  0x000001eac2526ab0 JavaThread "Exec process Thread 5" [_thread_blocked, id=22588, stack(0x00000076b6f00000,0x00000076b7000000)]
  0x000001eac25274d0 JavaThread "Exec process Thread 6" [_thread_blocked, id=17980, stack(0x00000076b7100000,0x00000076b7200000)]

Other Threads:
=>0x000001eafe9fea60 VMThread "VM Thread" [stack: 0x00000076af400000,0x00000076af500000] [id=9764]
  0x000001eade308ac0 WatcherThread [stack: 0x00000076b0000000,0x00000076b0100000] [id=11672]
  0x000001eade374010 GCTaskThread "GC Thread#0" [stack: 0x00000076aef00000,0x00000076af000000] [id=19864]
  0x000001eaff6b9470 GCTaskThread "GC Thread#1" [stack: 0x00000076b0300000,0x00000076b0400000] [id=9740]
  0x000001eaff6b91b0 GCTaskThread "GC Thread#2" [stack: 0x00000076b0400000,0x00000076b0500000] [id=16964]
  0x000001eaff6ba4f0 GCTaskThread "GC Thread#3" [stack: 0x00000076b0500000,0x00000076b0600000] [id=5184]
  0x000001eaff6b9f70 GCTaskThread "GC Thread#4" [stack: 0x00000076b0600000,0x00000076b0700000] [id=7556]
  0x000001eaff6b8ef0 GCTaskThread "GC Thread#5" [stack: 0x00000076b0700000,0x00000076b0800000] [id=12556]
  0x000001eaff6b9cb0 GCTaskThread "GC Thread#6" [stack: 0x00000076b1700000,0x00000076b1800000] [id=18764]
  0x000001eaff6ba230 GCTaskThread "GC Thread#7" [stack: 0x00000076b1800000,0x00000076b1900000] [id=16784]
  0x000001eade385b40 ConcurrentGCThread "G1 Main Marker" [stack: 0x00000076af000000,0x00000076af100000] [id=13104]
  0x000001eade388d70 ConcurrentGCThread "G1 Conc#0" [stack: 0x00000076af100000,0x00000076af200000] [id=7660]
  0x000001eabb6a8d80 ConcurrentGCThread "G1 Conc#1" [stack: 0x00000076b1900000,0x00000076b1a00000] [id=21544]
  0x000001eade3c34e0 ConcurrentGCThread "G1 Refine#0" [stack: 0x00000076af200000,0x00000076af300000] [id=18768]
  0x000001eabd9e8c90 ConcurrentGCThread "G1 Refine#1" [stack: 0x00000076b1b00000,0x00000076b1c00000] [id=8788]
  0x000001eabc937d30 ConcurrentGCThread "G1 Refine#2" [stack: 0x00000076b1c00000,0x00000076b1d00000] [id=6636]
  0x000001eac9930850 ConcurrentGCThread "G1 Refine#3" [stack: 0x00000076b6900000,0x00000076b6a00000] [id=20392]
  0x000001eade3c3bd0 ConcurrentGCThread "G1 Service" [stack: 0x00000076af300000,0x00000076af400000] [id=21556]

Threads with active compile tasks:

VM state: at safepoint (normal execution)

VM Mutex/Monitor currently owned by a thread:  ([mutex/lock_event])
[0x000001eade303980] Threads_lock - owner thread: 0x000001eafe9fea60
[0x000001eade302780] Heap_lock - owner thread: 0x000001eade385b40

Heap address: 0x0000000700000000, size: 4096 MB, Compressed Oops mode: Zero based, Oop shift amount: 3

CDS archive(s) mapped at: [0x000001ea82000000-0x000001ea82bd0000-0x000001ea82bd0000), size 12386304, SharedBaseAddress: 0x000001ea82000000, ArchiveRelocationMode: 1.
Compressed class space mapped at: 0x000001ea83000000-0x000001eab7000000, reserved size: 872415232
Narrow klass base: 0x000001ea82000000, Narrow klass shift: 0, Narrow klass range: 0x100000000

GC Precious Log:
 CPUs: 8 total, 8 available
 Memory: 16131M
 Large Page Support: Disabled
 NUMA Support: Disabled
 Compressed Oops: Enabled (Zero based)
 Heap Region Size: 2M
 Heap Min Capacity: 8M
 Heap Initial Capacity: 254M
 Heap Max Capacity: 4G
 Pre-touch: Disabled
 Parallel Workers: 8
 Concurrent Workers: 2
 Concurrent Refinement Workers: 8
 Periodic GC: Disabled

Heap:
 garbage-first heap   total 751616K, used 480589K [0x0000000700000000, 0x0000000800000000)
  region size 2048K, 12 young (24576K), 10 survivors (20480K)
 Metaspace       used 141513K, committed 144128K, reserved 983040K
  class space    used 19701K, committed 20864K, reserved 851968K

Heap Regions: E=young(eden), S=young(survivor), O=old, HS=humongous(starts), HC=humongous(continues), CS=collection set, F=free, OA=open archive, CA=closed archive, TAMS=top-at-mark-start (previous, next)
|   0|0x0000000700000000, 0x0000000700200000, 0x0000000700200000|100%|HS|  |TAMS 0x0000000700200000, 0x0000000700000000| Complete 
|   1|0x0000000700200000, 0x0000000700400000, 0x0000000700400000|100%|HC|  |TAMS 0x0000000700400000, 0x0000000700200000| Complete 
|   2|0x0000000700400000, 0x0000000700600000, 0x0000000700600000|100%| O|  |TAMS 0x0000000700600000, 0x0000000700400000| Untracked 
|   3|0x0000000700600000, 0x0000000700800000, 0x0000000700800000|100%| O|  |TAMS 0x0000000700800000, 0x0000000700600000| Untracked 
|   4|0x0000000700800000, 0x0000000700a00000, 0x0000000700a00000|100%| O|  |TAMS 0x0000000700a00000, 0x0000000700800000| Untracked 
|   5|0x0000000700a00000, 0x0000000700c00000, 0x0000000700c00000|100%| O|  |TAMS 0x0000000700c00000, 0x0000000700a00000| Untracked 
|   6|0x0000000700c00000, 0x0000000700e00000, 0x0000000700e00000|100%| O|  |TAMS 0x0000000700e00000, 0x0000000700c00000| Updating 
|   7|0x0000000700e00000, 0x0000000701000000, 0x0000000701000000|100%| O|  |TAMS 0x0000000701000000, 0x0000000700e00000| Untracked 
|   8|0x0000000701000000, 0x0000000701200000, 0x0000000701200000|100%| O|  |TAMS 0x0000000701200000, 0x0000000701000000| Untracked 
|   9|0x0000000701200000, 0x0000000701400000, 0x0000000701400000|100%| O|  |TAMS 0x0000000701400000, 0x0000000701200000| Untracked 
|  10|0x0000000701400000, 0x0000000701600000, 0x0000000701600000|100%| O|  |TAMS 0x0000000701600000, 0x0000000701400000| Untracked 
|  11|0x0000000701600000, 0x0000000701800000, 0x0000000701800000|100%| O|  |TAMS 0x0000000701800000, 0x0000000701600000| Untracked 
|  12|0x0000000701800000, 0x0000000701a00000, 0x0000000701a00000|100%| O|  |TAMS 0x0000000701a00000, 0x0000000701800000| Untracked 
|  13|0x0000000701a00000, 0x0000000701c00000, 0x0000000701c00000|100%| O|  |TAMS 0x0000000701c00000, 0x0000000701a00000| Untracked 
|  14|0x0000000701c00000, 0x0000000701e00000, 0x0000000701e00000|100%| O|  |TAMS 0x0000000701e00000, 0x0000000701c00000| Updating 
|  15|0x0000000701e00000, 0x0000000702000000, 0x0000000702000000|100%| O|  |TAMS 0x0000000702000000, 0x0000000701e00000| Untracked 
|  16|0x0000000702000000, 0x0000000702200000, 0x0000000702200000|100%| O|  |TAMS 0x0000000702200000, 0x0000000702000000| Updating 
|  17|0x0000000702200000, 0x0000000702400000, 0x0000000702400000|100%| O|  |TAMS 0x0000000702400000, 0x0000000702200000| Updating 
|  18|0x0000000702400000, 0x0000000702600000, 0x0000000702600000|100%| O|  |TAMS 0x0000000702600000, 0x0000000702400000| Updating 
|  19|0x0000000702600000, 0x0000000702800000, 0x0000000702800000|100%| O|  |TAMS 0x0000000702800000, 0x0000000702600000| Untracked 
|  20|0x0000000702800000, 0x0000000702a00000, 0x0000000702a00000|100%| O|  |TAMS 0x0000000702a00000, 0x0000000702800000| Untracked 
|  21|0x0000000702a00000, 0x0000000702c00000, 0x0000000702c00000|100%| O|  |TAMS 0x0000000702c00000, 0x0000000702a00000| Untracked 
|  22|0x0000000702c00000, 0x0000000702e00000, 0x0000000702e00000|100%| O|  |TAMS 0x0000000702e00000, 0x0000000702c00000| Untracked 
|  23|0x0000000702e00000, 0x0000000703000000, 0x0000000703000000|100%|HS|  |TAMS 0x0000000703000000, 0x0000000702e00000| Complete 
|  24|0x0000000703000000, 0x0000000703200000, 0x0000000703200000|100%|HS|  |TAMS 0x0000000703200000, 0x0000000703000000| Complete 
|  25|0x0000000703200000, 0x0000000703400000, 0x0000000703400000|100%|HC|  |TAMS 0x0000000703400000, 0x0000000703200000| Complete 
|  26|0x0000000703400000, 0x0000000703600000, 0x0000000703600000|100%|HS|  |TAMS 0x0000000703600000, 0x0000000703400000| Complete 
|  27|0x0000000703600000, 0x0000000703800000, 0x0000000703800000|100%| O|  |TAMS 0x0000000703800000, 0x0000000703600000| Untracked 
|  28|0x0000000703800000, 0x0000000703a00000, 0x0000000703a00000|100%| O|  |TAMS 0x0000000703a00000, 0x0000000703800000| Untracked 
|  29|0x0000000703a00000, 0x0000000703c00000, 0x0000000703c00000|100%|HS|  |TAMS 0x0000000703c00000, 0x0000000703a00000| Complete 
|  30|0x0000000703c00000, 0x0000000703e00000, 0x0000000703e00000|100%|HC|  |TAMS 0x0000000703e00000, 0x0000000703c00000| Complete 
|  31|0x0000000703e00000, 0x0000000704000000, 0x0000000704000000|100%| O|  |TAMS 0x0000000704000000, 0x0000000703e00000| Untracked 
|  32|0x0000000704000000, 0x0000000704200000, 0x0000000704200000|100%| O|  |TAMS 0x0000000704200000, 0x0000000704000000| Untracked 
|  33|0x0000000704200000, 0x0000000704400000, 0x0000000704400000|100%| O|  |TAMS 0x0000000704400000, 0x0000000704200000| Updating 
|  34|0x0000000704400000, 0x0000000704600000, 0x0000000704600000|100%| O|  |TAMS 0x0000000704600000, 0x0000000704400000| Updating 
|  35|0x0000000704600000, 0x0000000704800000, 0x0000000704800000|100%|HS|  |TAMS 0x0000000704800000, 0x0000000704600000| Complete 
|  36|0x0000000704800000, 0x0000000704a00000, 0x0000000704a00000|100%|HS|  |TAMS 0x0000000704a00000, 0x0000000704800000| Complete 
|  37|0x0000000704a00000, 0x0000000704c00000, 0x0000000704c00000|100%| O|  |TAMS 0x0000000704c00000, 0x0000000704a00000| Untracked 
|  38|0x0000000704c00000, 0x0000000704e00000, 0x0000000704e00000|100%| O|  |TAMS 0x0000000704e00000, 0x0000000704c00000| Updating 
|  39|0x0000000704e00000, 0x0000000705000000, 0x0000000705000000|100%|HS|  |TAMS 0x0000000705000000, 0x0000000704e00000| Complete 
|  40|0x0000000705000000, 0x0000000705200000, 0x0000000705200000|100%|HC|  |TAMS 0x0000000705200000, 0x0000000705000000| Complete 
|  41|0x0000000705200000, 0x0000000705400000, 0x0000000705400000|100%|HS|  |TAMS 0x0000000705400000, 0x0000000705200000| Complete 
|  42|0x0000000705400000, 0x0000000705600000, 0x0000000705600000|100%|HC|  |TAMS 0x0000000705600000, 0x0000000705400000| Complete 
|  43|0x0000000705600000, 0x0000000705800000, 0x0000000705800000|100%| O|  |TAMS 0x0000000705800000, 0x0000000705600000| Untracked 
|  44|0x0000000705800000, 0x0000000705a00000, 0x0000000705a00000|100%| O|  |TAMS 0x0000000705a00000, 0x0000000705800000| Untracked 
|  45|0x0000000705a00000, 0x0000000705c00000, 0x0000000705c00000|100%| O|  |TAMS 0x0000000705c00000, 0x0000000705a00000| Untracked 
|  46|0x0000000705c00000, 0x0000000705e00000, 0x0000000705e00000|100%| O|  |TAMS 0x0000000705e00000, 0x0000000705c00000| Untracked 
|  47|0x0000000705e00000, 0x0000000706000000, 0x0000000706000000|100%| O|  |TAMS 0x0000000706000000, 0x0000000705e00000| Untracked 
|  48|0x0000000706000000, 0x0000000706200000, 0x0000000706200000|100%| O|  |TAMS 0x0000000706200000, 0x0000000706000000| Updating 
|  49|0x0000000706200000, 0x0000000706400000, 0x0000000706400000|100%| O|  |TAMS 0x0000000706400000, 0x0000000706200000| Updating 
|  50|0x0000000706400000, 0x0000000706600000, 0x0000000706600000|100%| O|  |TAMS 0x0000000706600000, 0x0000000706400000| Updating 
|  51|0x0000000706600000, 0x0000000706800000, 0x0000000706800000|100%| O|  |TAMS 0x0000000706800000, 0x0000000706600000| Updating 
|  52|0x0000000706800000, 0x0000000706a00000, 0x0000000706a00000|100%| O|  |TAMS 0x0000000706a00000, 0x0000000706800000| Updating 
|  53|0x0000000706a00000, 0x0000000706c00000, 0x0000000706c00000|100%| O|  |TAMS 0x0000000706c00000, 0x0000000706a00000| Untracked 
|  54|0x0000000706c00000, 0x0000000706e00000, 0x0000000706e00000|100%| O|  |TAMS 0x0000000706e00000, 0x0000000706c00000| Untracked 
|  55|0x0000000706e00000, 0x0000000707000000, 0x0000000707000000|100%| O|  |TAMS 0x0000000707000000, 0x0000000706e00000| Updating 
|  56|0x0000000707000000, 0x0000000707200000, 0x0000000707200000|100%| O|  |TAMS 0x0000000707200000, 0x0000000707000000| Updating 
|  57|0x0000000707200000, 0x0000000707400000, 0x0000000707400000|100%| O|  |TAMS 0x0000000707400000, 0x0000000707200000| Updating 
|  58|0x0000000707400000, 0x0000000707600000, 0x0000000707600000|100%| O|  |TAMS 0x0000000707600000, 0x0000000707400000| Updating 
|  59|0x0000000707600000, 0x0000000707800000, 0x0000000707800000|100%| O|  |TAMS 0x0000000707800000, 0x0000000707600000| Updating 
|  60|0x0000000707800000, 0x0000000707a00000, 0x0000000707a00000|100%| O|  |TAMS 0x0000000707a00000, 0x0000000707800000| Updating 
|  61|0x0000000707a00000, 0x0000000707c00000, 0x0000000707c00000|100%| O|  |TAMS 0x0000000707c00000, 0x0000000707a00000| Updating 
|  62|0x0000000707c00000, 0x0000000707e00000, 0x0000000707e00000|100%| O|  |TAMS 0x0000000707e00000, 0x0000000707c00000| Untracked 
|  63|0x0000000707e00000, 0x0000000708000000, 0x0000000708000000|100%| O|  |TAMS 0x0000000708000000, 0x0000000707e00000| Updating 
|  64|0x0000000708000000, 0x0000000708200000, 0x0000000708200000|100%| O|  |TAMS 0x0000000708200000, 0x0000000708000000| Untracked 
|  65|0x0000000708200000, 0x0000000708400000, 0x0000000708400000|100%| O|  |TAMS 0x0000000708400000, 0x0000000708200000| Updating 
|  66|0x0000000708400000, 0x0000000708600000, 0x0000000708600000|100%| O|  |TAMS 0x0000000708600000, 0x0000000708400000| Untracked 
|  67|0x0000000708600000, 0x0000000708800000, 0x0000000708800000|100%| O|  |TAMS 0x0000000708800000, 0x0000000708600000| Untracked 
|  68|0x0000000708800000, 0x0000000708a00000, 0x0000000708a00000|100%| O|  |TAMS 0x0000000708a00000, 0x0000000708800000| Updating 
|  69|0x0000000708a00000, 0x0000000708c00000, 0x0000000708c00000|100%| O|  |TAMS 0x0000000708c00000, 0x0000000708a00000| Untracked 
|  70|0x0000000708c00000, 0x0000000708e00000, 0x0000000708e00000|100%| O|  |TAMS 0x0000000708e00000, 0x0000000708c00000| Untracked 
|  71|0x0000000708e00000, 0x0000000709000000, 0x0000000709000000|100%|HS|  |TAMS 0x0000000709000000, 0x0000000708e00000| Complete 
|  72|0x0000000709000000, 0x0000000709200000, 0x0000000709200000|100%| O|  |TAMS 0x0000000709200000, 0x0000000709000000| Untracked 
|  73|0x0000000709200000, 0x0000000709400000, 0x0000000709400000|100%| O|  |TAMS 0x0000000709400000, 0x0000000709200000| Untracked 
|  74|0x0000000709400000, 0x0000000709600000, 0x0000000709600000|100%| O|  |TAMS 0x0000000709600000, 0x0000000709400000| Untracked 
|  75|0x0000000709600000, 0x0000000709800000, 0x0000000709800000|100%| O|  |TAMS 0x0000000709800000, 0x0000000709600000| Untracked 
|  76|0x0000000709800000, 0x0000000709a00000, 0x0000000709a00000|100%| O|  |TAMS 0x0000000709a00000, 0x0000000709800000| Untracked 
|  77|0x0000000709a00000, 0x0000000709c00000, 0x0000000709c00000|100%| O|  |TAMS 0x0000000709c00000, 0x0000000709a00000| Untracked 
|  78|0x0000000709c00000, 0x0000000709e00000, 0x0000000709e00000|100%| O|  |TAMS 0x0000000709e00000, 0x0000000709c00000| Untracked 
|  79|0x0000000709e00000, 0x000000070a000000, 0x000000070a000000|100%| O|  |TAMS 0x000000070a000000, 0x0000000709e00000| Updating 
|  80|0x000000070a000000, 0x000000070a200000, 0x000000070a200000|100%| O|  |TAMS 0x000000070a200000, 0x000000070a000000| Updating 
|  81|0x000000070a200000, 0x000000070a400000, 0x000000070a400000|100%| O|  |TAMS 0x000000070a400000, 0x000000070a200000| Untracked 
|  82|0x000000070a400000, 0x000000070a600000, 0x000000070a600000|100%| O|  |TAMS 0x000000070a600000, 0x000000070a400000| Updating 
|  83|0x000000070a600000, 0x000000070a800000, 0x000000070a800000|100%| O|  |TAMS 0x000000070a800000, 0x000000070a600000| Untracked 
|  84|0x000000070a800000, 0x000000070aa00000, 0x000000070aa00000|100%| O|  |TAMS 0x000000070aa00000, 0x000000070a800000| Untracked 
|  85|0x000000070aa00000, 0x000000070ac00000, 0x000000070ac00000|100%| O|  |TAMS 0x000000070ac00000, 0x000000070aa00000| Untracked 
|  86|0x000000070ac00000, 0x000000070ae00000, 0x000000070ae00000|100%| O|  |TAMS 0x000000070ae00000, 0x000000070ac00000| Untracked 
|  87|0x000000070ae00000, 0x000000070b000000, 0x000000070b000000|100%| O|  |TAMS 0x000000070b000000, 0x000000070ae00000| Untracked 
|  88|0x000000070b000000, 0x000000070b200000, 0x000000070b200000|100%| O|  |TAMS 0x000000070b200000, 0x000000070b000000| Untracked 
|  89|0x000000070b200000, 0x000000070b400000, 0x000000070b400000|100%| O|  |TAMS 0x000000070b400000, 0x000000070b200000| Untracked 
|  90|0x000000070b400000, 0x000000070b600000, 0x000000070b600000|100%| O|  |TAMS 0x000000070b600000, 0x000000070b400000| Updating 
|  91|0x000000070b600000, 0x000000070b800000, 0x000000070b800000|100%| O|  |TAMS 0x000000070b800000, 0x000000070b600000| Untracked 
|  92|0x000000070b800000, 0x000000070ba00000, 0x000000070ba00000|100%| O|  |TAMS 0x000000070ba00000, 0x000000070b800000| Updating 
|  93|0x000000070ba00000, 0x000000070bc00000, 0x000000070bc00000|100%| O|  |TAMS 0x000000070bc00000, 0x000000070ba00000| Untracked 
|  94|0x000000070bc00000, 0x000000070be00000, 0x000000070be00000|100%| O|  |TAMS 0x000000070be00000, 0x000000070bc00000| Untracked 
|  95|0x000000070be00000, 0x000000070c000000, 0x000000070c000000|100%| O|  |TAMS 0x000000070c000000, 0x000000070be00000| Updating 
|  96|0x000000070c000000, 0x000000070c200000, 0x000000070c200000|100%|HS|  |TAMS 0x000000070c200000, 0x000000070c000000| Complete 
|  97|0x000000070c200000, 0x000000070c400000, 0x000000070c400000|100%| O|  |TAMS 0x000000070c400000, 0x000000070c200000| Untracked 
|  98|0x000000070c400000, 0x000000070c600000, 0x000000070c600000|100%| O|  |TAMS 0x000000070c600000, 0x000000070c400000| Untracked 
|  99|0x000000070c600000, 0x000000070c800000, 0x000000070c800000|100%| O|  |TAMS 0x000000070c800000, 0x000000070c600000| Untracked 
| 100|0x000000070c800000, 0x000000070ca00000, 0x000000070ca00000|100%| O|  |TAMS 0x000000070ca00000, 0x000000070c800000| Untracked 
| 101|0x000000070ca00000, 0x000000070cc00000, 0x000000070cc00000|100%| O|  |TAMS 0x000000070cc00000, 0x000000070ca00000| Untracked 
| 102|0x000000070cc00000, 0x000000070ce00000, 0x000000070ce00000|100%| O|  |TAMS 0x000000070ce00000, 0x000000070cc00000| Untracked 
| 103|0x000000070ce00000, 0x000000070d000000, 0x000000070d000000|100%| O|  |TAMS 0x000000070d000000, 0x000000070ce00000| Updating 
| 104|0x000000070d000000, 0x000000070d200000, 0x000000070d200000|100%| O|  |TAMS 0x000000070d200000, 0x000000070d000000| Untracked 
| 105|0x000000070d200000, 0x000000070d400000, 0x000000070d400000|100%| O|  |TAMS 0x000000070d400000, 0x000000070d200000| Untracked 
| 106|0x000000070d400000, 0x000000070d600000, 0x000000070d600000|100%| O|  |TAMS 0x000000070d600000, 0x000000070d400000| Untracked 
| 107|0x000000070d600000, 0x000000070d800000, 0x000000070d800000|100%|HS|  |TAMS 0x000000070d800000, 0x000000070d600000| Complete 
| 108|0x000000070d800000, 0x000000070da00000, 0x000000070da00000|100%|HS|  |TAMS 0x000000070da00000, 0x000000070d800000| Complete 
| 109|0x000000070da00000, 0x000000070dc00000, 0x000000070dc00000|100%| O|  |TAMS 0x000000070dc00000, 0x000000070da00000| Untracked 
| 110|0x000000070dc00000, 0x000000070de00000, 0x000000070de00000|100%| O|  |TAMS 0x000000070de00000, 0x000000070dc00000| Updating 
| 111|0x000000070de00000, 0x000000070e000000, 0x000000070e000000|100%| O|  |TAMS 0x000000070e000000, 0x000000070de00000| Untracked 
| 112|0x000000070e000000, 0x000000070e200000, 0x000000070e200000|100%| O|  |TAMS 0x000000070e200000, 0x000000070e000000| Untracked 
| 113|0x000000070e200000, 0x000000070e400000, 0x000000070e400000|100%| O|  |TAMS 0x000000070e400000, 0x000000070e200000| Updating 
| 114|0x000000070e400000, 0x000000070e600000, 0x000000070e600000|100%| O|  |TAMS 0x000000070e600000, 0x000000070e400000| Updating 
| 115|0x000000070e600000, 0x000000070e800000, 0x000000070e800000|100%| O|  |TAMS 0x000000070e800000, 0x000000070e600000| Untracked 
| 116|0x000000070e800000, 0x000000070ea00000, 0x000000070ea00000|100%| O|  |TAMS 0x000000070ea00000, 0x000000070e800000| Updating 
| 117|0x000000070ea00000, 0x000000070ec00000, 0x000000070ec00000|100%| O|  |TAMS 0x000000070ec00000, 0x000000070ea00000| Untracked 
| 118|0x000000070ec00000, 0x000000070ee00000, 0x000000070ee00000|100%| O|  |TAMS 0x000000070ee00000, 0x000000070ec00000| Untracked 
| 119|0x000000070ee00000, 0x000000070f000000, 0x000000070f000000|100%| O|  |TAMS 0x000000070f000000, 0x000000070ee00000| Untracked 
| 120|0x000000070f000000, 0x000000070f200000, 0x000000070f200000|100%| O|  |TAMS 0x000000070f200000, 0x000000070f000000| Untracked 
| 121|0x000000070f200000, 0x000000070f400000, 0x000000070f400000|100%| O|  |TAMS 0x000000070f400000, 0x000000070f200000| Untracked 
| 122|0x000000070f400000, 0x000000070f600000, 0x000000070f600000|100%| O|  |TAMS 0x000000070f600000, 0x000000070f400000| Untracked 
| 123|0x000000070f600000, 0x000000070f800000, 0x000000070f800000|100%| O|  |TAMS 0x000000070f800000, 0x000000070f600000| Untracked 
| 124|0x000000070f800000, 0x000000070fa00000, 0x000000070fa00000|100%| O|  |TAMS 0x000000070fa00000, 0x000000070f800000| Untracked 
| 125|0x000000070fa00000, 0x000000070fc00000, 0x000000070fc00000|100%| O|  |TAMS 0x000000070fc00000, 0x000000070fa00000| Untracked 
| 126|0x000000070fc00000, 0x000000070fe00000, 0x000000070fe00000|100%| O|  |TAMS 0x000000070fe00000, 0x000000070fc00000| Updating 
| 127|0x000000070fe00000, 0x0000000710000000, 0x0000000710000000|100%| O|  |TAMS 0x0000000710000000, 0x000000070fe00000| Untracked 
| 128|0x0000000710000000, 0x0000000710200000, 0x0000000710200000|100%| O|  |TAMS 0x0000000710200000, 0x0000000710000000| Untracked 
| 129|0x0000000710200000, 0x0000000710400000, 0x0000000710400000|100%| O|  |TAMS 0x0000000710400000, 0x0000000710200000| Untracked 
| 130|0x0000000710400000, 0x0000000710600000, 0x0000000710600000|100%| O|  |TAMS 0x0000000710600000, 0x0000000710400000| Untracked 
| 131|0x0000000710600000, 0x0000000710800000, 0x0000000710800000|100%| O|  |TAMS 0x0000000710800000, 0x0000000710600000| Untracked 
| 132|0x0000000710800000, 0x0000000710a00000, 0x0000000710a00000|100%| O|  |TAMS 0x0000000710a00000, 0x0000000710800000| Untracked 
| 133|0x0000000710a00000, 0x0000000710c00000, 0x0000000710c00000|100%| O|  |TAMS 0x0000000710c00000, 0x0000000710a00000| Untracked 
| 134|0x0000000710c00000, 0x0000000710e00000, 0x0000000710e00000|100%| O|  |TAMS 0x0000000710e00000, 0x0000000710c00000| Untracked 
| 135|0x0000000710e00000, 0x0000000711000000, 0x0000000711000000|100%| O|  |TAMS 0x0000000711000000, 0x0000000710e00000| Untracked 
| 136|0x0000000711000000, 0x0000000711200000, 0x0000000711200000|100%| O|  |TAMS 0x0000000711200000, 0x0000000711000000| Untracked 
| 137|0x0000000711200000, 0x0000000711400000, 0x0000000711400000|100%| O|  |TAMS 0x0000000711400000, 0x0000000711200000| Untracked 
| 138|0x0000000711400000, 0x0000000711600000, 0x0000000711600000|100%| O|  |TAMS 0x0000000711600000, 0x0000000711400000| Untracked 
| 139|0x0000000711600000, 0x0000000711800000, 0x0000000711800000|100%| O|  |TAMS 0x0000000711800000, 0x0000000711600000| Untracked 
| 140|0x0000000711800000, 0x0000000711a00000, 0x0000000711a00000|100%| O|  |TAMS 0x0000000711a00000, 0x0000000711800000| Updating 
| 141|0x0000000711a00000, 0x0000000711c00000, 0x0000000711c00000|100%| O|  |TAMS 0x0000000711c00000, 0x0000000711a00000| Updating 
| 142|0x0000000711c00000, 0x0000000711e00000, 0x0000000711e00000|100%| O|  |TAMS 0x0000000711e00000, 0x0000000711c00000| Updating 
| 143|0x0000000711e00000, 0x0000000712000000, 0x0000000712000000|100%| O|  |TAMS 0x0000000712000000, 0x0000000711e00000| Untracked 
| 144|0x0000000712000000, 0x0000000712200000, 0x0000000712200000|100%| O|  |TAMS 0x0000000712200000, 0x0000000712000000| Untracked 
| 145|0x0000000712200000, 0x0000000712400000, 0x0000000712400000|100%| O|  |TAMS 0x0000000712400000, 0x0000000712200000| Untracked 
| 146|0x0000000712400000, 0x0000000712600000, 0x0000000712600000|100%| O|  |TAMS 0x0000000712600000, 0x0000000712400000| Updating 
| 147|0x0000000712600000, 0x0000000712800000, 0x0000000712800000|100%| O|  |TAMS 0x0000000712800000, 0x0000000712600000| Untracked 
| 148|0x0000000712800000, 0x0000000712a00000, 0x0000000712a00000|100%| O|  |TAMS 0x0000000712a00000, 0x0000000712800000| Untracked 
| 149|0x0000000712a00000, 0x0000000712c00000, 0x0000000712c00000|100%| O|  |TAMS 0x0000000712c00000, 0x0000000712a00000| Untracked 
| 150|0x0000000712c00000, 0x0000000712e00000, 0x0000000712e00000|100%| O|  |TAMS 0x0000000712e00000, 0x0000000712c00000| Untracked 
| 151|0x0000000712e00000, 0x0000000713000000, 0x0000000713000000|100%| O|  |TAMS 0x0000000713000000, 0x0000000712e00000| Untracked 
| 152|0x0000000713000000, 0x0000000713200000, 0x0000000713200000|100%| O|  |TAMS 0x0000000713200000, 0x0000000713000000| Untracked 
| 153|0x0000000713200000, 0x0000000713400000, 0x0000000713400000|100%| O|  |TAMS 0x0000000713400000, 0x0000000713200000| Untracked 
| 154|0x0000000713400000, 0x0000000713600000, 0x0000000713600000|100%| O|  |TAMS 0x0000000713600000, 0x0000000713400000| Untracked 
| 155|0x0000000713600000, 0x0000000713800000, 0x0000000713800000|100%| O|  |TAMS 0x0000000713800000, 0x0000000713600000| Untracked 
| 156|0x0000000713800000, 0x0000000713a00000, 0x0000000713a00000|100%| O|  |TAMS 0x0000000713a00000, 0x0000000713800000| Untracked 
| 157|0x0000000713a00000, 0x0000000713c00000, 0x0000000713c00000|100%| O|  |TAMS 0x0000000713c00000, 0x0000000713a00000| Untracked 
| 158|0x0000000713c00000, 0x0000000713e00000, 0x0000000713e00000|100%| O|  |TAMS 0x0000000713e00000, 0x0000000713c00000| Untracked 
| 159|0x0000000713e00000, 0x0000000714000000, 0x0000000714000000|100%| O|  |TAMS 0x0000000714000000, 0x0000000713e00000| Updating 
| 160|0x0000000714000000, 0x0000000714200000, 0x0000000714200000|100%| O|  |TAMS 0x0000000714200000, 0x0000000714000000| Untracked 
| 161|0x0000000714200000, 0x0000000714400000, 0x0000000714400000|100%| O|  |TAMS 0x0000000714400000, 0x0000000714200000| Untracked 
| 162|0x0000000714400000, 0x0000000714600000, 0x0000000714600000|100%| O|  |TAMS 0x0000000714600000, 0x0000000714400000| Untracked 
| 163|0x0000000714600000, 0x0000000714800000, 0x0000000714800000|100%| O|  |TAMS 0x0000000714800000, 0x0000000714600000| Untracked 
| 164|0x0000000714800000, 0x0000000714a00000, 0x0000000714a00000|100%| O|  |TAMS 0x0000000714a00000, 0x0000000714800000| Untracked 
| 165|0x0000000714a00000, 0x0000000714c00000, 0x0000000714c00000|100%| O|  |TAMS 0x0000000714c00000, 0x0000000714a00000| Untracked 
| 166|0x0000000714c00000, 0x0000000714e00000, 0x0000000714e00000|100%| O|  |TAMS 0x0000000714e00000, 0x0000000714c00000| Untracked 
| 167|0x0000000714e00000, 0x0000000715000000, 0x0000000715000000|100%| O|  |TAMS 0x0000000715000000, 0x0000000714e00000| Untracked 
| 168|0x0000000715000000, 0x0000000715200000, 0x0000000715200000|100%| O|  |TAMS 0x0000000715200000, 0x0000000715000000| Untracked 
| 169|0x0000000715200000, 0x0000000715400000, 0x0000000715400000|100%| O|  |TAMS 0x0000000715400000, 0x0000000715200000| Untracked 
| 170|0x0000000715400000, 0x0000000715600000, 0x0000000715600000|100%| O|  |TAMS 0x0000000715600000, 0x0000000715400000| Untracked 
| 171|0x0000000715600000, 0x0000000715800000, 0x0000000715800000|100%| O|  |TAMS 0x0000000715800000, 0x0000000715600000| Untracked 
| 172|0x0000000715800000, 0x0000000715a00000, 0x0000000715a00000|100%| O|  |TAMS 0x0000000715a00000, 0x0000000715800000| Untracked 
| 173|0x0000000715a00000, 0x0000000715c00000, 0x0000000715c00000|100%| O|  |TAMS 0x0000000715c00000, 0x0000000715a00000| Untracked 
| 174|0x0000000715c00000, 0x0000000715e00000, 0x0000000715e00000|100%| O|  |TAMS 0x0000000715e00000, 0x0000000715c00000| Untracked 
| 175|0x0000000715e00000, 0x0000000716000000, 0x0000000716000000|100%| O|  |TAMS 0x0000000716000000, 0x0000000715e00000| Untracked 
| 176|0x0000000716000000, 0x0000000716200000, 0x0000000716200000|100%| O|  |TAMS 0x0000000716200000, 0x0000000716000000| Untracked 
| 177|0x0000000716200000, 0x0000000716400000, 0x0000000716400000|100%| O|  |TAMS 0x0000000716400000, 0x0000000716200000| Untracked 
| 178|0x0000000716400000, 0x0000000716600000, 0x0000000716600000|100%| O|  |TAMS 0x0000000716600000, 0x0000000716400000| Untracked 
| 179|0x0000000716600000, 0x0000000716800000, 0x0000000716800000|100%| O|  |TAMS 0x0000000716800000, 0x0000000716600000| Untracked 
| 180|0x0000000716800000, 0x0000000716a00000, 0x0000000716a00000|100%| O|  |TAMS 0x0000000716a00000, 0x0000000716800000| Untracked 
| 181|0x0000000716a00000, 0x0000000716c00000, 0x0000000716c00000|100%| O|  |TAMS 0x0000000716c00000, 0x0000000716a00000| Untracked 
| 182|0x0000000716c00000, 0x0000000716e00000, 0x0000000716e00000|100%| O|  |TAMS 0x0000000716e00000, 0x0000000716c00000| Updating 
| 183|0x0000000716e00000, 0x0000000717000000, 0x0000000717000000|100%| O|  |TAMS 0x0000000717000000, 0x0000000716e00000| Updating 
| 184|0x0000000717000000, 0x0000000717200000, 0x0000000717200000|100%| O|  |TAMS 0x0000000717200000, 0x0000000717000000| Untracked 
| 185|0x0000000717200000, 0x0000000717400000, 0x0000000717400000|100%| O|  |TAMS 0x0000000717400000, 0x0000000717200000| Untracked 
| 186|0x0000000717400000, 0x0000000717600000, 0x0000000717600000|100%| O|  |TAMS 0x0000000717600000, 0x0000000717400000| Untracked 
| 187|0x0000000717600000, 0x0000000717800000, 0x0000000717800000|100%| O|  |TAMS 0x0000000717800000, 0x0000000717600000| Untracked 
| 188|0x0000000717800000, 0x0000000717a00000, 0x0000000717a00000|100%| O|  |TAMS 0x0000000717a00000, 0x0000000717800000| Updating 
| 189|0x0000000717a00000, 0x0000000717c00000, 0x0000000717c00000|100%| O|  |TAMS 0x0000000717c00000, 0x0000000717a00000| Updating 
| 190|0x0000000717c00000, 0x0000000717e00000, 0x0000000717e00000|100%| O|  |TAMS 0x0000000717e00000, 0x0000000717c00000| Updating 
| 191|0x0000000717e00000, 0x0000000718000000, 0x0000000718000000|100%| O|  |TAMS 0x0000000718000000, 0x0000000717e00000| Untracked 
| 192|0x0000000718000000, 0x0000000718200000, 0x0000000718200000|100%| O|  |TAMS 0x0000000718200000, 0x0000000718000000| Untracked 
| 193|0x0000000718200000, 0x0000000718400000, 0x0000000718400000|100%| O|  |TAMS 0x0000000718400000, 0x0000000718200000| Untracked 
| 194|0x0000000718400000, 0x0000000718600000, 0x0000000718600000|100%| O|  |TAMS 0x0000000718600000, 0x0000000718400000| Updating 
| 195|0x0000000718600000, 0x0000000718800000, 0x0000000718800000|100%| O|  |TAMS 0x0000000718800000, 0x0000000718600000| Updating 
| 196|0x0000000718800000, 0x0000000718a00000, 0x0000000718a00000|100%| O|  |TAMS 0x0000000718a00000, 0x0000000718800000| Untracked 
| 197|0x0000000718a00000, 0x0000000718c00000, 0x0000000718c00000|100%| O|  |TAMS 0x0000000718c00000, 0x0000000718a00000| Untracked 
| 198|0x0000000718c00000, 0x0000000718e00000, 0x0000000718e00000|100%| O|  |TAMS 0x0000000718e00000, 0x0000000718c00000| Untracked 
| 199|0x0000000718e00000, 0x0000000719000000, 0x0000000719000000|100%| O|  |TAMS 0x0000000719000000, 0x0000000718e00000| Untracked 
| 200|0x0000000719000000, 0x0000000719200000, 0x0000000719200000|100%| O|  |TAMS 0x0000000719200000, 0x0000000719000000| Untracked 
| 201|0x0000000719200000, 0x0000000719400000, 0x0000000719400000|100%| O|  |TAMS 0x0000000719400000, 0x0000000719200000| Untracked 
| 202|0x0000000719400000, 0x0000000719600000, 0x0000000719600000|100%| O|  |TAMS 0x0000000719600000, 0x0000000719400000| Untracked 
| 203|0x0000000719600000, 0x0000000719800000, 0x0000000719800000|100%| O|  |TAMS 0x0000000719800000, 0x0000000719600000| Untracked 
| 204|0x0000000719800000, 0x0000000719a00000, 0x0000000719a00000|100%| O|  |TAMS 0x0000000719a00000, 0x0000000719800000| Untracked 
| 205|0x0000000719a00000, 0x0000000719c00000, 0x0000000719c00000|100%| O|  |TAMS 0x0000000719c00000, 0x0000000719a00000| Untracked 
| 206|0x0000000719c00000, 0x0000000719e00000, 0x0000000719e00000|100%| O|  |TAMS 0x0000000719e00000, 0x0000000719c00000| Untracked 
| 207|0x0000000719e00000, 0x000000071a000000, 0x000000071a000000|100%| O|  |TAMS 0x000000071a000000, 0x0000000719e00000| Untracked 
| 208|0x000000071a000000, 0x000000071a200000, 0x000000071a200000|100%| O|  |TAMS 0x000000071a200000, 0x000000071a000000| Untracked 
| 209|0x000000071a200000, 0x000000071a400000, 0x000000071a400000|100%| O|  |TAMS 0x000000071a400000, 0x000000071a200000| Updating 
| 210|0x000000071a400000, 0x000000071a600000, 0x000000071a600000|100%| O|  |TAMS 0x000000071a600000, 0x000000071a400000| Updating 
| 211|0x000000071a600000, 0x000000071a800000, 0x000000071a800000|100%| O|  |TAMS 0x000000071a600000, 0x000000071a600000| Untracked 
| 212|0x000000071a800000, 0x000000071aa00000, 0x000000071aa00000|100%| O|  |TAMS 0x000000071a800000, 0x000000071a800000| Untracked 
| 213|0x000000071aa00000, 0x000000071ac00000, 0x000000071ac00000|100%| O|  |TAMS 0x000000071aa00000, 0x000000071aa00000| Untracked 
| 214|0x000000071ac00000, 0x000000071ae00000, 0x000000071ae00000|100%| O|  |TAMS 0x000000071ac00000, 0x000000071ac00000| Untracked 
| 215|0x000000071ae00000, 0x000000071b000000, 0x000000071b000000|100%| O|  |TAMS 0x000000071ae00000, 0x000000071ae00000| Untracked 
| 216|0x000000071b000000, 0x000000071b200000, 0x000000071b200000|100%| O|  |TAMS 0x000000071b000000, 0x000000071b000000| Untracked 
| 217|0x000000071b200000, 0x000000071b400000, 0x000000071b400000|100%| O|  |TAMS 0x000000071b200000, 0x000000071b200000| Untracked 
| 218|0x000000071b400000, 0x000000071b600000, 0x000000071b600000|100%| O|  |TAMS 0x000000071b400000, 0x000000071b400000| Untracked 
| 219|0x000000071b600000, 0x000000071b800000, 0x000000071b800000|100%| O|  |TAMS 0x000000071b600000, 0x000000071b600000| Untracked 
| 220|0x000000071b800000, 0x000000071ba00000, 0x000000071ba00000|100%| O|  |TAMS 0x000000071b800000, 0x000000071b800000| Untracked 
| 221|0x000000071ba00000, 0x000000071bc00000, 0x000000071bc00000|100%| O|  |TAMS 0x000000071ba00000, 0x000000071ba00000| Untracked 
| 222|0x000000071bc00000, 0x000000071be00000, 0x000000071be00000|100%| O|  |TAMS 0x000000071bc00000, 0x000000071bc00000| Untracked 
| 223|0x000000071be00000, 0x000000071bf53600, 0x000000071c000000| 66%| O|  |TAMS 0x000000071be00000, 0x000000071be00000| Updating 
| 224|0x000000071c000000, 0x000000071c000000, 0x000000071c200000|  0%| F|  |TAMS 0x000000071c000000, 0x000000071c000000| Untracked 
| 225|0x000000071c200000, 0x000000071c200000, 0x000000071c400000|  0%| F|  |TAMS 0x000000071c200000, 0x000000071c200000| Untracked 
| 226|0x000000071c400000, 0x000000071c400000, 0x000000071c600000|  0%| F|  |TAMS 0x000000071c400000, 0x000000071c400000| Untracked 
| 227|0x000000071c600000, 0x000000071c600000, 0x000000071c800000|  0%| F|  |TAMS 0x000000071c600000, 0x000000071c600000| Untracked 
| 228|0x000000071c800000, 0x000000071c800000, 0x000000071ca00000|  0%| F|  |TAMS 0x000000071c800000, 0x000000071c800000| Untracked 
| 229|0x000000071ca00000, 0x000000071ca00000, 0x000000071cc00000|  0%| F|  |TAMS 0x000000071ca00000, 0x000000071ca00000| Untracked 
| 230|0x000000071cc00000, 0x000000071cc00000, 0x000000071ce00000|  0%| F|  |TAMS 0x000000071cc00000, 0x000000071cc00000| Untracked 
| 231|0x000000071ce00000, 0x000000071ce00000, 0x000000071d000000|  0%| F|  |TAMS 0x000000071ce00000, 0x000000071ce00000| Untracked 
| 232|0x000000071d000000, 0x000000071d000000, 0x000000071d200000|  0%| F|  |TAMS 0x000000071d000000, 0x000000071d000000| Untracked 
| 233|0x000000071d200000, 0x000000071d200000, 0x000000071d400000|  0%| F|  |TAMS 0x000000071d200000, 0x000000071d200000| Untracked 
| 234|0x000000071d400000, 0x000000071d400000, 0x000000071d600000|  0%| F|  |TAMS 0x000000071d400000, 0x000000071d400000| Untracked 
| 235|0x000000071d600000, 0x000000071d600000, 0x000000071d800000|  0%| F|  |TAMS 0x000000071d600000, 0x000000071d600000| Untracked 
| 236|0x000000071d800000, 0x000000071d800000, 0x000000071da00000|  0%| F|  |TAMS 0x000000071d800000, 0x000000071d800000| Untracked 
| 237|0x000000071da00000, 0x000000071da00000, 0x000000071dc00000|  0%| F|  |TAMS 0x000000071da00000, 0x000000071da00000| Untracked 
| 238|0x000000071dc00000, 0x000000071dc00000, 0x000000071de00000|  0%| F|  |TAMS 0x000000071dc00000, 0x000000071dc00000| Untracked 
| 239|0x000000071de00000, 0x000000071de00000, 0x000000071e000000|  0%| F|  |TAMS 0x000000071de00000, 0x000000071de00000| Untracked 
| 240|0x000000071e000000, 0x000000071e000000, 0x000000071e200000|  0%| F|  |TAMS 0x000000071e000000, 0x000000071e000000| Untracked 
| 241|0x000000071e200000, 0x000000071e200000, 0x000000071e400000|  0%| F|  |TAMS 0x000000071e200000, 0x000000071e200000| Untracked 
| 242|0x000000071e400000, 0x000000071e400000, 0x000000071e600000|  0%| F|  |TAMS 0x000000071e400000, 0x000000071e400000| Untracked 
| 243|0x000000071e600000, 0x000000071e600000, 0x000000071e800000|  0%| F|  |TAMS 0x000000071e600000, 0x000000071e600000| Untracked 
| 244|0x000000071e800000, 0x000000071e800000, 0x000000071ea00000|  0%| F|  |TAMS 0x000000071e800000, 0x000000071e800000| Untracked 
| 245|0x000000071ea00000, 0x000000071ea00000, 0x000000071ec00000|  0%| F|  |TAMS 0x000000071ea00000, 0x000000071ea00000| Untracked 
| 246|0x000000071ec00000, 0x000000071ec00000, 0x000000071ee00000|  0%| F|  |TAMS 0x000000071ec00000, 0x000000071ec00000| Untracked 
| 247|0x000000071ee00000, 0x000000071ee00000, 0x000000071f000000|  0%| F|  |TAMS 0x000000071ee00000, 0x000000071ee00000| Untracked 
| 248|0x000000071f000000, 0x000000071f000000, 0x000000071f200000|  0%| F|  |TAMS 0x000000071f000000, 0x000000071f000000| Untracked 
| 249|0x000000071f200000, 0x000000071f200000, 0x000000071f400000|  0%| F|  |TAMS 0x000000071f200000, 0x000000071f200000| Untracked 
| 250|0x000000071f400000, 0x000000071f400000, 0x000000071f600000|  0%| F|  |TAMS 0x000000071f400000, 0x000000071f400000| Untracked 
| 251|0x000000071f600000, 0x000000071f600000, 0x000000071f800000|  0%| F|  |TAMS 0x000000071f600000, 0x000000071f600000| Untracked 
| 252|0x000000071f800000, 0x000000071f800000, 0x000000071fa00000|  0%| F|  |TAMS 0x000000071f800000, 0x000000071f800000| Untracked 
| 253|0x000000071fa00000, 0x000000071fa00000, 0x000000071fc00000|  0%| F|  |TAMS 0x000000071fa00000, 0x000000071fa00000| Untracked 
| 254|0x000000071fc00000, 0x000000071fc00000, 0x000000071fe00000|  0%| F|  |TAMS 0x000000071fc00000, 0x000000071fc00000| Untracked 
| 255|0x000000071fe00000, 0x000000071fe00000, 0x0000000720000000|  0%| F|  |TAMS 0x000000071fe00000, 0x000000071fe00000| Untracked 
| 256|0x0000000720000000, 0x0000000720000000, 0x0000000720200000|  0%| F|  |TAMS 0x0000000720000000, 0x0000000720000000| Untracked 
| 257|0x0000000720200000, 0x0000000720200000, 0x0000000720400000|  0%| F|  |TAMS 0x0000000720200000, 0x0000000720200000| Untracked 
| 258|0x0000000720400000, 0x0000000720400000, 0x0000000720600000|  0%| F|  |TAMS 0x0000000720400000, 0x0000000720400000| Untracked 
| 259|0x0000000720600000, 0x0000000720600000, 0x0000000720800000|  0%| F|  |TAMS 0x0000000720600000, 0x0000000720600000| Untracked 
| 260|0x0000000720800000, 0x0000000720800000, 0x0000000720a00000|  0%| F|  |TAMS 0x0000000720800000, 0x0000000720800000| Untracked 
| 261|0x0000000720a00000, 0x0000000720a00000, 0x0000000720c00000|  0%| F|  |TAMS 0x0000000720a00000, 0x0000000720a00000| Untracked 
| 262|0x0000000720c00000, 0x0000000720c00000, 0x0000000720e00000|  0%| F|  |TAMS 0x0000000720c00000, 0x0000000720c00000| Untracked 
| 263|0x0000000720e00000, 0x0000000720e00000, 0x0000000721000000|  0%| F|  |TAMS 0x0000000720e00000, 0x0000000720e00000| Untracked 
| 264|0x0000000721000000, 0x0000000721000000, 0x0000000721200000|  0%| F|  |TAMS 0x0000000721000000, 0x0000000721000000| Untracked 
| 265|0x0000000721200000, 0x0000000721200000, 0x0000000721400000|  0%| F|  |TAMS 0x0000000721200000, 0x0000000721200000| Untracked 
| 266|0x0000000721400000, 0x0000000721400000, 0x0000000721600000|  0%| F|  |TAMS 0x0000000721400000, 0x0000000721400000| Untracked 
| 267|0x0000000721600000, 0x0000000721600000, 0x0000000721800000|  0%| F|  |TAMS 0x0000000721600000, 0x0000000721600000| Untracked 
| 268|0x0000000721800000, 0x0000000721800000, 0x0000000721a00000|  0%| F|  |TAMS 0x0000000721800000, 0x0000000721800000| Untracked 
| 269|0x0000000721a00000, 0x0000000721c00000, 0x0000000721c00000|100%| S|CS|TAMS 0x0000000721a00000, 0x0000000721a00000| Complete 
| 270|0x0000000721c00000, 0x0000000721c00000, 0x0000000721e00000|  0%| F|  |TAMS 0x0000000721c00000, 0x0000000721c00000| Untracked 
| 271|0x0000000721e00000, 0x0000000721e00000, 0x0000000722000000|  0%| F|  |TAMS 0x0000000721e00000, 0x0000000721e00000| Untracked 
| 272|0x0000000722000000, 0x0000000722000000, 0x0000000722200000|  0%| F|  |TAMS 0x0000000722000000, 0x0000000722000000| Untracked 
| 273|0x0000000722200000, 0x0000000722200000, 0x0000000722400000|  0%| F|  |TAMS 0x0000000722200000, 0x0000000722200000| Untracked 
| 274|0x0000000722400000, 0x0000000722400000, 0x0000000722600000|  0%| F|  |TAMS 0x0000000722400000, 0x0000000722400000| Untracked 
| 275|0x0000000722600000, 0x0000000722600000, 0x0000000722800000|  0%| F|  |TAMS 0x0000000722600000, 0x0000000722600000| Untracked 
| 276|0x0000000722800000, 0x0000000722800000, 0x0000000722a00000|  0%| F|  |TAMS 0x0000000722800000, 0x0000000722800000| Untracked 
| 277|0x0000000722a00000, 0x0000000722a00000, 0x0000000722c00000|  0%| F|  |TAMS 0x0000000722a00000, 0x0000000722a00000| Untracked 
| 278|0x0000000722c00000, 0x0000000722c00000, 0x0000000722e00000|  0%| F|  |TAMS 0x0000000722c00000, 0x0000000722c00000| Untracked 
| 279|0x0000000722e00000, 0x0000000722e00000, 0x0000000723000000|  0%| F|  |TAMS 0x0000000722e00000, 0x0000000722e00000| Untracked 
| 280|0x0000000723000000, 0x0000000723000000, 0x0000000723200000|  0%| F|  |TAMS 0x0000000723000000, 0x0000000723000000| Untracked 
| 281|0x0000000723200000, 0x0000000723200000, 0x0000000723400000|  0%| F|  |TAMS 0x0000000723200000, 0x0000000723200000| Untracked 
| 282|0x0000000723400000, 0x0000000723400000, 0x0000000723600000|  0%| F|  |TAMS 0x0000000723400000, 0x0000000723400000| Untracked 
| 283|0x0000000723600000, 0x0000000723800000, 0x0000000723800000|100%| S|CS|TAMS 0x0000000723600000, 0x0000000723600000| Complete 
| 284|0x0000000723800000, 0x0000000723a00000, 0x0000000723a00000|100%| S|CS|TAMS 0x0000000723800000, 0x0000000723800000| Complete 
| 285|0x0000000723a00000, 0x0000000723c00000, 0x0000000723c00000|100%| S|CS|TAMS 0x0000000723a00000, 0x0000000723a00000| Complete 
| 286|0x0000000723c00000, 0x0000000723e00000, 0x0000000723e00000|100%| S|CS|TAMS 0x0000000723c00000, 0x0000000723c00000| Complete 
| 287|0x0000000723e00000, 0x0000000724000000, 0x0000000724000000|100%| S|CS|TAMS 0x0000000723e00000, 0x0000000723e00000| Complete 
| 288|0x0000000724000000, 0x0000000724200000, 0x0000000724200000|100%| S|CS|TAMS 0x0000000724000000, 0x0000000724000000| Complete 
| 289|0x0000000724200000, 0x0000000724400000, 0x0000000724400000|100%| S|CS|TAMS 0x0000000724200000, 0x0000000724200000| Complete 
| 290|0x0000000724400000, 0x0000000724600000, 0x0000000724600000|100%| S|CS|TAMS 0x0000000724400000, 0x0000000724400000| Complete 
| 291|0x0000000724600000, 0x0000000724800000, 0x0000000724800000|100%| S|CS|TAMS 0x0000000724600000, 0x0000000724600000| Complete 
| 292|0x0000000724800000, 0x0000000724800000, 0x0000000724a00000|  0%| F|  |TAMS 0x0000000724800000, 0x0000000724800000| Untracked 
| 293|0x0000000724a00000, 0x0000000724a00000, 0x0000000724c00000|  0%| F|  |TAMS 0x0000000724a00000, 0x0000000724a00000| Untracked 
| 294|0x0000000724c00000, 0x0000000724c00000, 0x0000000724e00000|  0%| F|  |TAMS 0x0000000724c00000, 0x0000000724c00000| Untracked 
| 295|0x0000000724e00000, 0x0000000724e00000, 0x0000000725000000|  0%| F|  |TAMS 0x0000000724e00000, 0x0000000724e00000| Untracked 
| 296|0x0000000725000000, 0x0000000725000000, 0x0000000725200000|  0%| F|  |TAMS 0x0000000725000000, 0x0000000725000000| Untracked 
| 297|0x0000000725200000, 0x0000000725200000, 0x0000000725400000|  0%| F|  |TAMS 0x0000000725200000, 0x0000000725200000| Untracked 
| 298|0x0000000725400000, 0x0000000725400000, 0x0000000725600000|  0%| F|  |TAMS 0x0000000725400000, 0x0000000725400000| Untracked 
| 299|0x0000000725600000, 0x0000000725600000, 0x0000000725800000|  0%| F|  |TAMS 0x0000000725600000, 0x0000000725600000| Untracked 
| 300|0x0000000725800000, 0x0000000725800000, 0x0000000725a00000|  0%| F|  |TAMS 0x0000000725800000, 0x0000000725800000| Untracked 
| 301|0x0000000725a00000, 0x0000000725a00000, 0x0000000725c00000|  0%| F|  |TAMS 0x0000000725a00000, 0x0000000725a00000| Untracked 
| 302|0x0000000725c00000, 0x0000000725c00000, 0x0000000725e00000|  0%| F|  |TAMS 0x0000000725c00000, 0x0000000725c00000| Untracked 
| 303|0x0000000725e00000, 0x0000000725e00000, 0x0000000726000000|  0%| F|  |TAMS 0x0000000725e00000, 0x0000000725e00000| Untracked 
| 304|0x0000000726000000, 0x0000000726000000, 0x0000000726200000|  0%| F|  |TAMS 0x0000000726000000, 0x0000000726000000| Untracked 
| 305|0x0000000726200000, 0x0000000726200000, 0x0000000726400000|  0%| F|  |TAMS 0x0000000726200000, 0x0000000726200000| Untracked 
| 306|0x0000000726400000, 0x0000000726400000, 0x0000000726600000|  0%| F|  |TAMS 0x0000000726400000, 0x0000000726400000| Untracked 
| 307|0x0000000726600000, 0x0000000726600000, 0x0000000726800000|  0%| F|  |TAMS 0x0000000726600000, 0x0000000726600000| Untracked 
| 308|0x0000000726800000, 0x0000000726800000, 0x0000000726a00000|  0%| F|  |TAMS 0x0000000726800000, 0x0000000726800000| Untracked 
| 309|0x0000000726a00000, 0x0000000726a00000, 0x0000000726c00000|  0%| F|  |TAMS 0x0000000726a00000, 0x0000000726a00000| Untracked 
| 310|0x0000000726c00000, 0x0000000726c00000, 0x0000000726e00000|  0%| F|  |TAMS 0x0000000726c00000, 0x0000000726c00000| Untracked 
| 311|0x0000000726e00000, 0x0000000726e00000, 0x0000000727000000|  0%| F|  |TAMS 0x0000000726e00000, 0x0000000726e00000| Untracked 
| 312|0x0000000727000000, 0x0000000727000000, 0x0000000727200000|  0%| F|  |TAMS 0x0000000727000000, 0x0000000727000000| Untracked 
| 313|0x0000000727200000, 0x0000000727200000, 0x0000000727400000|  0%| F|  |TAMS 0x0000000727200000, 0x0000000727200000| Untracked 
| 314|0x0000000727400000, 0x0000000727400000, 0x0000000727600000|  0%| F|  |TAMS 0x0000000727400000, 0x0000000727400000| Untracked 
| 315|0x0000000727600000, 0x0000000727600000, 0x0000000727800000|  0%| F|  |TAMS 0x0000000727600000, 0x0000000727600000| Untracked 
| 316|0x0000000727800000, 0x0000000727800000, 0x0000000727a00000|  0%| F|  |TAMS 0x0000000727800000, 0x0000000727800000| Untracked 
| 317|0x0000000727a00000, 0x0000000727a00000, 0x0000000727c00000|  0%| F|  |TAMS 0x0000000727a00000, 0x0000000727a00000| Untracked 
| 318|0x0000000727c00000, 0x0000000727c00000, 0x0000000727e00000|  0%| F|  |TAMS 0x0000000727c00000, 0x0000000727c00000| Untracked 
| 319|0x0000000727e00000, 0x0000000727e00000, 0x0000000728000000|  0%| F|  |TAMS 0x0000000727e00000, 0x0000000727e00000| Untracked 
| 320|0x0000000728000000, 0x0000000728000000, 0x0000000728200000|  0%| F|  |TAMS 0x0000000728000000, 0x0000000728000000| Untracked 
| 321|0x0000000728200000, 0x0000000728200000, 0x0000000728400000|  0%| F|  |TAMS 0x0000000728200000, 0x0000000728200000| Untracked 
| 322|0x0000000728400000, 0x0000000728400000, 0x0000000728600000|  0%| F|  |TAMS 0x0000000728400000, 0x0000000728400000| Untracked 
| 323|0x0000000728600000, 0x0000000728600000, 0x0000000728800000|  0%| F|  |TAMS 0x0000000728600000, 0x0000000728600000| Untracked 
| 324|0x0000000728800000, 0x0000000728800000, 0x0000000728a00000|  0%| F|  |TAMS 0x0000000728800000, 0x0000000728800000| Untracked 
| 325|0x0000000728a00000, 0x0000000728a00000, 0x0000000728c00000|  0%| F|  |TAMS 0x0000000728a00000, 0x0000000728a00000| Untracked 
| 326|0x0000000728c00000, 0x0000000728c00000, 0x0000000728e00000|  0%| F|  |TAMS 0x0000000728c00000, 0x0000000728c00000| Untracked 
| 327|0x0000000728e00000, 0x0000000728e00000, 0x0000000729000000|  0%| F|  |TAMS 0x0000000728e00000, 0x0000000728e00000| Untracked 
| 328|0x0000000729000000, 0x0000000729000000, 0x0000000729200000|  0%| F|  |TAMS 0x0000000729000000, 0x0000000729000000| Untracked 
| 329|0x0000000729200000, 0x0000000729200000, 0x0000000729400000|  0%| F|  |TAMS 0x0000000729200000, 0x0000000729200000| Untracked 
| 330|0x0000000729400000, 0x0000000729400000, 0x0000000729600000|  0%| F|  |TAMS 0x0000000729400000, 0x0000000729400000| Untracked 
| 331|0x0000000729600000, 0x0000000729600000, 0x0000000729800000|  0%| F|  |TAMS 0x0000000729600000, 0x0000000729600000| Untracked 
| 332|0x0000000729800000, 0x0000000729800000, 0x0000000729a00000|  0%| F|  |TAMS 0x0000000729800000, 0x0000000729800000| Untracked 
| 333|0x0000000729a00000, 0x0000000729a00000, 0x0000000729c00000|  0%| F|  |TAMS 0x0000000729a00000, 0x0000000729a00000| Untracked 
| 334|0x0000000729c00000, 0x0000000729c00000, 0x0000000729e00000|  0%| F|  |TAMS 0x0000000729c00000, 0x0000000729c00000| Untracked 
| 335|0x0000000729e00000, 0x0000000729e00000, 0x000000072a000000|  0%| F|  |TAMS 0x0000000729e00000, 0x0000000729e00000| Untracked 
| 336|0x000000072a000000, 0x000000072a000000, 0x000000072a200000|  0%| F|  |TAMS 0x000000072a000000, 0x000000072a000000| Untracked 
| 337|0x000000072a200000, 0x000000072a200000, 0x000000072a400000|  0%| F|  |TAMS 0x000000072a200000, 0x000000072a200000| Untracked 
| 338|0x000000072a400000, 0x000000072a400000, 0x000000072a600000|  0%| F|  |TAMS 0x000000072a400000, 0x000000072a400000| Untracked 
| 339|0x000000072a600000, 0x000000072a600000, 0x000000072a800000|  0%| F|  |TAMS 0x000000072a600000, 0x000000072a600000| Untracked 
| 340|0x000000072a800000, 0x000000072a800000, 0x000000072aa00000|  0%| F|  |TAMS 0x000000072a800000, 0x000000072a800000| Untracked 
| 341|0x000000072aa00000, 0x000000072aa00000, 0x000000072ac00000|  0%| F|  |TAMS 0x000000072aa00000, 0x000000072aa00000| Untracked 
| 342|0x000000072ac00000, 0x000000072ac00000, 0x000000072ae00000|  0%| F|  |TAMS 0x000000072ac00000, 0x000000072ac00000| Untracked 
| 343|0x000000072ae00000, 0x000000072ae00000, 0x000000072b000000|  0%| F|  |TAMS 0x000000072ae00000, 0x000000072ae00000| Untracked 
| 344|0x000000072b000000, 0x000000072b000000, 0x000000072b200000|  0%| F|  |TAMS 0x000000072b000000, 0x000000072b000000| Untracked 
| 345|0x000000072b200000, 0x000000072b200000, 0x000000072b400000|  0%| F|  |TAMS 0x000000072b200000, 0x000000072b200000| Untracked 
| 346|0x000000072b400000, 0x000000072b400000, 0x000000072b600000|  0%| F|  |TAMS 0x000000072b400000, 0x000000072b400000| Untracked 
| 347|0x000000072b600000, 0x000000072b600000, 0x000000072b800000|  0%| F|  |TAMS 0x000000072b600000, 0x000000072b600000| Untracked 
| 348|0x000000072b800000, 0x000000072b800000, 0x000000072ba00000|  0%| F|  |TAMS 0x000000072b800000, 0x000000072b800000| Untracked 
| 349|0x000000072ba00000, 0x000000072ba00000, 0x000000072bc00000|  0%| F|  |TAMS 0x000000072ba00000, 0x000000072ba00000| Untracked 
| 350|0x000000072bc00000, 0x000000072bc00000, 0x000000072be00000|  0%| F|  |TAMS 0x000000072bc00000, 0x000000072bc00000| Untracked 
| 351|0x000000072be00000, 0x000000072be00000, 0x000000072c000000|  0%| F|  |TAMS 0x000000072be00000, 0x000000072be00000| Untracked 
| 352|0x000000072c000000, 0x000000072c000000, 0x000000072c200000|  0%| F|  |TAMS 0x000000072c000000, 0x000000072c000000| Untracked 
| 353|0x000000072c200000, 0x000000072c200000, 0x000000072c400000|  0%| F|  |TAMS 0x000000072c200000, 0x000000072c200000| Untracked 
| 354|0x000000072c400000, 0x000000072c400000, 0x000000072c600000|  0%| F|  |TAMS 0x000000072c400000, 0x000000072c400000| Untracked 
| 355|0x000000072c600000, 0x000000072c600000, 0x000000072c800000|  0%| F|  |TAMS 0x000000072c600000, 0x000000072c600000| Untracked 
| 356|0x000000072c800000, 0x000000072c800000, 0x000000072ca00000|  0%| F|  |TAMS 0x000000072c800000, 0x000000072c800000| Untracked 
| 357|0x000000072ca00000, 0x000000072ca00000, 0x000000072cc00000|  0%| F|  |TAMS 0x000000072ca00000, 0x000000072ca00000| Untracked 
| 358|0x000000072cc00000, 0x000000072cc00000, 0x000000072ce00000|  0%| F|  |TAMS 0x000000072cc00000, 0x000000072cc00000| Untracked 
| 359|0x000000072ce00000, 0x000000072ce00000, 0x000000072d000000|  0%| F|  |TAMS 0x000000072ce00000, 0x000000072ce00000| Untracked 
| 360|0x000000072d000000, 0x000000072d000000, 0x000000072d200000|  0%| F|  |TAMS 0x000000072d000000, 0x000000072d000000| Untracked 
| 361|0x000000072d200000, 0x000000072d200000, 0x000000072d400000|  0%| F|  |TAMS 0x000000072d200000, 0x000000072d200000| Untracked 
| 362|0x000000072d400000, 0x000000072d400000, 0x000000072d600000|  0%| F|  |TAMS 0x000000072d400000, 0x000000072d400000| Untracked 
| 363|0x000000072d600000, 0x000000072d600000, 0x000000072d800000|  0%| F|  |TAMS 0x000000072d600000, 0x000000072d600000| Untracked 
| 364|0x000000072d800000, 0x000000072d800000, 0x000000072da00000|  0%| F|  |TAMS 0x000000072d800000, 0x000000072d800000| Untracked 
| 365|0x000000072da00000, 0x000000072dc00000, 0x000000072dc00000|100%| E|  |TAMS 0x000000072da00000, 0x000000072da00000| Complete 
| 366|0x000000072dc00000, 0x000000072de00000, 0x000000072de00000|100%| E|CS|TAMS 0x000000072dc00000, 0x000000072dc00000| Complete 

Card table byte_map: [0x000001eaf56f0000,0x000001eaf5ef0000] _byte_map_base: 0x000001eaf1ef0000

Marking Bits (Prev, Next): (CMBitMap*) 0x000001eade374580, (CMBitMap*) 0x000001eade374540
 Prev Bits: [0x000001eafa6f0000, 0x000001eafe6f0000)
 Next Bits: [0x000001eaf66f0000, 0x000001eafa6f0000)

Polling page: 0x000001eadc200000

Metaspace:

Usage:
  Non-class:    118.96 MB used.
      Class:     19.24 MB used.
       Both:    138.20 MB used.

Virtual space:
  Non-class space:      128.00 MB reserved,     120.38 MB ( 94%) committed,  2 nodes.
      Class space:      832.00 MB reserved,      20.38 MB (  2%) committed,  1 nodes.
             Both:      960.00 MB reserved,     140.75 MB ( 15%) committed. 

Chunk freelists:
   Non-Class:  6.72 MB
       Class:  11.64 MB
        Both:  18.36 MB

MaxMetaspaceSize: 1.00 GB
CompressedClassSpaceSize: 832.00 MB
Initial GC threshold: 21.00 MB
Current GC threshold: 210.31 MB
CDS: on
MetaspaceReclaimPolicy: balanced
 - commit_granule_bytes: 65536.
 - commit_granule_words: 8192.
 - virtual_space_node_default_size: 8388608.
 - enlarge_chunks_in_place: 1.
 - new_chunks_are_fully_committed: 0.
 - uncommit_free_chunks: 1.
 - use_allocation_guard: 0.
 - handle_deallocations: 1.


Internal statistics:

num_allocs_failed_limit: 6.
num_arena_births: 3266.
num_arena_deaths: 4.
num_vsnodes_births: 3.
num_vsnodes_deaths: 0.
num_space_committed: 2252.
num_space_uncommitted: 0.
num_chunks_returned_to_freelist: 12.
num_chunks_taken_from_freelist: 10257.
num_chunk_merges: 6.
num_chunk_splits: 6242.
num_chunks_enlarged: 3431.
num_inconsistent_stats: 0.

CodeHeap 'non-profiled nmethods': size=120000Kb used=17949Kb max_used=18811Kb free=102050Kb
 bounds [0x000001eaed690000, 0x000001eaee8f0000, 0x000001eaf4bc0000]
CodeHeap 'profiled nmethods': size=120000Kb used=37976Kb max_used=39583Kb free=82024Kb
 bounds [0x000001eae5bc0000, 0x000001eae8270000, 0x000001eaed0f0000]
CodeHeap 'non-nmethods': size=5760Kb used=2512Kb max_used=2662Kb free=3247Kb
 bounds [0x000001eaed0f0000, 0x000001eaed3a0000, 0x000001eaed690000]
 total_blobs=20874 nmethods=19810 adapters=975
 compilation: enabled
              stopped_count=0, restarted_count=0
 full_count=0

Compilation events (20 events):
Event: 297.149 Thread 0x000001eac15377f0 24636       4       org.gradle.internal.component.external.model.AbstractMutableModuleComponentResolveMetadata$ImmutableVariantImpl::asDescribable (14 bytes)
Event: 297.150 Thread 0x000001eac15377f0 nmethod 24636 0x000001eaee2e8b10 code [0x000001eaee2e8ca0, 0x000001eaee2e8d98]
Event: 297.150 Thread 0x000001eac15377f0 24630       4       com.google.common.collect.ImmutableMultimap$Builder::newMutableValueCollection (8 bytes)
Event: 297.151 Thread 0x000001eac15377f0 nmethod 24630 0x000001eaee2e8810 code [0x000001eaee2e89a0, 0x000001eaee2e8a78]
Event: 297.155 Thread 0x000001eac1536d50 nmethod 24633 0x000001eaedbe7a10 code [0x000001eaedbe7ba0, 0x000001eaedbe80f8]
Event: 297.158 Thread 0x000001eaff1b8800 nmethod 24625 0x000001eaedc16610 code [0x000001eaedc16940, 0x000001eaedc1a130]
Event: 298.636 Thread 0x000001eaff1c8d30 24645       3       jdk.internal.misc.Unsafe::freeMemory (18 bytes)
Event: 298.636 Thread 0x000001eaff1c8d30 nmethod 24645 0x000001eae63bf910 code [0x000001eae63bfae0, 0x000001eae63bfdb8]
Event: 298.636 Thread 0x000001eaff1c8d30 24646       3       jdk.internal.misc.Unsafe::freeMemoryChecks (7 bytes)
Event: 298.637 Thread 0x000001eaff1c8d30 nmethod 24646 0x000001eae644f490 code [0x000001eae644f640, 0x000001eae644f838]
Event: 298.637 Thread 0x000001eaff1c8d30 24647       3       sun.nio.fs.NativeBuffer$Deallocator::run (11 bytes)
Event: 298.638 Thread 0x000001eaff1c8d30 nmethod 24647 0x000001eae6856e90 code [0x000001eae6857060, 0x000001eae6857398]
Event: 298.640 Thread 0x000001eaff1b8800 24648       4       org.gradle.internal.execution.steps.IdentityCacheStep$$Lambda$971/0x000001ea83678d98::<init> (10 bytes)
Event: 298.641 Thread 0x000001eaff1b8800 nmethod 24648 0x000001eaedc16010 code [0x000001eaedc16180, 0x000001eaedc162f8]
Event: 298.699 Thread 0x000001eaff1c8d30 24649       3       sun.nio.fs.NativeBuffer::free (10 bytes)
Event: 298.700 Thread 0x000001eaff1c8d30 nmethod 24649 0x000001eae64a2690 code [0x000001eae64a2860, 0x000001eae64a2c68]
Event: 298.754 Thread 0x000001eaff1b8800 24650       4       org.gradle.internal.vfs.impl.AbstractVirtualFileSystem::updateRootUnderLock (12 bytes)
Event: 298.783 Thread 0x000001eaff1b8800 nmethod 24650 0x000001eaedb12b10 code [0x000001eaedb12de0, 0x000001eaedb14650]
Event: 300.653 Thread 0x000001eaff1b8800 24651       4       sun.nio.fs.WindowsPath::getFileName (87 bytes)
Event: 300.663 Thread 0x000001eaff1b8800 nmethod 24651 0x000001eaedbf4710 code [0x000001eaedbf48e0, 0x000001eaedbf5488]

GC Heap History (20 events):
Event: 209.085 GC heap before
{Heap before GC invocations=111 (full 0):
 garbage-first heap   total 614400K, used 451922K [0x0000000700000000, 0x0000000800000000)
  region size 2048K, 63 young (129024K), 4 survivors (8192K)
 Metaspace       used 124798K, committed 126720K, reserved 983040K
  class space    used 17581K, committed 18496K, reserved 851968K
}
Event: 209.097 GC heap after
{Heap after GC invocations=112 (full 0):
 garbage-first heap   total 614400K, used 342914K [0x0000000700000000, 0x0000000800000000)
  region size 2048K, 8 young (16384K), 8 survivors (16384K)
 Metaspace       used 124798K, committed 126720K, reserved 983040K
  class space    used 17581K, committed 18496K, reserved 851968K
}
Event: 209.415 GC heap before
{Heap before GC invocations=112 (full 0):
 garbage-first heap   total 614400K, used 355202K [0x0000000700000000, 0x0000000800000000)
  region size 2048K, 15 young (30720K), 8 survivors (16384K)
 Metaspace       used 124798K, committed 126720K, reserved 983040K
  class space    used 17581K, committed 18496K, reserved 851968K
}
Event: 209.433 GC heap after
{Heap after GC invocations=113 (full 0):
 garbage-first heap   total 614400K, used 339588K [0x0000000700000000, 0x0000000800000000)
  region size 2048K, 2 young (4096K), 2 survivors (4096K)
 Metaspace       used 124798K, committed 126720K, reserved 983040K
  class space    used 17581K, committed 18496K, reserved 851968K
}
Event: 210.955 GC heap before
{Heap before GC invocations=113 (full 0):
 garbage-first heap   total 614400K, used 505476K [0x0000000700000000, 0x0000000800000000)
  region size 2048K, 84 young (172032K), 2 survivors (4096K)
 Metaspace       used 125489K, committed 127680K, reserved 983040K
  class space    used 17695K, committed 18688K, reserved 851968K
}
Event: 210.963 GC heap after
{Heap after GC invocations=114 (full 0):
 garbage-first heap   total 614400K, used 347131K [0x0000000700000000, 0x0000000800000000)
  region size 2048K, 6 young (12288K), 6 survivors (12288K)
 Metaspace       used 125489K, committed 127680K, reserved 983040K
  class space    used 17695K, committed 18688K, reserved 851968K
}
Event: 211.799 GC heap before
{Heap before GC invocations=114 (full 0):
 garbage-first heap   total 614400K, used 506875K [0x0000000700000000, 0x0000000800000000)
  region size 2048K, 85 young (174080K), 6 survivors (12288K)
 Metaspace       used 125872K, committed 128064K, reserved 983040K
  class space    used 17746K, committed 18752K, reserved 851968K
}
Event: 211.812 GC heap after
{Heap after GC invocations=115 (full 0):
 garbage-first heap   total 614400K, used 361454K [0x0000000700000000, 0x0000000800000000)
  region size 2048K, 11 young (22528K), 11 survivors (22528K)
 Metaspace       used 125872K, committed 128064K, reserved 983040K
  class space    used 17746K, committed 18752K, reserved 851968K
}
Event: 213.043 GC heap before
{Heap before GC invocations=115 (full 0):
 garbage-first heap   total 614400K, used 504814K [0x0000000700000000, 0x0000000800000000)
  region size 2048K, 82 young (167936K), 11 survivors (22528K)
 Metaspace       used 126880K, committed 129088K, reserved 983040K
  class space    used 17873K, committed 18880K, reserved 851968K
}
Event: 213.063 GC heap after
{Heap after GC invocations=116 (full 0):
 garbage-first heap   total 614400K, used 377637K [0x0000000700000000, 0x0000000800000000)
  region size 2048K, 9 young (18432K), 9 survivors (18432K)
 Metaspace       used 126880K, committed 129088K, reserved 983040K
  class space    used 17873K, committed 18880K, reserved 851968K
}
Event: 215.997 GC heap before
{Heap before GC invocations=117 (full 0):
 garbage-first heap   total 751616K, used 496421K [0x0000000700000000, 0x0000000800000000)
  region size 2048K, 68 young (139264K), 9 survivors (18432K)
 Metaspace       used 129610K, committed 131904K, reserved 983040K
  class space    used 18317K, committed 19328K, reserved 851968K
}
Event: 216.011 GC heap after
{Heap after GC invocations=118 (full 0):
 garbage-first heap   total 751616K, used 384151K [0x0000000700000000, 0x0000000800000000)
  region size 2048K, 5 young (10240K), 5 survivors (10240K)
 Metaspace       used 129610K, committed 131904K, reserved 983040K
  class space    used 18317K, committed 19328K, reserved 851968K
}
Event: 217.152 GC heap before
{Heap before GC invocations=118 (full 0):
 garbage-first heap   total 751616K, used 408727K [0x0000000700000000, 0x0000000800000000)
  region size 2048K, 18 young (36864K), 5 survivors (10240K)
 Metaspace       used 132138K, committed 134464K, reserved 983040K
  class space    used 18610K, committed 19648K, reserved 851968K
}
Event: 217.164 GC heap after
{Heap after GC invocations=119 (full 0):
 garbage-first heap   total 751616K, used 383730K [0x0000000700000000, 0x0000000800000000)
  region size 2048K, 2 young (4096K), 2 survivors (4096K)
 Metaspace       used 132138K, committed 134464K, reserved 983040K
  class space    used 18610K, committed 19648K, reserved 851968K
}
Event: 226.868 GC heap before
{Heap before GC invocations=119 (full 0):
 garbage-first heap   total 751616K, used 621298K [0x0000000700000000, 0x0000000800000000)
  region size 2048K, 118 young (241664K), 2 survivors (4096K)
 Metaspace       used 140285K, committed 142720K, reserved 983040K
  class space    used 19538K, committed 20608K, reserved 851968K
}
Event: 226.908 GC heap after
{Heap after GC invocations=120 (full 0):
 garbage-first heap   total 751616K, used 430818K [0x0000000700000000, 0x0000000800000000)
  region size 2048K, 15 young (30720K), 15 survivors (30720K)
 Metaspace       used 140285K, committed 142720K, reserved 983040K
  class space    used 19538K, committed 20608K, reserved 851968K
}
Event: 228.284 GC heap before
{Heap before GC invocations=120 (full 0):
 garbage-first heap   total 751616K, used 602850K [0x0000000700000000, 0x0000000800000000)
  region size 2048K, 99 young (202752K), 15 survivors (30720K)
 Metaspace       used 140576K, committed 143104K, reserved 983040K
  class space    used 19579K, committed 20736K, reserved 851968K
}
Event: 228.317 GC heap after
{Heap after GC invocations=121 (full 0):
 garbage-first heap   total 751616K, used 458479K [0x0000000700000000, 0x0000000800000000)
  region size 2048K, 13 young (26624K), 13 survivors (26624K)
 Metaspace       used 140576K, committed 143104K, reserved 983040K
  class space    used 19579K, committed 20736K, reserved 851968K
}
Event: 300.402 GC heap before
{Heap before GC invocations=121 (full 0):
 garbage-first heap   total 751616K, used 612079K [0x0000000700000000, 0x0000000800000000)
  region size 2048K, 88 young (180224K), 13 survivors (26624K)
 Metaspace       used 141513K, committed 144128K, reserved 983040K
  class space    used 19701K, committed 20864K, reserved 851968K
}
Event: 300.428 GC heap after
{Heap after GC invocations=122 (full 0):
 garbage-first heap   total 751616K, used 478541K [0x0000000700000000, 0x0000000800000000)
  region size 2048K, 10 young (20480K), 10 survivors (20480K)
 Metaspace       used 141513K, committed 144128K, reserved 983040K
  class space    used 19701K, committed 20864K, reserved 851968K
}

Deoptimization events (20 events):
Event: 297.509 Thread 0x000001eabf42f900 Uncommon trap: trap_request=0xffffffc6 fr.pc=0x000001eaee436614 relative=0x00000000000004b4
Event: 297.509 Thread 0x000001eabf42f900 Uncommon trap: reason=bimorphic_or_optimized_type_check action=maybe_recompile pc=0x000001eaee436614 method=org.gradle.api.internal.artifacts.transform.TransformExecutionResult$Builder$MixedInputAndProducedOutputResult.lambda$resolveForWorkspace$0(Ljava/i
Event: 297.509 Thread 0x000001eabf42f900 DEOPT PACKING pc=0x000001eaee436614 sp=0x00000076b5cfe4c0
Event: 297.509 Thread 0x000001eabf42f900 DEOPT UNPACKING pc=0x000001eaed1423a3 sp=0x00000076b5cfe420 mode 2
Event: 297.509 Thread 0x000001eabf42f900 Uncommon trap: trap_request=0xffffffc6 fr.pc=0x000001eaede9f824 relative=0x0000000000000084
Event: 297.509 Thread 0x000001eabf42f900 Uncommon trap: reason=bimorphic_or_optimized_type_check action=maybe_recompile pc=0x000001eaede9f824 method=org.gradle.api.internal.artifacts.transform.TransformExecutionResult$Builder$MixedInputAndProducedOutputResult.lambda$resolveForWorkspace$1(Ljava/i
Event: 297.509 Thread 0x000001eabf42f900 DEOPT PACKING pc=0x000001eaede9f824 sp=0x00000076b5cfe9e0
Event: 297.509 Thread 0x000001eabf42f900 DEOPT UNPACKING pc=0x000001eaed1423a3 sp=0x00000076b5cfe900 mode 2
Event: 298.640 Thread 0x000001eabf42e9d0 Uncommon trap: trap_request=0xffffffc6 fr.pc=0x000001eaee436614 relative=0x00000000000004b4
Event: 298.640 Thread 0x000001eabf432ba0 Uncommon trap: trap_request=0xffffffc6 fr.pc=0x000001eaee436614 relative=0x00000000000004b4
Event: 298.640 Thread 0x000001eabf432ba0 Uncommon trap: reason=bimorphic_or_optimized_type_check action=maybe_recompile pc=0x000001eaee436614 method=org.gradle.api.internal.artifacts.transform.TransformExecutionResult$Builder$MixedInputAndProducedOutputResult.lambda$resolveForWorkspace$0(Ljava/i
Event: 298.640 Thread 0x000001eabf42e9d0 Uncommon trap: reason=bimorphic_or_optimized_type_check action=maybe_recompile pc=0x000001eaee436614 method=org.gradle.api.internal.artifacts.transform.TransformExecutionResult$Builder$MixedInputAndProducedOutputResult.lambda$resolveForWorkspace$0(Ljava/i
Event: 298.640 Thread 0x000001eabf42e9d0 DEOPT PACKING pc=0x000001eaee436614 sp=0x00000076b61fe140
Event: 298.640 Thread 0x000001eabf432ba0 DEOPT PACKING pc=0x000001eaee436614 sp=0x00000076b65fe100
Event: 298.640 Thread 0x000001eabf432ba0 DEOPT UNPACKING pc=0x000001eaed1423a3 sp=0x00000076b65fe060 mode 2
Event: 298.640 Thread 0x000001eabf42e9d0 DEOPT UNPACKING pc=0x000001eaed1423a3 sp=0x00000076b61fe0a0 mode 2
Event: 298.640 Thread 0x000001eabf42e9d0 Uncommon trap: trap_request=0xffffffc6 fr.pc=0x000001eaede9f824 relative=0x0000000000000084
Event: 298.640 Thread 0x000001eabf42e9d0 Uncommon trap: reason=bimorphic_or_optimized_type_check action=maybe_recompile pc=0x000001eaede9f824 method=org.gradle.api.internal.artifacts.transform.TransformExecutionResult$Builder$MixedInputAndProducedOutputResult.lambda$resolveForWorkspace$1(Ljava/i
Event: 298.640 Thread 0x000001eabf42e9d0 DEOPT PACKING pc=0x000001eaede9f824 sp=0x00000076b61fe660
Event: 298.640 Thread 0x000001eabf42e9d0 DEOPT UNPACKING pc=0x000001eaed1423a3 sp=0x00000076b61fe580 mode 2

Classes unloaded (2 events):
Event: 48.672 Thread 0x000001eafe9fea60 Unloading class 0x000001ea83accc00 'java/lang/invoke/LambdaForm$MH+0x000001ea83accc00'
Event: 48.672 Thread 0x000001eafe9fea60 Unloading class 0x000001ea83acc400 'java/lang/invoke/LambdaForm$DMH+0x000001ea83acc400'

Classes redefined (0 events):
No events

Internal exceptions (20 events):
Event: 217.231 Thread 0x000001eabc213930 Implicit null exception at 0x000001eaee567106 to 0x000001eaee56ce64
Event: 217.581 Thread 0x000001eabc213930 Exception <a 'sun/nio/fs/WindowsException'{0x000000072d54d9e8}> (0x000000072d54d9e8) 
thrown [s\open\src\hotspot\share\prims\jni.cpp, line 516]
Event: 220.018 Thread 0x000001eabc213930 Implicit null exception at 0x000001eaedee6e20 to 0x000001eaedeee178
Event: 220.102 Thread 0x000001eabc213930 Exception <a 'java/lang/NoSuchMethodError'{0x000000072ba2f300}: 'int java.lang.invoke.DirectMethodHandle$Holder.invokeSpecial(java.lang.Object, java.lang.Object, int)'> (0x000000072ba2f300) 
thrown [s\open\src\hotspot\share\interpreter\linkResolver.cpp, line 759]
Event: 225.150 Thread 0x000001eabc213930 Exception <a 'java/lang/ClassNotFoundException'{0x0000000724214f60}: org/gradle/api/tasks/Exec_DecoratedBeanInfo> (0x0000000724214f60) 
thrown [s\open\src\hotspot\share\classfile\systemDictionary.cpp, line 256]
Event: 225.151 Thread 0x000001eabc213930 Exception <a 'java/lang/ClassNotFoundException'{0x00000007242210c8}: org/gradle/api/tasks/Exec_DecoratedCustomizer> (0x00000007242210c8) 
thrown [s\open\src\hotspot\share\classfile\systemDictionary.cpp, line 256]
Event: 225.239 Thread 0x000001eabc213930 Exception <a 'java/lang/ClassNotFoundException'{0x00000007242b5968}: org/gradle/api/internal/tasks/DefaultTaskOutputsBeanInfo> (0x00000007242b5968) 
thrown [s\open\src\hotspot\share\classfile\systemDictionary.cpp, line 256]
Event: 225.242 Thread 0x000001eabc213930 Exception <a 'java/lang/ClassNotFoundException'{0x00000007242c19d8}: org/gradle/api/internal/tasks/DefaultTaskOutputsCustomizer> (0x00000007242c19d8) 
thrown [s\open\src\hotspot\share\classfile\systemDictionary.cpp, line 256]
Event: 229.228 Thread 0x000001eac099a730 Exception <a 'java/lang/NoSuchMethodError'{0x00000007287107f0}: static Ljava/lang/Object;.<clinit>()V> (0x00000007287107f0) 
thrown [s\open\src\hotspot\share\prims\jni.cpp, line 1112]
Event: 229.230 Thread 0x000001eac099a730 Exception <a 'java/lang/NoSuchMethodError'{0x000000072871eee0}: static Lorg/jetbrains/kotlin/gradle/plugin/statistics/MetricContainer;.<clinit>()V> (0x000000072871eee0) 
thrown [s\open\src\hotspot\share\prims\jni.cpp, line 1112]
Event: 229.242 Thread 0x000001eac2526090 Exception <a 'sun/nio/fs/WindowsException'{0x00000007287c3c60}> (0x00000007287c3c60) 
thrown [s\open\src\hotspot\share\prims\jni.cpp, line 516]
Event: 229.315 Thread 0x000001eabbcc4300 Exception <a 'java/lang/NoSuchMethodError'{0x00000007284f62a8}: static Lcom/android/build/api/variant/BuildConfigField;.<clinit>()V> (0x00000007284f62a8) 
thrown [s\open\src\hotspot\share\prims\jni.cpp, line 1112]
Event: 297.137 Thread 0x000001eabf42e9d0 Implicit null exception at 0x000001eaee4f8340 to 0x000001eaee4f8a68
Event: 297.137 Thread 0x000001eabb5052e0 Implicit null exception at 0x000001eaee4f8340 to 0x000001eaee4f8a68
Event: 297.137 Thread 0x000001eabb5048c0 Implicit null exception at 0x000001eaee4f8340 to 0x000001eaee4f8a68
Event: 297.137 Thread 0x000001eabf432ba0 Implicit null exception at 0x000001eaee4f8340 to 0x000001eaee4f8a68
Event: 297.137 Thread 0x000001eabf42eee0 Implicit null exception at 0x000001eaee4f8340 to 0x000001eaee4f8a68
Event: 297.138 Thread 0x000001eabf42f900 Implicit null exception at 0x000001eaee4f8340 to 0x000001eaee4f8a68
Event: 297.138 Thread 0x000001eabb507650 Implicit null exception at 0x000001eaee4f8340 to 0x000001eaee4f8a68
Event: 297.139 Thread 0x000001eabbcc4300 Implicit null exception at 0x000001eaee4f8340 to 0x000001eaee4f8a68

VM Operations (20 events):
Event: 291.044 Executing VM operation: Cleanup done
Event: 292.053 Executing VM operation: Cleanup
Event: 292.053 Executing VM operation: Cleanup done
Event: 292.342 Executing VM operation: HandshakeAllThreads
Event: 292.342 Executing VM operation: HandshakeAllThreads done
Event: 294.368 Executing VM operation: Cleanup
Event: 294.368 Executing VM operation: Cleanup done
Event: 295.368 Executing VM operation: Cleanup
Event: 295.368 Executing VM operation: Cleanup done
Event: 296.368 Executing VM operation: Cleanup
Event: 296.369 Executing VM operation: Cleanup done
Event: 297.132 Executing VM operation: HandshakeAllThreads
Event: 297.132 Executing VM operation: HandshakeAllThreads done
Event: 298.135 Executing VM operation: Cleanup
Event: 298.135 Executing VM operation: Cleanup done
Event: 300.402 Executing VM operation: G1CollectForAllocation
Event: 300.428 Executing VM operation: G1CollectForAllocation done
Event: 300.566 Executing VM operation: HandshakeAllThreads
Event: 300.567 Executing VM operation: HandshakeAllThreads done
Event: 300.764 Executing VM operation: G1Concurrent

Events (20 events):
Event: 292.368 Thread 0x000001eaff1cb260 flushing nmethod 0x000001eae813e110
Event: 292.368 Thread 0x000001eaff1cb260 flushing nmethod 0x000001eae813e810
Event: 292.368 Thread 0x000001eaff1cb260 flushing nmethod 0x000001eae813eb90
Event: 292.368 Thread 0x000001eaff1cb260 flushing nmethod 0x000001eae813fd90
Event: 292.368 Thread 0x000001eaff1cb260 flushing nmethod 0x000001eae8140310
Event: 292.368 Thread 0x000001eaff1cb260 flushing nmethod 0x000001eae8142190
Event: 292.368 Thread 0x000001eaff1cb260 flushing nmethod 0x000001eae815d490
Event: 292.368 Thread 0x000001eaff1cb260 flushing nmethod 0x000001eae815de90
Event: 292.368 Thread 0x000001eaff1cb260 flushing nmethod 0x000001eae815f110
Event: 292.368 Thread 0x000001eaff1cb260 flushing nmethod 0x000001eae8167110
Event: 292.368 Thread 0x000001eaff1cb260 flushing nmethod 0x000001eae816b910
Event: 292.368 Thread 0x000001eaff1cb260 flushing nmethod 0x000001eae816bd90
Event: 292.368 Thread 0x000001eaff1cb260 flushing nmethod 0x000001eae816c210
Event: 292.368 Thread 0x000001eaff1cb260 flushing nmethod 0x000001eae816d190
Event: 292.368 Thread 0x000001eaff1cb260 flushing nmethod 0x000001eae8173090
Event: 292.368 Thread 0x000001eaff1cb260 flushing nmethod 0x000001eae8174490
Event: 297.133 Thread 0x000001eac15377f0 Thread added: 0x000001eac15377f0
Event: 297.133 Thread 0x000001eac1536d50 Thread added: 0x000001eac1536d50
Event: 298.636 Thread 0x000001eac1536d50 Thread exited: 0x000001eac1536d50
Event: 298.636 Thread 0x000001eac15377f0 Thread exited: 0x000001eac15377f0


Dynamic libraries:
0x00007ff641ac0000 - 0x00007ff641ad0000 	C:\Program Files\Java\jdk-17\bin\java.exe
0x00007ffdcbbc0000 - 0x00007ffdcbe26000 	C:\Windows\SYSTEM32\ntdll.dll
0x00007ffdca850000 - 0x00007ffdca919000 	C:\Windows\System32\KERNEL32.DLL
0x00007ffdc8fd0000 - 0x00007ffdc93ce000 	C:\Windows\System32\KERNELBASE.dll
0x00007ffdc94a0000 - 0x00007ffdc95ec000 	C:\Windows\System32\ucrtbase.dll
0x00007ffd9eec0000 - 0x00007ffd9eedb000 	C:\Program Files\Java\jdk-17\bin\VCRUNTIME140.dll
0x00007ffd9ebd0000 - 0x00007ffd9ebe9000 	C:\Program Files\Java\jdk-17\bin\jli.dll
0x00007ffdcab60000 - 0x00007ffdcac17000 	C:\Windows\System32\ADVAPI32.dll
0x00007ffdcb050000 - 0x00007ffdcb0f9000 	C:\Windows\System32\msvcrt.dll
0x00007ffdcaec0000 - 0x00007ffdcaf6a000 	C:\Windows\System32\sechost.dll
0x00007ffdca940000 - 0x00007ffdcaa58000 	C:\Windows\System32\RPCRT4.dll
0x00007ffdcac30000 - 0x00007ffdcadf7000 	C:\Windows\System32\USER32.dll
0x00007ffdb0f00000 - 0x00007ffdb1192000 	C:\Windows\WinSxS\amd64_microsoft.windows.common-controls_6595b64144ccf1df_6.0.26100.8875_none_3e0d5d42e32fe9dd\COMCTL32.dll
0x00007ffdc9600000 - 0x00007ffdc9627000 	C:\Windows\System32\win32u.dll
0x00007ffdc9990000 - 0x00007ffdc99bb000 	C:\Windows\System32\GDI32.dll
0x00007ffdc8de0000 - 0x00007ffdc8f0a000 	C:\Windows\System32\gdi32full.dll
0x00007ffdc9840000 - 0x00007ffdc98e3000 	C:\Windows\System32\msvcp_win.dll
0x00007ffdbfc90000 - 0x00007ffdbfc9b000 	C:\Windows\SYSTEM32\VERSION.dll
0x00007ffdca380000 - 0x00007ffdca3b2000 	C:\Windows\System32\IMM32.DLL
0x00007ffdab9c0000 - 0x00007ffdab9cc000 	C:\Program Files\Java\jdk-17\bin\vcruntime140_1.dll
0x00007ffd99e50000 - 0x00007ffd99ede000 	C:\Program Files\Java\jdk-17\bin\msvcp140.dll
0x00007ffd40a30000 - 0x00007ffd41610000 	C:\Program Files\Java\jdk-17\bin\server\jvm.dll
0x00007ffdcac20000 - 0x00007ffdcac28000 	C:\Windows\System32\PSAPI.DLL
0x00007ffdbfa30000 - 0x00007ffdbfa66000 	C:\Windows\SYSTEM32\WINMM.dll
0x00007ffdc0640000 - 0x00007ffdc064a000 	C:\Windows\SYSTEM32\WSOCK32.dll
0x00007ffdc9b60000 - 0x00007ffdc9be0000 	C:\Windows\System32\WS2_32.dll
0x00007ffdc7a80000 - 0x00007ffdc7a9b000 	C:\Windows\SYSTEM32\kernel.appcore.dll
0x00007ffdab170000 - 0x00007ffdab17a000 	C:\Program Files\Java\jdk-17\bin\jimage.dll
0x00007ffdc5ca0000 - 0x00007ffdc5ee2000 	C:\Windows\SYSTEM32\DBGHELP.DLL
0x00007ffdc9e10000 - 0x00007ffdca193000 	C:\Windows\System32\combase.dll
0x00007ffdcaf70000 - 0x00007ffdcb049000 	C:\Windows\System32\OLEAUT32.dll
0x00007ffda64a0000 - 0x00007ffda64db000 	C:\Windows\SYSTEM32\dbgcore.DLL
0x00007ffdc93e0000 - 0x00007ffdc948c000 	C:\Windows\System32\bcryptPrimitives.dll
0x00007ffdc6670000 - 0x00007ffdc667e000 	C:\Program Files\Java\jdk-17\bin\instrument.dll
0x00007ffd9eba0000 - 0x00007ffd9ebc5000 	C:\Program Files\Java\jdk-17\bin\java.dll
0x00007ffd99d70000 - 0x00007ffd99e47000 	C:\Program Files\Java\jdk-17\bin\jsvml.dll
0x00007ffdcb150000 - 0x00007ffdcb8e2000 	C:\Windows\System32\SHELL32.dll
0x00007ffdc6860000 - 0x00007ffdc70f2000 	C:\Windows\SYSTEM32\windows.storage.dll
0x00007ffdcaa60000 - 0x00007ffdcab57000 	C:\Windows\System32\SHCORE.dll
0x00007ffdcb980000 - 0x00007ffdcb9e7000 	C:\Windows\System32\shlwapi.dll
0x00007ffdc8d00000 - 0x00007ffdc8d29000 	C:\Windows\SYSTEM32\profapi.dll
0x00007ffd9b3b0000 - 0x00007ffd9b3c8000 	C:\Program Files\Java\jdk-17\bin\zip.dll
0x00007ffd9eb80000 - 0x00007ffd9eb99000 	C:\Program Files\Java\jdk-17\bin\net.dll
0x00007ffdbf570000 - 0x00007ffdbf697000 	C:\Windows\SYSTEM32\WINHTTP.dll
0x00007ffdc8080000 - 0x00007ffdc80ec000 	C:\Windows\system32\mswsock.dll
0x00007ffd9b9c0000 - 0x00007ffd9b9d6000 	C:\Program Files\Java\jdk-17\bin\nio.dll
0x00007ffdaaf70000 - 0x00007ffdaaf80000 	C:\Program Files\Java\jdk-17\bin\verify.dll
0x00007ffdb1bc0000 - 0x00007ffdb1be7000 	C:\Users\pacman\.gradle\native\1def1411415f61bf3af743bc5b6707747c0891f09f0c88961ee8f79bc544acac\windows-amd64\native-platform.dll
0x00007ffd97e40000 - 0x00007ffd97eb8000 	C:\Users\pacman\.gradle\native\0.2.7\x86_64-windows-gnu\gradle-fileevents.dll
0x00007ffdaa4d0000 - 0x00007ffdaa4da000 	C:\Program Files\Java\jdk-17\bin\management.dll
0x00007ffdaa410000 - 0x00007ffdaa41b000 	C:\Program Files\Java\jdk-17\bin\management_ext.dll
0x00007ffdc7410000 - 0x00007ffdc7443000 	C:\Windows\SYSTEM32\IPHLPAPI.DLL
0x00007ffdc9b50000 - 0x00007ffdc9b5a000 	C:\Windows\System32\NSI.dll
0x00007ffdbf210000 - 0x00007ffdbf22d000 	C:\Windows\SYSTEM32\dhcpcsvc6.DLL
0x00007ffdbefe0000 - 0x00007ffdbf005000 	C:\Windows\SYSTEM32\dhcpcsvc.DLL
0x00007ffdc7450000 - 0x00007ffdc75a6000 	C:\Windows\SYSTEM32\DNSAPI.dll
0x00007ffdc7e10000 - 0x00007ffdc7e1d000 	C:\Windows\SYSTEM32\DSPARSE.dll
0x00007ffdc8560000 - 0x00007ffdc857b000 	C:\Windows\SYSTEM32\CRYPTSP.dll
0x00007ffdc79e0000 - 0x00007ffdc7a19000 	C:\Windows\system32\rsaenh.dll
0x00007ffdc8140000 - 0x00007ffdc8172000 	C:\Windows\SYSTEM32\USERENV.dll
0x00007ffdc8cd0000 - 0x00007ffdc8cfa000 	C:\Windows\SYSTEM32\bcrypt.dll
0x00007ffdc8330000 - 0x00007ffdc833c000 	C:\Windows\SYSTEM32\CRYPTBASE.dll
0x00007ffdc4d30000 - 0x00007ffdc4d3e000 	C:\Program Files\Java\jdk-17\bin\sunmscapi.dll
0x00007ffdc9630000 - 0x00007ffdc97a8000 	C:\Windows\System32\CRYPT32.dll
0x00007ffdc86d0000 - 0x00007ffdc8700000 	C:\Windows\SYSTEM32\ncrypt.dll
0x00007ffdc8680000 - 0x00007ffdc86bf000 	C:\Windows\SYSTEM32\NTASN1.dll
0x00007ffdc4d20000 - 0x00007ffdc4d28000 	C:\Windows\system32\wshunix.dll
0x00007ffd9c870000 - 0x00007ffd9c888000 	C:\Windows\system32\napinsp.dll
0x00007ffd9bc10000 - 0x00007ffd9bc23000 	C:\Windows\System32\winrnr.dll
0x00007ffdc1e40000 - 0x00007ffdc1e62000 	C:\Windows\system32\nlansp_c.dll
0x00007ffdbf850000 - 0x00007ffdbf866000 	C:\Windows\system32\wshbth.dll
0x00000000565f0000 - 0x0000000056616000 	C:\Program Files\Bonjour\mdnsNSP.dll
0x00007ffdbc340000 - 0x00007ffdbc34b000 	C:\Windows\System32\rasadhlp.dll
0x00007ffdbea70000 - 0x00007ffdbeaf6000 	C:\Windows\System32\fwpuclnt.dll

dbghelp: loaded successfully - version: 4.0.5 - missing functions: none
symbol engine: initialized successfully - sym options: 0x614 - pdb path: .;C:\Program Files\Java\jdk-17\bin;C:\Windows\SYSTEM32;C:\Windows\WinSxS\amd64_microsoft.windows.common-controls_6595b64144ccf1df_6.0.26100.8875_none_3e0d5d42e32fe9dd;C:\Program Files\Java\jdk-17\bin\server;C:\Users\pacman\.gradle\native\1def1411415f61bf3af743bc5b6707747c0891f09f0c88961ee8f79bc544acac\windows-amd64;C:\Users\pacman\.gradle\native\0.2.7\x86_64-windows-gnu;C:\Program Files\Bonjour

VM Arguments:
jvm_args: --add-opens=java.base/java.lang=ALL-UNNAMED --add-opens=java.base/java.lang.invoke=ALL-UNNAMED --add-opens=java.base/java.util=ALL-UNNAMED --add-opens=java.prefs/java.util.prefs=ALL-UNNAMED --add-exports=jdk.compiler/com.sun.tools.javac.api=ALL-UNNAMED --add-exports=jdk.compiler/com.sun.tools.javac.util=ALL-UNNAMED --add-opens=java.base/java.util=ALL-UNNAMED --add-opens=java.prefs/java.util.prefs=ALL-UNNAMED --add-opens=java.base/java.nio.charset=ALL-UNNAMED --add-opens=java.base/java.net=ALL-UNNAMED --add-opens=java.base/java.util.concurrent.atomic=ALL-UNNAMED --add-opens=java.xml/javax.xml.namespace=ALL-UNNAMED -XX:MaxMetaspaceSize=1024m -XX:+HeapDumpOnOutOfMemoryError -Xmx4096m -Dfile.encoding=windows-1252 -Duser.country=US -Duser.language=en -Duser.variant -javaagent:C:\Users\pacman\.gradle\wrapper\dists\gradle-8.13-bin\5xuhj0ry160q40clulazy9h7d\gradle-8.13\lib\agents\gradle-instrumentation-agent-8.13.jar 
java_command: org.gradle.launcher.daemon.bootstrap.GradleDaemon 8.13
java_class_path (initial): C:\Users\pacman\.gradle\wrapper\dists\gradle-8.13-bin\5xuhj0ry160q40clulazy9h7d\gradle-8.13\lib\gradle-daemon-main-8.13.jar
Launcher Type: SUN_STANDARD

[Global flags]
     intx CICompilerCount                          = 4                                         {product} {ergonomic}
   size_t CompressedClassSpaceSize                 = 872415232                                 {product} {ergonomic}
     uint ConcGCThreads                            = 2                                         {product} {ergonomic}
     uint G1ConcRefinementThreads                  = 8                                         {product} {ergonomic}
   size_t G1HeapRegionSize                         = 2097152                                   {product} {ergonomic}
    uintx GCDrainStackTargetSize                   = 64                                        {product} {ergonomic}
     bool HeapDumpOnOutOfMemoryError               = true                                   {manageable} {command line}
   size_t InitialHeapSize                          = 266338304                                 {product} {ergonomic}
   size_t MarkStackSize                            = 4194304                                   {product} {ergonomic}
   size_t MaxHeapSize                              = 4294967296                                {product} {command line}
   size_t MaxMetaspaceSize                         = 1073741824                                {product} {command line}
   size_t MaxNewSize                               = 2575302656                                {product} {ergonomic}
   size_t MinHeapDeltaBytes                        = 2097152                                   {product} {ergonomic}
   size_t MinHeapSize                              = 8388608                                   {product} {ergonomic}
    uintx NonNMethodCodeHeapSize                   = 5839372                                {pd product} {ergonomic}
    uintx NonProfiledCodeHeapSize                  = 122909434                              {pd product} {ergonomic}
    uintx ProfiledCodeHeapSize                     = 122909434                              {pd product} {ergonomic}
    uintx ReservedCodeCacheSize                    = 251658240                              {pd product} {ergonomic}
     bool SegmentedCodeCache                       = true                                      {product} {ergonomic}
   size_t SoftMaxHeapSize                          = 4294967296                             {manageable} {ergonomic}
     bool UseCompressedClassPointers               = true                           {product lp64_product} {ergonomic}
     bool UseCompressedOops                        = true                           {product lp64_product} {ergonomic}
     bool UseG1GC                                  = true                                      {product} {ergonomic}
     bool UseLargePagesIndividualAllocation        = false                                  {pd product} {ergonomic}

Logging:
Log output configuration:
 #0: stdout all=warning uptime,level,tags
 #1: stderr all=off uptime,level,tags

Environment Variables:
JAVA_HOME=C:\Program Files\Java\jdk-17
PATH=C:\Users\pacman\anaconda3\condabin;C:\Users\pacman\bin;C:\Program Files\Git\mingw64\bin;C:\Program Files\Git\usr\local\bin;C:\Program Files\Git\usr\bin;C:\Program Files\Git\usr\bin;C:\Program Files\Git\mingw64\bin;C:\Program Files\Git\usr\bin;C:\Users\pacman\bin;C:\Users\pacman\AppData\Local\Programs\ZCode\resources\tools\ripgrep;C:\Users\pacman\AppData\Roaming\npm;C:\Program Files\nodejs;C:\Program Files\Common Files\Oracle\Java\javapath;C:\Windows\system32;C:\Windows;C:\Windows\System32\Wbem;C:\Windows\System32\WindowsPowerShell\v1.0;C:\Windows\System32\OpenSSH;C:\Program Files\Git\cmd;C:\Program Files\nodejs;C:\Program Files (x86)\NVIDIA Corporation\PhysX\Common;C:\Program Files\Docker\Docker\resources\bin;C:\Program Files (x86)\Windows Kits\8.1\Windows Performance Toolkit;C:\Users\pacman\.local\bin;C:\Users\pacman\AppData\Local\Programs\cursor\resources\app\codeBin;C:\Users\pacman\.mavis\bin;C:\Users\pacman\AppData\Roaming\Python\Python314\Scripts;C:\Users\pacman\AppData\Local\Programs\Python\Python314\Scripts;C:\Users\pacman\AppData\Local\Programs\Python\Python314;C:\Users\pacman\AppData\Local\Microsoft\WindowsApps;C:\Program Files\JetBrains\IntelliJ IDEA 2025.3.3\bin;C:\Users\pacman\AppData\Local\Programs\Antigravity\bin;C:\Users\pacman\anaconda3\Library\bin;C:\Users\pacman\anaconda3;C:\Users\pacman\anaconda3\Scripts;C:\Users\pacman\AppData\Local\Programs\Ollama;C:\Users\pacman\AppData\Local\Programs\Antigravity IDE\bin;C:\Users\pacman\AppData\Local\Programs\Microsoft VS Code\bin;C:\Users\pacman\AppData\Local\Programs\cursor\resources\app\bin;C:\Program Files\Java\jdk-17\bin;C:\ffmpeg-master-latest-win64-gpl\bin;C:\Program Files\Git\usr\bin\vendor_perl;C:\Program Files\Git\usr\bin\core_perl
USERNAME=pacman
SHELL=C:\Program Files\Git\usr\bin\bash.exe
LANG=C.UTF-8
LC_CTYPE=C.UTF-8
OS=Windows_NT
PROCESSOR_IDENTIFIER=Intel64 Family 6 Model 158 Stepping 13, GenuineIntel



---------------  S Y S T E M  ---------------

OS:
 Windows 11 , 64 bit Build 26100 (10.0.26100.8875)
OS uptime: 4 days 7:08 hours
Hyper-V role detected

CPU: total 8 (initial active 8) (4 cores per cpu, 2 threads per core) family 6 model 158 stepping 13 microcode 0xf0, cx8, cmov, fxsr, ht, mmx, 3dnowpref, sse, sse2, sse3, ssse3, sse4.1, sse4.2, popcnt, lzcnt, tsc, tscinvbit, avx, avx2, aes, erms, clmul, bmi1, bmi2, adx, fma, vzeroupper, clflush, clflushopt, hv

Memory: 4k page, system-wide physical 16131M (1198M free)
TotalPageFile size 28631M (AvailPageFile size 4M)
current process WorkingSet (physical memory assigned to process): 1188M, peak: 1221M
current process commit charge ("private bytes"): 1250M, peak: 1304M

vm_info: Java HotSpot(TM) 64-Bit Server VM (17.0.12+8-LTS-286) for windows-amd64 JRE (17.0.12+8-LTS-286), built on Jun  5 2024 06:46:59 by "mach5one" with MS VC++ 17.6 (VS2022)

END.
