#
# There is insufficient memory for the Java Runtime Environment to continue.
# Native memory allocation (mmap) failed to map 494927872 bytes for G1 virtual space
# Possible reasons:
#   The system is out of physical RAM or swap space
#   The process is running with CompressedOops enabled, and the Java Heap may be blocking the growth of the native heap
# Possible solutions:
#   Reduce memory load on the system
#   Increase physical memory or swap space
#   Check if swap backing store is full
#   Decrease Java heap size (-Xmx/-Xms)
#   Decrease number of Java threads
#   Decrease Java thread stack sizes (-Xss)
#   Set larger code cache with -XX:ReservedCodeCacheSize=
#   JVM is running with Zero Based Compressed Oops mode in which the Java heap is
#     placed in the first 32GB address space. The Java Heap base address is the
#     maximum limit for the native heap growth. Please use -XX:HeapBaseMinAddress
#     to set the Java Heap base and to place the Java Heap above 32GB virtual address.
# This output file may be truncated or incomplete.
#
#  Out of Memory Error (os_windows.cpp:3548), pid=17512, tid=7176
#
# JRE version: Java(TM) SE Runtime Environment (17.0.12+8) (build 17.0.12+8-LTS-286)
# Java VM: Java HotSpot(TM) 64-Bit Server VM (17.0.12+8-LTS-286, mixed mode, sharing, tiered, compressed oops, compressed class ptrs, g1 gc, windows-amd64)
# No core dump will be written. Minidumps are not enabled by default on client versions of Windows
#

---------------  S U M M A R Y ------------

Command Line: --add-opens=java.base/java.lang=ALL-UNNAMED --add-opens=java.base/java.lang.invoke=ALL-UNNAMED --add-opens=java.base/java.util=ALL-UNNAMED --add-opens=java.prefs/java.util.prefs=ALL-UNNAMED --add-exports=jdk.compiler/com.sun.tools.javac.api=ALL-UNNAMED --add-exports=jdk.compiler/com.sun.tools.javac.util=ALL-UNNAMED --add-opens=java.base/java.util=ALL-UNNAMED --add-opens=java.prefs/java.util.prefs=ALL-UNNAMED --add-opens=java.base/java.nio.charset=ALL-UNNAMED --add-opens=java.base/java.net=ALL-UNNAMED --add-opens=java.base/java.util.concurrent.atomic=ALL-UNNAMED --add-opens=java.xml/javax.xml.namespace=ALL-UNNAMED -XX:MaxMetaspaceSize=1024m -XX:+HeapDumpOnOutOfMemoryError -Xmx4096m -Dfile.encoding=windows-1252 -Duser.country=US -Duser.language=en -Duser.variant -javaagent:C:\Users\pacman\.gradle\wrapper\dists\gradle-8.13-bin\5xuhj0ry160q40clulazy9h7d\gradle-8.13\lib\agents\gradle-instrumentation-agent-8.13.jar org.gradle.launcher.daemon.bootstrap.GradleDaemon 8.13

Host: Intel(R) Core(TM) i5-9400H CPU @ 2.50GHz, 8 cores, 15G,  Windows 11 , 64 bit Build 26100 (10.0.26100.8875)
Time: Mon Aug  3 03:33:40 2026 Egypt Daylight Time elapsed time: 318.213271 seconds (0d 0h 5m 18s)

---------------  T H R E A D  ---------------

Current thread (0x00000228be466940):  VMThread "VM Thread" [stack: 0x00000059d0900000,0x00000059d0a00000] [id=7176]

Stack: [0x00000059d0900000,0x00000059d0a00000]
Native frames: (J=compiled Java code, j=interpreted, Vv=VM code, C=native code)
V  [jvm.dll+0x67a04a]
V  [jvm.dll+0x7da4ed]
V  [jvm.dll+0x7dbe33]
V  [jvm.dll+0x7dc4a3]
V  [jvm.dll+0x24508f]
V  [jvm.dll+0x677089]
V  [jvm.dll+0x66bd32]
V  [jvm.dll+0x301fa6]
V  [jvm.dll+0x309546]
V  [jvm.dll+0x359d2e]
V  [jvm.dll+0x359f5f]
V  [jvm.dll+0x2d9078]
V  [jvm.dll+0x2dc0e6]
V  [jvm.dll+0x2e67eb]
V  [jvm.dll+0x31a870]
V  [jvm.dll+0x7e0d9b]
V  [jvm.dll+0x7e1ad4]
V  [jvm.dll+0x7e1fed]
V  [jvm.dll+0x7e23c4]
V  [jvm.dll+0x7e2490]
V  [jvm.dll+0x78abea]
V  [jvm.dll+0x678f35]
C  [ucrtbase.dll+0x2cd30]
C  [KERNEL32.DLL+0x2e957]
C  [ntdll.dll+0xaad6c]

VM_Operation (0x00000059d05ffaf0): G1Concurrent, mode: safepoint, requested by thread 0x000002289b698ab0


---------------  P R O C E S S  ---------------

Threads class SMR info:
_java_thread_list=0x00000228895259c0, length=165, elements={
0x000002289b618c30, 0x00000228be469e90, 0x00000228be46cd70, 0x00000228be5929c0,
0x00000228be5942a0, 0x00000228be596b80, 0x00000228be597450, 0x00000228be59c070,
0x00000228be59ff30, 0x00000228be5ab070, 0x00000228be457dd0, 0x00000228be771ee0,
0x00000228f8e85240, 0x00000228be76e510, 0x00000228f85f0a20, 0x00000228be62cae0,
0x00000228f829bf80, 0x00000228f829ab40, 0x00000228f829c490, 0x00000228f829c9a0,
0x00000228f829b050, 0x00000228f829ceb0, 0x00000228f829e2f0, 0x00000228f829b560,
0x00000228f829dde0, 0x00000228f829d3c0, 0x00000228f829d8d0, 0x00000228fafe1610,
0x00000228fafe0bf0, 0x00000228fafe2030, 0x00000228fafdf2a0, 0x00000228fafde880,
0x00000228fafe2a50, 0x00000228fafe06e0, 0x00000228fafe2f60, 0x00000228fafe3470,
0x00000228fafdfcc0, 0x00000228fafe43a0, 0x00000228fafe6200, 0x00000228fafe3980,
0x00000228fafe3e90, 0x00000228fafe48b0, 0x00000228fafe52d0, 0x00000228fafe4dc0,
0x00000228fafe57e0, 0x00000228fafe5cf0, 0x00000228fad9b3e0, 0x00000228fad9b8f0,
0x00000228fad9be00, 0x00000228fad99070, 0x00000228fad9a4b0, 0x00000228fad99580,
0x00000228fad9cd30, 0x00000228fad9d240, 0x00000228fad99a90, 0x00000228fad9a9c0,
0x00000228fad9aed0, 0x00000228fad9c310, 0x00000228fad9d750, 0x00000228fad9c820,
0x00000228fad99fa0, 0x00000228fad9dc60, 0x00000228fad9eb90, 0x00000228fad9e170,
0x00000228fad9e680, 0x00000228fad9f0a0, 0x00000228fad9f5b0, 0x00000228fad9fac0,
0x00000228fad9ffd0, 0x00000228fada09f0, 0x00000228faca6ea0, 0x00000228faca78c0,
0x00000228faca6990, 0x00000228faca4620, 0x00000228faca5550, 0x00000228faca73b0,
0x00000228faca5040, 0x00000228faca7dd0, 0x00000228faca4b30, 0x00000228faca5a60,
0x00000228faca5f70, 0x00000228faca6480, 0x00000228fb1c1a70, 0x00000228fb1c1f80,
0x00000228fb1c38d0, 0x00000228fb1c2490, 0x00000228fb1c4800, 0x00000228fb1c5730,
0x00000228fb1c5c40, 0x00000228fb1c2eb0, 0x00000228fb1c42f0, 0x00000228fb1c6150,
0x00000228fb1c3de0, 0x00000228fb1c4d10, 0x00000228fb1c5220, 0x00000228fb1c29a0,
0x00000228fb1c6660, 0x00000228fb1c6b70, 0x00000228fb1c7fb0, 0x00000228fb1c7590,
0x00000228fb1c7aa0, 0x00000228fb1c89d0, 0x00000228fd1e2a10, 0x00000228fd1e3430,
0x00000228fd1e06a0, 0x00000228fd1e5290, 0x00000228fd1e4870, 0x00000228fd1e5cb0,
0x00000228fd1e57a0, 0x00000228fd1e2500, 0x00000228fd1e4360, 0x00000228fd1e2f20,
0x00000228fd1e7600, 0x00000228fd1e61c0, 0x00000228fd1e66d0, 0x00000228fd1e6be0,
0x00000228fd1e70f0, 0x00000228fd1e4d80, 0x00000228fd1e7b10, 0x00000228fd1e8020,
0x00000228fdf31a80, 0x00000228fdf31f90, 0x00000228fdf329b0, 0x00000228fdf32ec0,
0x00000228fdf333d0, 0x00000228fdf338e0, 0x00000228fdf34810, 0x00000228fdf33df0,
0x00000228fdf34d20, 0x00000228fdf324a0, 0x00000228fdf34300, 0x00000228fdf31570,
0x00000228fdf37fc0, 0x00000228fdf384d0, 0x00000228fdf375a0, 0x00000228fdf35230,
0x00000228fe629b30, 0x00000228fe6286f0, 0x00000228fe629620, 0x00000228fe62a040,
0x00000228fe6277c0, 0x00000228fe6281e0, 0x00000228fe62b990, 0x00000228fd1e10c0,
0x00000228fd1e15d0, 0x00000228fe62cdd0, 0x00000228fafe2540, 0x0000022887f208d0,
0x0000022887f20de0, 0x0000022887f23660, 0x0000022887f22220, 0x0000022887f23b70,
0x0000022887f1f9a0, 0x0000022887f24080, 0x0000022887f22730, 0x0000022887f1f490,
0x0000022887f212f0, 0x0000022887f25ee0, 0x0000022887f263f0, 0x0000022887f26900,
0x0000022887f24fb0, 0x0000022887f254c0, 0x0000022887f259d0, 0x00000228fd1e1ff0,
0x00000228fd1e0bb0
}

Java Threads: ( => current thread )
  0x000002289b618c30 JavaThread "main" [_thread_blocked, id=18276, stack(0x00000059d0300000,0x00000059d0400000)]
  0x00000228be469e90 JavaThread "Reference Handler" daemon [_thread_blocked, id=13056, stack(0x00000059d0a00000,0x00000059d0b00000)]
  0x00000228be46cd70 JavaThread "Finalizer" daemon [_thread_blocked, id=22896, stack(0x00000059d0b00000,0x00000059d0c00000)]
  0x00000228be5929c0 JavaThread "Signal Dispatcher" daemon [_thread_blocked, id=17416, stack(0x00000059d0c00000,0x00000059d0d00000)]
  0x00000228be5942a0 JavaThread "Attach Listener" daemon [_thread_blocked, id=1888, stack(0x00000059d0d00000,0x00000059d0e00000)]
  0x00000228be596b80 JavaThread "Service Thread" daemon [_thread_blocked, id=16108, stack(0x00000059d0e00000,0x00000059d0f00000)]
  0x00000228be597450 JavaThread "Monitor Deflation Thread" daemon [_thread_blocked, id=17356, stack(0x00000059d0f00000,0x00000059d1000000)]
  0x00000228be59c070 JavaThread "C2 CompilerThread0" daemon [_thread_blocked, id=22536, stack(0x00000059d1000000,0x00000059d1100000)]
  0x00000228be59ff30 JavaThread "C1 CompilerThread0" daemon [_thread_blocked, id=6436, stack(0x00000059d1100000,0x00000059d1200000)]
  0x00000228be5ab070 JavaThread "Sweeper thread" daemon [_thread_blocked, id=1124, stack(0x00000059d1200000,0x00000059d1300000)]
  0x00000228be457dd0 JavaThread "Common-Cleaner" daemon [_thread_blocked, id=18356, stack(0x00000059d1300000,0x00000059d1400000)]
  0x00000228be771ee0 JavaThread "Notification Thread" daemon [_thread_blocked, id=19568, stack(0x00000059d1400000,0x00000059d1500000)]
  0x00000228f8e85240 JavaThread "Daemon health stats" [_thread_blocked, id=22456, stack(0x00000059d1700000,0x00000059d1800000)]
  0x00000228be76e510 JavaThread "Incoming local TCP Connector on port 61830" [_thread_in_native, id=6600, stack(0x00000059d1600000,0x00000059d1700000)]
  0x00000228f85f0a20 JavaThread "Daemon periodic checks" [_thread_blocked, id=18552, stack(0x00000059d1d00000,0x00000059d1e00000)]
  0x00000228be62cae0 JavaThread "Daemon" [_thread_blocked, id=16780, stack(0x00000059d1e00000,0x00000059d1f00000)]
  0x00000228f829bf80 JavaThread "Handler for socket connection from /127.0.0.1:61830 to /127.0.0.1:61831" [_thread_in_native, id=21480, stack(0x00000059d1f00000,0x00000059d2000000)]
  0x00000228f829ab40 JavaThread "Cancel handler" [_thread_blocked, id=7980, stack(0x00000059d2000000,0x00000059d2100000)]
  0x00000228f829c490 JavaThread "Daemon worker" [_thread_blocked, id=21808, stack(0x00000059d2100000,0x00000059d2200000)]
  0x00000228f829c9a0 JavaThread "Asynchronous log dispatcher for DefaultDaemonConnection: socket connection from /127.0.0.1:61830 to /127.0.0.1:61831" [_thread_blocked, id=18388, stack(0x00000059d2200000,0x00000059d2300000)]
  0x00000228f829b050 JavaThread "Stdin handler" [_thread_blocked, id=13672, stack(0x00000059d2300000,0x00000059d2400000)]
  0x00000228f829ceb0 JavaThread "Daemon client event forwarder" [_thread_blocked, id=10544, stack(0x00000059d2400000,0x00000059d2500000)]
  0x00000228f829e2f0 JavaThread "Cache worker for journal cache (C:\Users\pacman\.gradle\caches\journal-1)" [_thread_blocked, id=6240, stack(0x00000059d2500000,0x00000059d2600000)]
  0x00000228f829b560 JavaThread "File lock request listener" [_thread_in_native, id=21220, stack(0x00000059d2600000,0x00000059d2700000)]
  0x00000228f829dde0 JavaThread "Cache worker for file hash cache (C:\Users\pacman\.gradle\caches\8.13\fileHashes)" [_thread_blocked, id=16944, stack(0x00000059d2700000,0x00000059d2800000)]
  0x00000228f829d3c0 JavaThread "Cache worker for file hash cache (E:\app\Ambobtak\android\.gradle\8.13\fileHashes)" [_thread_blocked, id=20732, stack(0x00000059d2900000,0x00000059d2a00000)]
  0x00000228f829d8d0 JavaThread "Cache worker for Build Output Cleanup Cache (E:\app\Ambobtak\android\.gradle\buildOutputCleanup)" [_thread_blocked, id=22644, stack(0x00000059d2800000,0x00000059d2900000)]
  0x00000228fafe1610 JavaThread "File watcher server" daemon [_thread_blocked, id=14400, stack(0x00000059d2f00000,0x00000059d3000000)]
  0x00000228fafe0bf0 JavaThread "File watcher consumer" daemon [_thread_blocked, id=1716, stack(0x00000059d3000000,0x00000059d3100000)]
  0x00000228fafe2030 JavaThread "jar transforms" [_thread_blocked, id=2628, stack(0x00000059d2a00000,0x00000059d2b00000)]
  0x00000228fafdf2a0 JavaThread "Cache worker for checksums cache (E:\app\Ambobtak\android\.gradle\8.13\checksums)" [_thread_blocked, id=23236, stack(0x00000059d2b00000,0x00000059d2c00000)]
  0x00000228fafde880 JavaThread "Cache worker for file content cache (C:\Users\pacman\.gradle\caches\8.13\fileContent)" [_thread_blocked, id=17204, stack(0x00000059d3100000,0x00000059d3200000)]
  0x00000228fafe2a50 JavaThread "Cache worker for cache directory md-supplier (C:\Users\pacman\.gradle\caches\8.13\md-supplier)" [_thread_blocked, id=11232, stack(0x00000059d3200000,0x00000059d3300000)]
  0x00000228fafe06e0 JavaThread "Cache worker for cache directory md-rule (C:\Users\pacman\.gradle\caches\8.13\md-rule)" [_thread_blocked, id=23340, stack(0x00000059d3300000,0x00000059d3400000)]
  0x00000228fafe2f60 JavaThread "Cache worker for Build Output Cleanup Cache (E:\app\Ambobtak\node_modules\@react-native\gradle-plugin\.gradle\buildOutputCleanup)" [_thread_blocked, id=19436, stack(0x00000059d3700000,0x00000059d3800000)]
  0x00000228fafe3470 JavaThread "Unconstrained build operations" [_thread_blocked, id=18508, stack(0x00000059d3800000,0x00000059d3900000)]
  0x00000228fafdfcc0 JavaThread "Unconstrained build operations Thread 2" [_thread_blocked, id=19632, stack(0x00000059d3900000,0x00000059d3a00000)]
  0x00000228fafe43a0 JavaThread "Unconstrained build operations Thread 3" [_thread_blocked, id=12240, stack(0x00000059d3a00000,0x00000059d3b00000)]
  0x00000228fafe6200 JavaThread "Unconstrained build operations Thread 4" [_thread_blocked, id=20920, stack(0x00000059d3b00000,0x00000059d3c00000)]
  0x00000228fafe3980 JavaThread "Unconstrained build operations Thread 5" [_thread_blocked, id=12168, stack(0x00000059d3c00000,0x00000059d3d00000)]
  0x00000228fafe3e90 JavaThread "Unconstrained build operations Thread 6" [_thread_blocked, id=3396, stack(0x00000059d3d00000,0x00000059d3e00000)]
  0x00000228fafe48b0 JavaThread "Cache worker for Build Output Cleanup Cache (E:\app\Ambobtak\node_modules\expo\node_modules\expo-modules-autolinking\android\expo-gradle-plugin\.gradle\buildOutputCleanup)" [_thread_blocked, id=21160, stack(0x00000059d3e00000,0x00000059d3f00000)]
  0x00000228fafe52d0 JavaThread "Unconstrained build operations Thread 7" [_thread_blocked, id=12252, stack(0x00000059d3f00000,0x00000059d4000000)]
  0x00000228fafe4dc0 JavaThread "Unconstrained build operations Thread 8" [_thread_blocked, id=13404, stack(0x00000059d4000000,0x00000059d4100000)]
  0x00000228fafe57e0 JavaThread "Unconstrained build operations Thread 9" [_thread_blocked, id=20692, stack(0x00000059d4100000,0x00000059d4200000)]
  0x00000228fafe5cf0 JavaThread "Unconstrained build operations Thread 10" [_thread_blocked, id=14872, stack(0x00000059d4200000,0x00000059d4300000)]
  0x00000228fad9b3e0 JavaThread "Unconstrained build operations Thread 11" [_thread_blocked, id=17696, stack(0x00000059d4300000,0x00000059d4400000)]
  0x00000228fad9b8f0 JavaThread "Unconstrained build operations Thread 12" [_thread_blocked, id=15568, stack(0x00000059d4400000,0x00000059d4500000)]
  0x00000228fad9be00 JavaThread "Unconstrained build operations Thread 13" [_thread_blocked, id=9728, stack(0x00000059d4500000,0x00000059d4600000)]
  0x00000228fad99070 JavaThread "Unconstrained build operations Thread 14" [_thread_blocked, id=23436, stack(0x00000059d4600000,0x00000059d4700000)]
  0x00000228fad9a4b0 JavaThread "Unconstrained build operations Thread 15" [_thread_blocked, id=22016, stack(0x00000059d4700000,0x00000059d4800000)]
  0x00000228fad99580 JavaThread "Unconstrained build operations Thread 16" [_thread_blocked, id=15472, stack(0x00000059d4800000,0x00000059d4900000)]
  0x00000228fad9cd30 JavaThread "Unconstrained build operations Thread 17" [_thread_blocked, id=18008, stack(0x00000059d4900000,0x00000059d4a00000)]
  0x00000228fad9d240 JavaThread "Unconstrained build operations Thread 18" [_thread_blocked, id=22496, stack(0x00000059d4a00000,0x00000059d4b00000)]
  0x00000228fad99a90 JavaThread "Unconstrained build operations Thread 19" [_thread_blocked, id=23064, stack(0x00000059d4b00000,0x00000059d4c00000)]
  0x00000228fad9a9c0 JavaThread "Unconstrained build operations Thread 20" [_thread_blocked, id=13260, stack(0x00000059d4c00000,0x00000059d4d00000)]
  0x00000228fad9aed0 JavaThread "Unconstrained build operations Thread 21" [_thread_blocked, id=14036, stack(0x00000059d4f00000,0x00000059d5000000)]
  0x00000228fad9c310 JavaThread "Unconstrained build operations Thread 22" [_thread_blocked, id=15220, stack(0x00000059d5000000,0x00000059d5100000)]
  0x00000228fad9d750 JavaThread "Unconstrained build operations Thread 23" [_thread_blocked, id=18228, stack(0x00000059d5100000,0x00000059d5200000)]
  0x00000228fad9c820 JavaThread "Unconstrained build operations Thread 24" [_thread_blocked, id=20888, stack(0x00000059d5200000,0x00000059d5300000)]
  0x00000228fad99fa0 JavaThread "Unconstrained build operations Thread 25" [_thread_blocked, id=16372, stack(0x00000059d5300000,0x00000059d5400000)]
  0x00000228fad9dc60 JavaThread "Unconstrained build operations Thread 26" [_thread_blocked, id=20628, stack(0x00000059d5400000,0x00000059d5500000)]
  0x00000228fad9eb90 JavaThread "Unconstrained build operations Thread 27" [_thread_blocked, id=340, stack(0x00000059d5500000,0x00000059d5600000)]
  0x00000228fad9e170 JavaThread "build event listener" [_thread_blocked, id=1520, stack(0x00000059d5600000,0x00000059d5700000)]
  0x00000228fad9e680 JavaThread "Memory manager" [_thread_blocked, id=8464, stack(0x00000059d5700000,0x00000059d5800000)]
  0x00000228fad9f0a0 JavaThread "Unconstrained build operations Thread 28" [_thread_blocked, id=21332, stack(0x00000059d5900000,0x00000059d5a00000)]
  0x00000228fad9f5b0 JavaThread "Unconstrained build operations Thread 29" [_thread_blocked, id=8404, stack(0x00000059d5a00000,0x00000059d5b00000)]
  0x00000228fad9fac0 JavaThread "Unconstrained build operations Thread 30" [_thread_blocked, id=20808, stack(0x00000059d5b00000,0x00000059d5c00000)]
  0x00000228fad9ffd0 JavaThread "Unconstrained build operations Thread 31" [_thread_blocked, id=3476, stack(0x00000059d5c00000,0x00000059d5d00000)]
  0x00000228fada09f0 JavaThread "Unconstrained build operations Thread 32" [_thread_blocked, id=16012, stack(0x00000059d5d00000,0x00000059d5e00000)]
  0x00000228faca6ea0 JavaThread "Unconstrained build operations Thread 33" [_thread_blocked, id=484, stack(0x00000059d5e00000,0x00000059d5f00000)]
  0x00000228faca78c0 JavaThread "Unconstrained build operations Thread 34" [_thread_blocked, id=7160, stack(0x00000059d5f00000,0x00000059d6000000)]
  0x00000228faca6990 JavaThread "Unconstrained build operations Thread 35" [_thread_blocked, id=12196, stack(0x00000059d6000000,0x00000059d6100000)]
  0x00000228faca4620 JavaThread "Unconstrained build operations Thread 36" [_thread_blocked, id=13920, stack(0x00000059d6100000,0x00000059d6200000)]
  0x00000228faca5550 JavaThread "Unconstrained build operations Thread 37" [_thread_blocked, id=2016, stack(0x00000059d6200000,0x00000059d6300000)]
  0x00000228faca73b0 JavaThread "Unconstrained build operations Thread 38" [_thread_blocked, id=3344, stack(0x00000059d6300000,0x00000059d6400000)]
  0x00000228faca5040 JavaThread "Unconstrained build operations Thread 39" [_thread_blocked, id=9356, stack(0x00000059d6400000,0x00000059d6500000)]
  0x00000228faca7dd0 JavaThread "Unconstrained build operations Thread 40" [_thread_blocked, id=1572, stack(0x00000059d6500000,0x00000059d6600000)]
  0x00000228faca4b30 JavaThread "Unconstrained build operations Thread 41" [_thread_blocked, id=7668, stack(0x00000059d6600000,0x00000059d6700000)]
  0x00000228faca5a60 JavaThread "Unconstrained build operations Thread 42" [_thread_blocked, id=17940, stack(0x00000059d6700000,0x00000059d6800000)]
  0x00000228faca5f70 JavaThread "Unconstrained build operations Thread 43" [_thread_blocked, id=9672, stack(0x00000059d6800000,0x00000059d6900000)]
  0x00000228faca6480 JavaThread "Unconstrained build operations Thread 44" [_thread_blocked, id=10776, stack(0x00000059d6900000,0x00000059d6a00000)]
  0x00000228fb1c1a70 JavaThread "Unconstrained build operations Thread 45" [_thread_blocked, id=19656, stack(0x00000059d6a00000,0x00000059d6b00000)]
  0x00000228fb1c1f80 JavaThread "Unconstrained build operations Thread 46" [_thread_blocked, id=14876, stack(0x00000059d6b00000,0x00000059d6c00000)]
  0x00000228fb1c38d0 JavaThread "Unconstrained build operations Thread 47" [_thread_blocked, id=15252, stack(0x00000059d6c00000,0x00000059d6d00000)]
  0x00000228fb1c2490 JavaThread "Unconstrained build operations Thread 48" [_thread_blocked, id=11560, stack(0x00000059d6d00000,0x00000059d6e00000)]
  0x00000228fb1c4800 JavaThread "build event listener" [_thread_blocked, id=13328, stack(0x00000059d5800000,0x00000059d5900000)]
  0x00000228fb1c5730 JavaThread "Unconstrained build operations Thread 49" [_thread_blocked, id=16136, stack(0x00000059d0100000,0x00000059d0200000)]
  0x00000228fb1c5c40 JavaThread "Unconstrained build operations Thread 50" [_thread_blocked, id=22740, stack(0x00000059d0200000,0x00000059d0300000)]
  0x00000228fb1c2eb0 JavaThread "Unconstrained build operations Thread 51" [_thread_blocked, id=16212, stack(0x00000059d6e00000,0x00000059d6f00000)]
  0x00000228fb1c42f0 JavaThread "Unconstrained build operations Thread 52" [_thread_blocked, id=2712, stack(0x00000059d6f00000,0x00000059d7000000)]
  0x00000228fb1c6150 JavaThread "Unconstrained build operations Thread 53" [_thread_blocked, id=9712, stack(0x00000059d7000000,0x00000059d7100000)]
  0x00000228fb1c3de0 JavaThread "Unconstrained build operations Thread 54" [_thread_blocked, id=20612, stack(0x00000059d7100000,0x00000059d7200000)]
  0x00000228fb1c4d10 JavaThread "Unconstrained build operations Thread 55" [_thread_blocked, id=760, stack(0x00000059d7200000,0x00000059d7300000)]
  0x00000228fb1c5220 JavaThread "Unconstrained build operations Thread 56" [_thread_blocked, id=21880, stack(0x00000059d7300000,0x00000059d7400000)]
  0x00000228fb1c29a0 JavaThread "Unconstrained build operations Thread 57" [_thread_blocked, id=10748, stack(0x00000059d7400000,0x00000059d7500000)]
  0x00000228fb1c6660 JavaThread "Unconstrained build operations Thread 58" [_thread_blocked, id=18056, stack(0x00000059d7500000,0x00000059d7600000)]
  0x00000228fb1c6b70 JavaThread "Unconstrained build operations Thread 59" [_thread_blocked, id=12304, stack(0x00000059d7600000,0x00000059d7700000)]
  0x00000228fb1c7fb0 JavaThread "ForkJoinPool.commonPool-worker-2" daemon [_thread_blocked, id=11808, stack(0x00000059d7700000,0x00000059d7800000)]
  0x00000228fb1c7590 JavaThread "ForkJoinPool.commonPool-worker-3" daemon [_thread_blocked, id=5008, stack(0x00000059d7800000,0x00000059d7900000)]
  0x00000228fb1c7aa0 JavaThread "ForkJoinPool.commonPool-worker-4" daemon [_thread_blocked, id=7872, stack(0x00000059d7900000,0x00000059d7a00000)]
  0x00000228fb1c89d0 JavaThread "ForkJoinPool.commonPool-worker-6" daemon [_thread_blocked, id=1088, stack(0x00000059d7b00000,0x00000059d7c00000)]
  0x00000228fd1e2a10 JavaThread "Execution worker" [_thread_blocked, id=21588, stack(0x00000059d8200000,0x00000059d8300000)]
  0x00000228fd1e3430 JavaThread "Execution worker Thread 2" [_thread_blocked, id=6696, stack(0x00000059d8300000,0x00000059d8400000)]
  0x00000228fd1e06a0 JavaThread "Execution worker Thread 3" [_thread_blocked, id=12360, stack(0x00000059d8400000,0x00000059d8500000)]
  0x00000228fd1e5290 JavaThread "Execution worker Thread 4" [_thread_blocked, id=15728, stack(0x00000059d8500000,0x00000059d8600000)]
  0x00000228fd1e4870 JavaThread "Execution worker Thread 5" [_thread_blocked, id=17984, stack(0x00000059d8600000,0x00000059d8700000)]
  0x00000228fd1e5cb0 JavaThread "Execution worker Thread 6" [_thread_blocked, id=12520, stack(0x00000059d8700000,0x00000059d8800000)]
  0x00000228fd1e57a0 JavaThread "Execution worker Thread 7" [_thread_blocked, id=15988, stack(0x00000059d8800000,0x00000059d8900000)]
  0x00000228fd1e2500 JavaThread "Cache worker for execution history cache (E:\app\Ambobtak\node_modules\@react-native\gradle-plugin\.gradle\8.13\executionHistory)" [_thread_blocked, id=20424, stack(0x00000059d8900000,0x00000059d8a00000)]
  0x00000228fd1e4360 JavaThread "Cache worker for execution history cache (E:\app\Ambobtak\node_modules\expo\node_modules\expo-modules-autolinking\android\expo-gradle-plugin\.gradle\8.13\executionHistory)" [_thread_blocked, id=4204, stack(0x00000059d8a00000,0x00000059d8b00000)]
  0x00000228fd1e2f20 JavaThread "Unconstrained build operations Thread 60" [_thread_blocked, id=13704, stack(0x00000059d8b00000,0x00000059d8c00000)]
  0x00000228fd1e7600 JavaThread "Unconstrained build operations Thread 61" [_thread_blocked, id=14900, stack(0x00000059d8c00000,0x00000059d8d00000)]
  0x00000228fd1e61c0 JavaThread "Unconstrained build operations Thread 62" [_thread_blocked, id=5876, stack(0x00000059d8d00000,0x00000059d8e00000)]
  0x00000228fd1e66d0 JavaThread "Unconstrained build operations Thread 63" [_thread_blocked, id=23060, stack(0x00000059d8e00000,0x00000059d8f00000)]
  0x00000228fd1e6be0 JavaThread "Unconstrained build operations Thread 64" [_thread_blocked, id=2668, stack(0x00000059d8f00000,0x00000059d9000000)]
  0x00000228fd1e70f0 JavaThread "Unconstrained build operations Thread 65" [_thread_blocked, id=15160, stack(0x00000059d9000000,0x00000059d9100000)]
  0x00000228fd1e4d80 JavaThread "Unconstrained build operations Thread 66" [_thread_blocked, id=20328, stack(0x00000059d9100000,0x00000059d9200000)]
  0x00000228fd1e7b10 JavaThread "Unconstrained build operations Thread 67" [_thread_blocked, id=19976, stack(0x00000059d9200000,0x00000059d9300000)]
  0x00000228fd1e8020 JavaThread "Unconstrained build operations Thread 68" [_thread_blocked, id=10860, stack(0x00000059d9300000,0x00000059d9400000)]
  0x00000228fdf31a80 JavaThread "Unconstrained build operations Thread 69" [_thread_blocked, id=21104, stack(0x00000059d9400000,0x00000059d9500000)]
  0x00000228fdf31f90 JavaThread "Unconstrained build operations Thread 70" [_thread_blocked, id=9468, stack(0x00000059d9500000,0x00000059d9600000)]
  0x00000228fdf329b0 JavaThread "Unconstrained build operations Thread 71" [_thread_blocked, id=21072, stack(0x00000059d9600000,0x00000059d9700000)]
  0x00000228fdf32ec0 JavaThread "Unconstrained build operations Thread 72" [_thread_blocked, id=20420, stack(0x00000059d9700000,0x00000059d9800000)]
  0x00000228fdf333d0 JavaThread "Unconstrained build operations Thread 73" [_thread_blocked, id=18684, stack(0x00000059d9800000,0x00000059d9900000)]
  0x00000228fdf338e0 JavaThread "Unconstrained build operations Thread 74" [_thread_blocked, id=10536, stack(0x00000059d9900000,0x00000059d9a00000)]
  0x00000228fdf34810 JavaThread "Unconstrained build operations Thread 75" [_thread_blocked, id=13772, stack(0x00000059d9a00000,0x00000059d9b00000)]
  0x00000228fdf33df0 JavaThread "Unconstrained build operations Thread 76" [_thread_blocked, id=1212, stack(0x00000059d9b00000,0x00000059d9c00000)]
  0x00000228fdf34d20 JavaThread "Unconstrained build operations Thread 77" [_thread_blocked, id=15556, stack(0x00000059d9c00000,0x00000059d9d00000)]
  0x00000228fdf324a0 JavaThread "Unconstrained build operations Thread 78" [_thread_blocked, id=16624, stack(0x00000059d9d00000,0x00000059d9e00000)]
  0x00000228fdf34300 JavaThread "Unconstrained build operations Thread 79" [_thread_blocked, id=9464, stack(0x00000059d9e00000,0x00000059d9f00000)]
  0x00000228fdf31570 JavaThread "Unconstrained build operations Thread 80" [_thread_blocked, id=9096, stack(0x00000059d9f00000,0x00000059da000000)]
  0x00000228fdf37fc0 JavaThread "jar transforms Thread 2" [_thread_blocked, id=6572, stack(0x00000059da100000,0x00000059da200000)]
  0x00000228fdf384d0 JavaThread "Cache worker for Build Output Cleanup Cache (E:\app\Ambobtak\node_modules\expo-modules-core\expo-module-gradle-plugin\.gradle\buildOutputCleanup)" [_thread_blocked, id=23404, stack(0x00000059da000000,0x00000059da100000)]
  0x00000228fdf375a0 JavaThread "jar transforms Thread 3" [_thread_blocked, id=9408, stack(0x00000059da400000,0x00000059da500000)]
  0x00000228fdf35230 JavaThread "Cache worker for execution history cache (E:\app\Ambobtak\node_modules\expo-modules-core\expo-module-gradle-plugin\.gradle\8.13\executionHistory)" [_thread_blocked, id=21936, stack(0x00000059da500000,0x00000059da600000)]
  0x00000228fe629b30 JavaThread "jar transforms Thread 4" [_thread_blocked, id=19972, stack(0x00000059da700000,0x00000059da800000)]
  0x00000228fe6286f0 JavaThread "Problems report writer" [_thread_blocked, id=4280, stack(0x00000059da600000,0x00000059da700000)]
  0x00000228fe629620 JavaThread "jar transforms Thread 5" [_thread_blocked, id=13948, stack(0x00000059da800000,0x00000059da900000)]
  0x00000228fe62a040 JavaThread "jar transforms Thread 6" [_thread_blocked, id=8856, stack(0x00000059da900000,0x00000059daa00000)]
  0x00000228fe6277c0 JavaThread "build event listener" [_thread_blocked, id=23448, stack(0x00000059da200000,0x00000059da300000)]
  0x00000228fe6281e0 JavaThread "jar transforms Thread 7" [_thread_blocked, id=7676, stack(0x00000059dac00000,0x00000059dad00000)]
  0x00000228fe62b990 JavaThread "jar transforms Thread 8" [_thread_blocked, id=21580, stack(0x00000059dad00000,0x00000059dae00000)]
  0x00000228fd1e10c0 JavaThread "ForkJoinPool.commonPool-worker-8" daemon [_thread_blocked, id=22868, stack(0x00000059d0000000,0x00000059d0100000)]
  0x00000228fd1e15d0 JavaThread "ForkJoinPool.commonPool-worker-9" daemon [_thread_blocked, id=14088, stack(0x00000059d3400000,0x00000059d3500000)]
  0x00000228fe62cdd0 JavaThread "included builds Thread 4" [_thread_blocked, id=14664, stack(0x00000059d4e00000,0x00000059d4f00000)]
  0x00000228fafe2540 JavaThread "Cache worker for execution history cache (E:\app\Ambobtak\android\.gradle\8.13\executionHistory)" [_thread_blocked, id=16760, stack(0x00000059d7a00000,0x00000059d7b00000)]
  0x0000022887f208d0 JavaThread "WorkerExecutor Queue" [_thread_in_native, id=11604, stack(0x00000059d4d00000,0x00000059d4e00000)]
  0x0000022887f20de0 JavaThread "RMI Scheduler(0)" daemon [_thread_blocked, id=22036, stack(0x00000059d8000000,0x00000059d8100000)]
  0x0000022887f23660 JavaThread "RMI GC Daemon" daemon [_thread_blocked, id=5648, stack(0x00000059d8100000,0x00000059d8200000)]
  0x0000022887f22220 JavaThread "RMI RenewClean-[127.0.0.1:17145,org.jetbrains.kotlin.daemon.common.LoopbackNetworkInterface$ClientLoopbackSocketFactory@3d3fda20]" daemon [_thread_blocked, id=22560, stack(0x00000059da300000,0x00000059da400000)]
  0x0000022887f23b70 JavaThread "RMI TCP Accept-0" daemon [_thread_in_native, id=4000, stack(0x00000059daa00000,0x00000059dab00000)]
  0x0000022887f1f9a0 JavaThread "RMI Reaper" [_thread_blocked, id=14984, stack(0x00000059dab00000,0x00000059dac00000)]
  0x0000022887f24080 JavaThread "RMI TCP Connection(idle)" daemon [_thread_blocked, id=17808, stack(0x00000059dae00000,0x00000059daf00000)]
  0x0000022887f22730 JavaThread "WorkerExecutor Queue Thread 2" [_thread_blocked, id=5696, stack(0x00000059d3500000,0x00000059d3600000)]
  0x0000022887f1f490 JavaThread "WorkerExecutor Queue Thread 3" [_thread_blocked, id=3124, stack(0x00000059d7c00000,0x00000059d7d00000)]
  0x0000022887f212f0 JavaThread "WorkerExecutor Queue Thread 4" [_thread_blocked, id=9488, stack(0x00000059d7d00000,0x00000059d7e00000)]
  0x0000022887f25ee0 JavaThread "ForkJoinPool-1-worker-1" daemon [_thread_blocked, id=21644, stack(0x00000059db600000,0x00000059db700000)]
  0x0000022887f263f0 JavaThread "ForkJoinPool-1-worker-2" daemon [_thread_blocked, id=10528, stack(0x00000059db700000,0x00000059db800000)]
  0x0000022887f26900 JavaThread "ForkJoinPool-1-worker-3" daemon [_thread_blocked, id=17240, stack(0x00000059db800000,0x00000059db900000)]
  0x0000022887f24fb0 JavaThread "ForkJoinPool-1-worker-4" daemon [_thread_blocked, id=13872, stack(0x00000059db900000,0x00000059dba00000)]
  0x0000022887f254c0 JavaThread "ForkJoinPool-1-worker-6" daemon [_thread_blocked, id=15132, stack(0x00000059dba00000,0x00000059dbb00000)]
  0x0000022887f259d0 JavaThread "ForkJoinPool-1-worker-5" daemon [_thread_blocked, id=16472, stack(0x00000059dbb00000,0x00000059dbc00000)]
  0x00000228fd1e1ff0 JavaThread "ForkJoinPool-1-worker-7" daemon [_thread_blocked, id=5260, stack(0x00000059dbc00000,0x00000059dbd00000)]
  0x00000228fd1e0bb0 JavaThread "ForkJoinPool-1-worker-8" daemon [_thread_blocked, id=21060, stack(0x00000059dbd00000,0x00000059dbe00000)]

Other Threads:
=>0x00000228be466940 VMThread "VM Thread" [stack: 0x00000059d0900000,0x00000059d0a00000] [id=7176]
  0x000002289b6a70b0 WatcherThread [stack: 0x00000059d1500000,0x00000059d1600000] [id=10164]
  0x000002289b687240 GCTaskThread "GC Thread#0" [stack: 0x00000059d0400000,0x00000059d0500000] [id=17916]
  0x00000228be82a350 GCTaskThread "GC Thread#1" [stack: 0x00000059d1800000,0x00000059d1900000] [id=13504]
  0x00000228be82bed0 GCTaskThread "GC Thread#2" [stack: 0x00000059d1900000,0x00000059d1a00000] [id=13896]
  0x00000228be82ae50 GCTaskThread "GC Thread#3" [stack: 0x00000059d1a00000,0x00000059d1b00000] [id=17584]
  0x00000228be82b3d0 GCTaskThread "GC Thread#4" [stack: 0x00000059d1b00000,0x00000059d1c00000] [id=22192]
  0x00000228be82a8d0 GCTaskThread "GC Thread#5" [stack: 0x00000059d1c00000,0x00000059d1d00000] [id=13664]
  0x00000228be82b950 GCTaskThread "GC Thread#6" [stack: 0x00000059d2c00000,0x00000059d2d00000] [id=21448]
  0x00000228be82bc10 GCTaskThread "GC Thread#7" [stack: 0x00000059d2d00000,0x00000059d2e00000] [id=14548]
  0x000002289b698ab0 ConcurrentGCThread "G1 Main Marker" [stack: 0x00000059d0500000,0x00000059d0600000] [id=23468]
  0x000002289b699a10 ConcurrentGCThread "G1 Conc#0" [stack: 0x00000059d0600000,0x00000059d0700000] [id=18360]
  0x00000228fa5b4b90 ConcurrentGCThread "G1 Conc#1" [stack: 0x00000059d2e00000,0x00000059d2f00000] [id=20680]
  0x000002289b6dea80 ConcurrentGCThread "G1 Refine#0" [stack: 0x00000059d0700000,0x00000059d0800000] [id=20028]
  0x0000022887b7be40 ConcurrentGCThread "G1 Refine#1" [stack: 0x00000059db000000,0x00000059db100000] [id=14348]
  0x0000022887b7c130 ConcurrentGCThread "G1 Refine#2" [stack: 0x00000059db100000,0x00000059db200000] [id=15672]
  0x0000022887b7c420 ConcurrentGCThread "G1 Refine#3" [stack: 0x00000059db200000,0x00000059db300000] [id=12308]
  0x0000022887b7c710 ConcurrentGCThread "G1 Refine#4" [stack: 0x00000059daf00000,0x00000059db000000] [id=8972]
  0x0000022887b78c50 ConcurrentGCThread "G1 Refine#5" [stack: 0x00000059db300000,0x00000059db400000] [id=10108]
  0x00000228fb795be0 ConcurrentGCThread "G1 Refine#6" [stack: 0x00000059db400000,0x00000059db500000] [id=7112]
  0x00000228fb7964b0 ConcurrentGCThread "G1 Refine#7" [stack: 0x00000059db500000,0x00000059db600000] [id=22160]
  0x00000228be316500 ConcurrentGCThread "G1 Service" [stack: 0x00000059d0800000,0x00000059d0900000] [id=5412]

Threads with active compile tasks:

VM state: at safepoint (normal execution)

VM Mutex/Monitor currently owned by a thread:  ([mutex/lock_event])
[0x000002289944b100] Threads_lock - owner thread: 0x00000228be466940
[0x000002289b616f40] Heap_lock - owner thread: 0x000002289b698ab0

Heap address: 0x0000000700000000, size: 4096 MB, Compressed Oops mode: Zero based, Oop shift amount: 3

CDS archive(s) mapped at: [0x00000228bf000000-0x00000228bfbd0000-0x00000228bfbd0000), size 12386304, SharedBaseAddress: 0x00000228bf000000, ArchiveRelocationMode: 1.
Compressed class space mapped at: 0x00000228c0000000-0x00000228f4000000, reserved size: 872415232
Narrow klass base: 0x00000228bf000000, Narrow klass shift: 0, Narrow klass range: 0x100000000

GC Precious Log:
 CPUs: 8 total, 8 available
 Memory: 16131M
 Large Page Support: Disabled
 NUMA Support: Disabled
 Compressed Oops: Enabled (Zero based)
 Heap Region Size: 2M
 Heap Min Capacity: 8M
 Heap Initial Capacity: 254M
 Heap Max Capacity: 4G
 Pre-touch: Disabled
 Parallel Workers: 8
 Concurrent Workers: 2
 Concurrent Refinement Workers: 8
 Periodic GC: Disabled

Heap:
 garbage-first heap   total 1083392K, used 934473K [0x0000000700000000, 0x0000000800000000)
  region size 2048K, 16 young (32768K), 4 survivors (8192K)
 Metaspace       used 153462K, committed 156288K, reserved 1048576K
  class space    used 21156K, committed 22400K, reserved 851968K

Heap Regions: E=young(eden), S=young(survivor), O=old, HS=humongous(starts), HC=humongous(continues), CS=collection set, F=free, OA=open archive, CA=closed archive, TAMS=top-at-mark-start (previous, next)
|   0|0x0000000700000000, 0x0000000700200000, 0x0000000700200000|100%|HS|  |TAMS 0x0000000700200000, 0x0000000700000000| Complete 
|   1|0x0000000700200000, 0x0000000700400000, 0x0000000700400000|100%|HC|  |TAMS 0x0000000700400000, 0x0000000700200000| Complete 
|   2|0x0000000700400000, 0x0000000700600000, 0x0000000700600000|100%| O|  |TAMS 0x0000000700600000, 0x0000000700400000| Untracked 
|   3|0x0000000700600000, 0x0000000700800000, 0x0000000700800000|100%| O|  |TAMS 0x0000000700800000, 0x0000000700600000| Updating 
|   4|0x0000000700800000, 0x0000000700a00000, 0x0000000700a00000|100%| O|  |TAMS 0x0000000700a00000, 0x0000000700800000| Untracked 
|   5|0x0000000700a00000, 0x0000000700ba1800, 0x0000000700c00000| 81%| O|  |TAMS 0x0000000700ba1800, 0x0000000700a00000| Updating 
|   6|0x0000000700c00000, 0x0000000700e00000, 0x0000000700e00000|100%| O|  |TAMS 0x0000000700e00000, 0x0000000700c00000| Untracked 
|   7|0x0000000700e00000, 0x0000000701000000, 0x0000000701000000|100%| O|  |TAMS 0x0000000701000000, 0x0000000700e00000| Untracked 
|   8|0x0000000701000000, 0x0000000701200000, 0x0000000701200000|100%| O|  |TAMS 0x0000000701200000, 0x0000000701000000| Untracked 
|   9|0x0000000701200000, 0x0000000701400000, 0x0000000701400000|100%| O|  |TAMS 0x0000000701400000, 0x0000000701200000| Untracked 
|  10|0x0000000701400000, 0x0000000701600000, 0x0000000701600000|100%| O|  |TAMS 0x0000000701600000, 0x0000000701400000| Untracked 
|  11|0x0000000701600000, 0x0000000701800000, 0x0000000701800000|100%| O|  |TAMS 0x0000000701800000, 0x0000000701600000| Untracked 
|  12|0x0000000701800000, 0x0000000701a00000, 0x0000000701a00000|100%| O|  |TAMS 0x0000000701a00000, 0x0000000701800000| Untracked 
|  13|0x0000000701a00000, 0x0000000701c00000, 0x0000000701c00000|100%| O|  |TAMS 0x0000000701c00000, 0x0000000701a00000| Updating 
|  14|0x0000000701c00000, 0x0000000701e00000, 0x0000000701e00000|100%| O|  |TAMS 0x0000000701e00000, 0x0000000701c00000| Untracked 
|  15|0x0000000701e00000, 0x0000000702000000, 0x0000000702000000|100%| O|  |TAMS 0x0000000702000000, 0x0000000701e00000| Updating 
|  16|0x0000000702000000, 0x0000000702200000, 0x0000000702200000|100%| O|  |TAMS 0x0000000702200000, 0x0000000702000000| Updating 
|  17|0x0000000702200000, 0x0000000702400000, 0x0000000702400000|100%| O|  |TAMS 0x0000000702400000, 0x0000000702200000| Updating 
|  18|0x0000000702400000, 0x0000000702600000, 0x0000000702600000|100%| O|  |TAMS 0x0000000702600000, 0x0000000702400000| Updating 
|  19|0x0000000702600000, 0x0000000702800000, 0x0000000702800000|100%| O|  |TAMS 0x0000000702800000, 0x0000000702600000| Updating 
|  20|0x0000000702800000, 0x0000000702a00000, 0x0000000702a00000|100%| O|  |TAMS 0x0000000702a00000, 0x0000000702800000| Untracked 
|  21|0x0000000702a00000, 0x0000000702c00000, 0x0000000702c00000|100%| O|  |TAMS 0x0000000702c00000, 0x0000000702a00000| Updating 
|  22|0x0000000702c00000, 0x0000000702e00000, 0x0000000702e00000|100%|HS|  |TAMS 0x0000000702e00000, 0x0000000702c00000| Complete 
|  23|0x0000000702e00000, 0x0000000703000000, 0x0000000703000000|100%|HS|  |TAMS 0x0000000703000000, 0x0000000702e00000| Complete 
|  24|0x0000000703000000, 0x0000000703200000, 0x0000000703200000|100%|HS|  |TAMS 0x0000000703200000, 0x0000000703000000| Complete 
|  25|0x0000000703200000, 0x0000000703400000, 0x0000000703400000|100%|HC|  |TAMS 0x0000000703400000, 0x0000000703200000| Complete 
|  26|0x0000000703400000, 0x0000000703600000, 0x0000000703600000|100%|HS|  |TAMS 0x0000000703600000, 0x0000000703400000| Complete 
|  27|0x0000000703600000, 0x0000000703800000, 0x0000000703800000|100%| O|  |TAMS 0x0000000703800000, 0x0000000703600000| Updating 
|  28|0x0000000703800000, 0x0000000703a00000, 0x0000000703a00000|100%| O|  |TAMS 0x0000000703a00000, 0x0000000703800000| Untracked 
|  29|0x0000000703a00000, 0x0000000703c00000, 0x0000000703c00000|100%|HS|  |TAMS 0x0000000703c00000, 0x0000000703a00000| Complete 
|  30|0x0000000703c00000, 0x0000000703e00000, 0x0000000703e00000|100%|HC|  |TAMS 0x0000000703e00000, 0x0000000703c00000| Complete 
|  31|0x0000000703e00000, 0x0000000704000000, 0x0000000704000000|100%| O|  |TAMS 0x0000000704000000, 0x0000000703e00000| Untracked 
|  32|0x0000000704000000, 0x0000000704200000, 0x0000000704200000|100%| O|  |TAMS 0x0000000704200000, 0x0000000704000000| Untracked 
|  33|0x0000000704200000, 0x0000000704400000, 0x0000000704400000|100%| O|  |TAMS 0x0000000704400000, 0x0000000704200000| Updating 
|  34|0x0000000704400000, 0x0000000704600000, 0x0000000704600000|100%| O|  |TAMS 0x0000000704600000, 0x0000000704400000| Untracked 
|  35|0x0000000704600000, 0x0000000704800000, 0x0000000704800000|100%| O|  |TAMS 0x0000000704800000, 0x0000000704600000| Untracked 
|  36|0x0000000704800000, 0x0000000704a00000, 0x0000000704a00000|100%|HS|  |TAMS 0x0000000704a00000, 0x0000000704800000| Complete 
|  37|0x0000000704a00000, 0x0000000704c00000, 0x0000000704c00000|100%| O|  |TAMS 0x0000000704c00000, 0x0000000704a00000| Untracked 
|  38|0x0000000704c00000, 0x0000000704e00000, 0x0000000704e00000|100%| O|  |TAMS 0x0000000704e00000, 0x0000000704c00000| Untracked 
|  39|0x0000000704e00000, 0x0000000705000000, 0x0000000705000000|100%| O|  |TAMS 0x0000000705000000, 0x0000000704e00000| Untracked 
|  40|0x0000000705000000, 0x0000000705200000, 0x0000000705200000|100%|HS|  |TAMS 0x0000000705200000, 0x0000000705000000| Complete 
|  41|0x0000000705200000, 0x0000000705400000, 0x0000000705400000|100%|HC|  |TAMS 0x0000000705400000, 0x0000000705200000| Complete 
|  42|0x0000000705400000, 0x0000000705600000, 0x0000000705600000|100%|HS|  |TAMS 0x0000000705600000, 0x0000000705400000| Complete 
|  43|0x0000000705600000, 0x0000000705800000, 0x0000000705800000|100%|HC|  |TAMS 0x0000000705800000, 0x0000000705600000| Complete 
|  44|0x0000000705800000, 0x0000000705a00000, 0x0000000705a00000|100%| O|  |TAMS 0x0000000705a00000, 0x0000000705800000| Untracked 
|  45|0x0000000705a00000, 0x0000000705c00000, 0x0000000705c00000|100%| O|  |TAMS 0x0000000705c00000, 0x0000000705a00000| Updating 
|  46|0x0000000705c00000, 0x0000000705e00000, 0x0000000705e00000|100%| O|  |TAMS 0x0000000705e00000, 0x0000000705c00000| Untracked 
|  47|0x0000000705e00000, 0x0000000706000000, 0x0000000706000000|100%| O|  |TAMS 0x0000000706000000, 0x0000000705e00000| Updating 
|  48|0x0000000706000000, 0x0000000706200000, 0x0000000706200000|100%| O|  |TAMS 0x0000000706200000, 0x0000000706000000| Untracked 
|  49|0x0000000706200000, 0x0000000706400000, 0x0000000706400000|100%| O|  |TAMS 0x0000000706400000, 0x0000000706200000| Updating 
|  50|0x0000000706400000, 0x0000000706600000, 0x0000000706600000|100%| O|  |TAMS 0x0000000706600000, 0x0000000706400000| Untracked 
|  51|0x0000000706600000, 0x0000000706800000, 0x0000000706800000|100%| O|  |TAMS 0x0000000706800000, 0x0000000706600000| Untracked 
|  52|0x0000000706800000, 0x0000000706a00000, 0x0000000706a00000|100%| O|  |TAMS 0x0000000706a00000, 0x0000000706800000| Updating 
|  53|0x0000000706a00000, 0x0000000706c00000, 0x0000000706c00000|100%| O|  |TAMS 0x0000000706c00000, 0x0000000706a00000| Updating 
|  54|0x0000000706c00000, 0x0000000706e00000, 0x0000000706e00000|100%| O|  |TAMS 0x0000000706e00000, 0x0000000706c00000| Untracked 
|  55|0x0000000706e00000, 0x0000000707000000, 0x0000000707000000|100%| O|  |TAMS 0x0000000707000000, 0x0000000706e00000| Updating 
|  56|0x0000000707000000, 0x0000000707200000, 0x0000000707200000|100%| O|  |TAMS 0x0000000707200000, 0x0000000707000000| Untracked 
|  57|0x0000000707200000, 0x0000000707400000, 0x0000000707400000|100%| O|  |TAMS 0x0000000707400000, 0x0000000707200000| Untracked 
|  58|0x0000000707400000, 0x0000000707600000, 0x0000000707600000|100%| O|  |TAMS 0x0000000707600000, 0x0000000707400000| Updating 
|  59|0x0000000707600000, 0x0000000707800000, 0x0000000707800000|100%| O|  |TAMS 0x0000000707800000, 0x0000000707600000| Untracked 
|  60|0x0000000707800000, 0x0000000707a00000, 0x0000000707a00000|100%| O|  |TAMS 0x0000000707a00000, 0x0000000707800000| Updating 
|  61|0x0000000707a00000, 0x0000000707c00000, 0x0000000707c00000|100%| O|  |TAMS 0x0000000707c00000, 0x0000000707a00000| Updating 
|  62|0x0000000707c00000, 0x0000000707e00000, 0x0000000707e00000|100%| O|  |TAMS 0x0000000707e00000, 0x0000000707c00000| Updating 
|  63|0x0000000707e00000, 0x0000000708000000, 0x0000000708000000|100%| O|  |TAMS 0x0000000708000000, 0x0000000707e00000| Untracked 
|  64|0x0000000708000000, 0x0000000708200000, 0x0000000708200000|100%| O|  |TAMS 0x0000000708200000, 0x0000000708000000| Untracked 
|  65|0x0000000708200000, 0x0000000708400000, 0x0000000708400000|100%| O|  |TAMS 0x0000000708400000, 0x0000000708200000| Untracked 
|  66|0x0000000708400000, 0x0000000708600000, 0x0000000708600000|100%| O|  |TAMS 0x0000000708600000, 0x0000000708400000| Untracked 
|  67|0x0000000708600000, 0x0000000708800000, 0x0000000708800000|100%| O|  |TAMS 0x0000000708800000, 0x0000000708600000| Untracked 
|  68|0x0000000708800000, 0x0000000708a00000, 0x0000000708a00000|100%| O|  |TAMS 0x0000000708a00000, 0x0000000708800000| Updating 
|  69|0x0000000708a00000, 0x0000000708c00000, 0x0000000708c00000|100%| O|  |TAMS 0x0000000708c00000, 0x0000000708a00000| Updating 
|  70|0x0000000708c00000, 0x0000000708e00000, 0x0000000708e00000|100%| O|  |TAMS 0x0000000708e00000, 0x0000000708c00000| Updating 
|  71|0x0000000708e00000, 0x0000000709000000, 0x0000000709000000|100%| O|  |TAMS 0x0000000709000000, 0x0000000708e00000| Updating 
|  72|0x0000000709000000, 0x0000000709200000, 0x0000000709200000|100%| O|  |TAMS 0x0000000709200000, 0x0000000709000000| Untracked 
|  73|0x0000000709200000, 0x0000000709400000, 0x0000000709400000|100%|HS|  |TAMS 0x0000000709400000, 0x0000000709200000| Complete 
|  74|0x0000000709400000, 0x0000000709600000, 0x0000000709600000|100%| O|  |TAMS 0x0000000709600000, 0x0000000709400000| Untracked 
|  75|0x0000000709600000, 0x0000000709800000, 0x0000000709800000|100%| O|  |TAMS 0x0000000709800000, 0x0000000709600000| Untracked 
|  76|0x0000000709800000, 0x0000000709a00000, 0x0000000709a00000|100%| O|  |TAMS 0x0000000709a00000, 0x0000000709800000| Untracked 
|  77|0x0000000709a00000, 0x0000000709c00000, 0x0000000709c00000|100%| O|  |TAMS 0x0000000709c00000, 0x0000000709a00000| Untracked 
|  78|0x0000000709c00000, 0x0000000709e00000, 0x0000000709e00000|100%| O|  |TAMS 0x0000000709e00000, 0x0000000709c00000| Untracked 
|  79|0x0000000709e00000, 0x000000070a000000, 0x000000070a000000|100%| O|  |TAMS 0x000000070a000000, 0x0000000709e00000| Updating 
|  80|0x000000070a000000, 0x000000070a1ffff8, 0x000000070a200000| 99%| O|  |TAMS 0x000000070a1ffff8, 0x000000070a000000| Untracked 
|  81|0x000000070a200000, 0x000000070a400000, 0x000000070a400000|100%| O|  |TAMS 0x000000070a400000, 0x000000070a200000| Untracked 
|  82|0x000000070a400000, 0x000000070a600000, 0x000000070a600000|100%| O|  |TAMS 0x000000070a600000, 0x000000070a400000| Untracked 
|  83|0x000000070a600000, 0x000000070a800000, 0x000000070a800000|100%| O|  |TAMS 0x000000070a800000, 0x000000070a600000| Untracked 
|  84|0x000000070a800000, 0x000000070aa00000, 0x000000070aa00000|100%| O|  |TAMS 0x000000070aa00000, 0x000000070a800000| Untracked 
|  85|0x000000070aa00000, 0x000000070ac00000, 0x000000070ac00000|100%| O|  |TAMS 0x000000070ac00000, 0x000000070aa00000| Updating 
|  86|0x000000070ac00000, 0x000000070ae00000, 0x000000070ae00000|100%| O|  |TAMS 0x000000070ae00000, 0x000000070ac00000| Untracked 
|  87|0x000000070ae00000, 0x000000070b000000, 0x000000070b000000|100%| O|  |TAMS 0x000000070b000000, 0x000000070ae00000| Updating 
|  88|0x000000070b000000, 0x000000070b200000, 0x000000070b200000|100%| O|  |TAMS 0x000000070b200000, 0x000000070b000000| Untracked 
|  89|0x000000070b200000, 0x000000070b400000, 0x000000070b400000|100%| O|  |TAMS 0x000000070b400000, 0x000000070b200000| Updating 
|  90|0x000000070b400000, 0x000000070b600000, 0x000000070b600000|100%| O|  |TAMS 0x000000070b600000, 0x000000070b400000| Untracked 
|  91|0x000000070b600000, 0x000000070b800000, 0x000000070b800000|100%| O|  |TAMS 0x000000070b800000, 0x000000070b600000| Updating 
|  92|0x000000070b800000, 0x000000070ba00000, 0x000000070ba00000|100%| O|  |TAMS 0x000000070ba00000, 0x000000070b800000| Updating 
|  93|0x000000070ba00000, 0x000000070bc00000, 0x000000070bc00000|100%| O|  |TAMS 0x000000070bc00000, 0x000000070ba00000| Untracked 
|  94|0x000000070bc00000, 0x000000070be00000, 0x000000070be00000|100%| O|  |TAMS 0x000000070be00000, 0x000000070bc00000| Updating 
|  95|0x000000070be00000, 0x000000070c000000, 0x000000070c000000|100%| O|  |TAMS 0x000000070c000000, 0x000000070be00000| Untracked 
|  96|0x000000070c000000, 0x000000070c200000, 0x000000070c200000|100%| O|  |TAMS 0x000000070c200000, 0x000000070c000000| Untracked 
|  97|0x000000070c200000, 0x000000070c400000, 0x000000070c400000|100%| O|  |TAMS 0x000000070c400000, 0x000000070c200000| Updating 
|  98|0x000000070c400000, 0x000000070c600000, 0x000000070c600000|100%| O|  |TAMS 0x000000070c600000, 0x000000070c400000| Untracked 
|  99|0x000000070c600000, 0x000000070c800000, 0x000000070c800000|100%| O|  |TAMS 0x000000070c800000, 0x000000070c600000| Updating 
| 100|0x000000070c800000, 0x000000070ca00000, 0x000000070ca00000|100%|HS|  |TAMS 0x000000070ca00000, 0x000000070c800000| Complete 
| 101|0x000000070ca00000, 0x000000070cc00000, 0x000000070cc00000|100%| O|  |TAMS 0x000000070cc00000, 0x000000070ca00000| Updating 
| 102|0x000000070cc00000, 0x000000070ce00000, 0x000000070ce00000|100%| O|  |TAMS 0x000000070ce00000, 0x000000070cc00000| Untracked 
| 103|0x000000070ce00000, 0x000000070d000000, 0x000000070d000000|100%| O|  |TAMS 0x000000070d000000, 0x000000070ce00000| Updating 
| 104|0x000000070d000000, 0x000000070d200000, 0x000000070d200000|100%| O|  |TAMS 0x000000070d200000, 0x000000070d000000| Updating 
| 105|0x000000070d200000, 0x000000070d400000, 0x000000070d400000|100%| O|  |TAMS 0x000000070d400000, 0x000000070d200000| Untracked 
| 106|0x000000070d400000, 0x000000070d600000, 0x000000070d600000|100%| O|  |TAMS 0x000000070d600000, 0x000000070d400000| Untracked 
| 107|0x000000070d600000, 0x000000070d800000, 0x000000070d800000|100%| O|  |TAMS 0x000000070d800000, 0x000000070d600000| Untracked 
| 108|0x000000070d800000, 0x000000070da00000, 0x000000070da00000|100%| O|  |TAMS 0x000000070da00000, 0x000000070d800000| Untracked 
| 109|0x000000070da00000, 0x000000070dc00000, 0x000000070dc00000|100%| O|  |TAMS 0x000000070dc00000, 0x000000070da00000| Updating 
| 110|0x000000070dc00000, 0x000000070de00000, 0x000000070de00000|100%| O|  |TAMS 0x000000070de00000, 0x000000070dc00000| Updating 
| 111|0x000000070de00000, 0x000000070e000000, 0x000000070e000000|100%|HS|  |TAMS 0x000000070e000000, 0x000000070de00000| Complete 
| 112|0x000000070e000000, 0x000000070e200000, 0x000000070e200000|100%|HS|  |TAMS 0x000000070e200000, 0x000000070e000000| Complete 
| 113|0x000000070e200000, 0x000000070e400000, 0x000000070e400000|100%| O|  |TAMS 0x000000070e400000, 0x000000070e200000| Untracked 
| 114|0x000000070e400000, 0x000000070e600000, 0x000000070e600000|100%| O|  |TAMS 0x000000070e600000, 0x000000070e400000| Untracked 
| 115|0x000000070e600000, 0x000000070e800000, 0x000000070e800000|100%| O|  |TAMS 0x000000070e800000, 0x000000070e600000| Untracked 
| 116|0x000000070e800000, 0x000000070ea00000, 0x000000070ea00000|100%| O|  |TAMS 0x000000070ea00000, 0x000000070e800000| Untracked 
| 117|0x000000070ea00000, 0x000000070ec00000, 0x000000070ec00000|100%| O|  |TAMS 0x000000070ec00000, 0x000000070ea00000| Updating 
| 118|0x000000070ec00000, 0x000000070ee00000, 0x000000070ee00000|100%| O|  |TAMS 0x000000070ee00000, 0x000000070ec00000| Updating 
| 119|0x000000070ee00000, 0x000000070f000000, 0x000000070f000000|100%| O|  |TAMS 0x000000070f000000, 0x000000070ee00000| Untracked 
| 120|0x000000070f000000, 0x000000070f200000, 0x000000070f200000|100%| O|  |TAMS 0x000000070f200000, 0x000000070f000000| Updating 
| 121|0x000000070f200000, 0x000000070f400000, 0x000000070f400000|100%| O|  |TAMS 0x000000070f400000, 0x000000070f200000| Untracked 
| 122|0x000000070f400000, 0x000000070f400000, 0x000000070f600000|  0%| F|  |TAMS 0x000000070f400000, 0x000000070f400000| Untracked 
| 123|0x000000070f600000, 0x000000070f800000, 0x000000070f800000|100%| O|  |TAMS 0x000000070f800000, 0x000000070f600000| Untracked 
| 124|0x000000070f800000, 0x000000070fa00000, 0x000000070fa00000|100%| O|  |TAMS 0x000000070fa00000, 0x000000070f800000| Updating 
| 125|0x000000070fa00000, 0x000000070fa00000, 0x000000070fc00000|  0%| F|  |TAMS 0x000000070fa00000, 0x000000070fa00000| Untracked 
| 126|0x000000070fc00000, 0x000000070fe00000, 0x000000070fe00000|100%| O|  |TAMS 0x000000070fe00000, 0x000000070fc00000| Updating 
| 127|0x000000070fe00000, 0x0000000710000000, 0x0000000710000000|100%| O|  |TAMS 0x0000000710000000, 0x000000070fe00000| Untracked 
| 128|0x0000000710000000, 0x0000000710200000, 0x0000000710200000|100%| O|  |TAMS 0x0000000710200000, 0x0000000710000000| Untracked 
| 129|0x0000000710200000, 0x0000000710400000, 0x0000000710400000|100%| O|  |TAMS 0x0000000710400000, 0x0000000710200000| Untracked 
| 130|0x0000000710400000, 0x0000000710600000, 0x0000000710600000|100%| O|  |TAMS 0x0000000710600000, 0x0000000710400000| Untracked 
| 131|0x0000000710600000, 0x0000000710800000, 0x0000000710800000|100%| O|  |TAMS 0x0000000710800000, 0x0000000710600000| Untracked 
| 132|0x0000000710800000, 0x0000000710a00000, 0x0000000710a00000|100%| O|  |TAMS 0x0000000710a00000, 0x0000000710800000| Untracked 
| 133|0x0000000710a00000, 0x0000000710c00000, 0x0000000710c00000|100%| O|  |TAMS 0x0000000710c00000, 0x0000000710a00000| Untracked 
| 134|0x0000000710c00000, 0x0000000710e00000, 0x0000000710e00000|100%| O|  |TAMS 0x0000000710e00000, 0x0000000710c00000| Untracked 
| 135|0x0000000710e00000, 0x0000000711000000, 0x0000000711000000|100%| O|  |TAMS 0x0000000711000000, 0x0000000710e00000| Untracked 
| 136|0x0000000711000000, 0x0000000711200000, 0x0000000711200000|100%| O|  |TAMS 0x0000000711200000, 0x0000000711000000| Untracked 
| 137|0x0000000711200000, 0x0000000711400000, 0x0000000711400000|100%| O|  |TAMS 0x0000000711400000, 0x0000000711200000| Untracked 
| 138|0x0000000711400000, 0x0000000711600000, 0x0000000711600000|100%| O|  |TAMS 0x0000000711600000, 0x0000000711400000| Updating 
| 139|0x0000000711600000, 0x0000000711800000, 0x0000000711800000|100%| O|  |TAMS 0x0000000711800000, 0x0000000711600000| Untracked 
| 140|0x0000000711800000, 0x0000000711a00000, 0x0000000711a00000|100%| O|  |TAMS 0x0000000711a00000, 0x0000000711800000| Untracked 
| 141|0x0000000711a00000, 0x0000000711c00000, 0x0000000711c00000|100%| O|  |TAMS 0x0000000711c00000, 0x0000000711a00000| Updating 
| 142|0x0000000711c00000, 0x0000000711e00000, 0x0000000711e00000|100%| O|  |TAMS 0x0000000711e00000, 0x0000000711c00000| Untracked 
| 143|0x0000000711e00000, 0x0000000712000000, 0x0000000712000000|100%| O|  |TAMS 0x0000000712000000, 0x0000000711e00000| Updating 
| 144|0x0000000712000000, 0x0000000712200000, 0x0000000712200000|100%| O|  |TAMS 0x0000000712200000, 0x0000000712000000| Updating 
| 145|0x0000000712200000, 0x0000000712400000, 0x0000000712400000|100%| O|  |TAMS 0x0000000712400000, 0x0000000712200000| Untracked 
| 146|0x0000000712400000, 0x0000000712600000, 0x0000000712600000|100%| O|  |TAMS 0x0000000712600000, 0x0000000712400000| Untracked 
| 147|0x0000000712600000, 0x0000000712800000, 0x0000000712800000|100%| O|  |TAMS 0x0000000712800000, 0x0000000712600000| Untracked 
| 148|0x0000000712800000, 0x0000000712a00000, 0x0000000712a00000|100%| O|  |TAMS 0x0000000712a00000, 0x0000000712800000| Untracked 
| 149|0x0000000712a00000, 0x0000000712c00000, 0x0000000712c00000|100%| O|  |TAMS 0x0000000712c00000, 0x0000000712a00000| Updating 
| 150|0x0000000712c00000, 0x0000000712e00000, 0x0000000712e00000|100%| O|  |TAMS 0x0000000712e00000, 0x0000000712c00000| Updating 
| 151|0x0000000712e00000, 0x0000000713000000, 0x0000000713000000|100%| O|  |TAMS 0x0000000713000000, 0x0000000712e00000| Untracked 
| 152|0x0000000713000000, 0x0000000713200000, 0x0000000713200000|100%| O|  |TAMS 0x0000000713200000, 0x0000000713000000| Untracked 
| 153|0x0000000713200000, 0x0000000713400000, 0x0000000713400000|100%| O|  |TAMS 0x0000000713400000, 0x0000000713200000| Untracked 
| 154|0x0000000713400000, 0x0000000713600000, 0x0000000713600000|100%| O|  |TAMS 0x0000000713600000, 0x0000000713400000| Untracked 
| 155|0x0000000713600000, 0x0000000713800000, 0x0000000713800000|100%| O|  |TAMS 0x0000000713800000, 0x0000000713600000| Untracked 
| 156|0x0000000713800000, 0x0000000713a00000, 0x0000000713a00000|100%| O|  |TAMS 0x0000000713a00000, 0x0000000713800000| Untracked 
| 157|0x0000000713a00000, 0x0000000713c00000, 0x0000000713c00000|100%| O|  |TAMS 0x0000000713c00000, 0x0000000713a00000| Updating 
| 158|0x0000000713c00000, 0x0000000713e00000, 0x0000000713e00000|100%| O|  |TAMS 0x0000000713e00000, 0x0000000713c00000| Untracked 
| 159|0x0000000713e00000, 0x0000000714000000, 0x0000000714000000|100%| O|  |TAMS 0x0000000714000000, 0x0000000713e00000| Untracked 
| 160|0x0000000714000000, 0x0000000714200000, 0x0000000714200000|100%| O|  |TAMS 0x0000000714200000, 0x0000000714000000| Untracked 
| 161|0x0000000714200000, 0x0000000714400000, 0x0000000714400000|100%| O|  |TAMS 0x0000000714400000, 0x0000000714200000| Untracked 
| 162|0x0000000714400000, 0x0000000714600000, 0x0000000714600000|100%| O|  |TAMS 0x0000000714600000, 0x0000000714400000| Untracked 
| 163|0x0000000714600000, 0x0000000714800000, 0x0000000714800000|100%| O|  |TAMS 0x0000000714800000, 0x0000000714600000| Updating 
| 164|0x0000000714800000, 0x0000000714a00000, 0x0000000714a00000|100%| O|  |TAMS 0x0000000714a00000, 0x0000000714800000| Untracked 
| 165|0x0000000714a00000, 0x0000000714c00000, 0x0000000714c00000|100%| O|  |TAMS 0x0000000714c00000, 0x0000000714a00000| Untracked 
| 166|0x0000000714c00000, 0x0000000714e00000, 0x0000000714e00000|100%| O|  |TAMS 0x0000000714e00000, 0x0000000714c00000| Updating 
| 167|0x0000000714e00000, 0x0000000715000000, 0x0000000715000000|100%| O|  |TAMS 0x0000000715000000, 0x0000000714e00000| Untracked 
| 168|0x0000000715000000, 0x0000000715200000, 0x0000000715200000|100%| O|  |TAMS 0x0000000715200000, 0x0000000715000000| Updating 
| 169|0x0000000715200000, 0x0000000715400000, 0x0000000715400000|100%| O|  |TAMS 0x0000000715400000, 0x0000000715200000| Updating 
| 170|0x0000000715400000, 0x0000000715600000, 0x0000000715600000|100%| O|  |TAMS 0x0000000715600000, 0x0000000715400000| Updating 
| 171|0x0000000715600000, 0x0000000715800000, 0x0000000715800000|100%| O|  |TAMS 0x0000000715800000, 0x0000000715600000| Updating 
| 172|0x0000000715800000, 0x0000000715a00000, 0x0000000715a00000|100%| O|  |TAMS 0x0000000715a00000, 0x0000000715800000| Untracked 
| 173|0x0000000715a00000, 0x0000000715c00000, 0x0000000715c00000|100%| O|  |TAMS 0x0000000715c00000, 0x0000000715a00000| Updating 
| 174|0x0000000715c00000, 0x0000000715e00000, 0x0000000715e00000|100%| O|  |TAMS 0x0000000715e00000, 0x0000000715c00000| Updating 
| 175|0x0000000715e00000, 0x0000000716000000, 0x0000000716000000|100%| O|  |TAMS 0x0000000716000000, 0x0000000715e00000| Updating 
| 176|0x0000000716000000, 0x0000000716200000, 0x0000000716200000|100%| O|  |TAMS 0x0000000716200000, 0x0000000716000000| Untracked 
| 177|0x0000000716200000, 0x0000000716400000, 0x0000000716400000|100%| O|  |TAMS 0x0000000716400000, 0x0000000716200000| Updating 
| 178|0x0000000716400000, 0x0000000716600000, 0x0000000716600000|100%| O|  |TAMS 0x0000000716600000, 0x0000000716400000| Untracked 
| 179|0x0000000716600000, 0x0000000716800000, 0x0000000716800000|100%| O|  |TAMS 0x0000000716800000, 0x0000000716600000| Untracked 
| 180|0x0000000716800000, 0x0000000716a00000, 0x0000000716a00000|100%| O|  |TAMS 0x0000000716a00000, 0x0000000716800000| Untracked 
| 181|0x0000000716a00000, 0x0000000716c00000, 0x0000000716c00000|100%| O|  |TAMS 0x0000000716c00000, 0x0000000716a00000| Untracked 
| 182|0x0000000716c00000, 0x0000000716e00000, 0x0000000716e00000|100%| O|  |TAMS 0x0000000716e00000, 0x0000000716c00000| Untracked 
| 183|0x0000000716e00000, 0x0000000717000000, 0x0000000717000000|100%| O|  |TAMS 0x0000000717000000, 0x0000000716e00000| Untracked 
| 184|0x0000000717000000, 0x0000000717200000, 0x0000000717200000|100%| O|  |TAMS 0x0000000717200000, 0x0000000717000000| Untracked 
| 185|0x0000000717200000, 0x0000000717400000, 0x0000000717400000|100%| O|  |TAMS 0x0000000717400000, 0x0000000717200000| Untracked 
| 186|0x0000000717400000, 0x0000000717600000, 0x0000000717600000|100%| O|  |TAMS 0x0000000717600000, 0x0000000717400000| Untracked 
| 187|0x0000000717600000, 0x0000000717800000, 0x0000000717800000|100%| O|  |TAMS 0x0000000717800000, 0x0000000717600000| Untracked 
| 188|0x0000000717800000, 0x0000000717a00000, 0x0000000717a00000|100%| O|  |TAMS 0x0000000717a00000, 0x0000000717800000| Untracked 
| 189|0x0000000717a00000, 0x0000000717c00000, 0x0000000717c00000|100%| O|  |TAMS 0x0000000717c00000, 0x0000000717a00000| Updating 
| 190|0x0000000717c00000, 0x0000000717e00000, 0x0000000717e00000|100%| O|  |TAMS 0x0000000717e00000, 0x0000000717c00000| Untracked 
| 191|0x0000000717e00000, 0x0000000718000000, 0x0000000718000000|100%| O|  |TAMS 0x0000000718000000, 0x0000000717e00000| Untracked 
| 192|0x0000000718000000, 0x0000000718200000, 0x0000000718200000|100%| O|  |TAMS 0x0000000718200000, 0x0000000718000000| Untracked 
| 193|0x0000000718200000, 0x0000000718400000, 0x0000000718400000|100%| O|  |TAMS 0x0000000718400000, 0x0000000718200000| Untracked 
| 194|0x0000000718400000, 0x0000000718600000, 0x0000000718600000|100%| O|  |TAMS 0x0000000718600000, 0x0000000718400000| Untracked 
| 195|0x0000000718600000, 0x0000000718800000, 0x0000000718800000|100%| O|  |TAMS 0x0000000718800000, 0x0000000718600000| Updating 
| 196|0x0000000718800000, 0x0000000718a00000, 0x0000000718a00000|100%| O|  |TAMS 0x0000000718a00000, 0x0000000718800000| Untracked 
| 197|0x0000000718a00000, 0x0000000718c00000, 0x0000000718c00000|100%| O|  |TAMS 0x0000000718c00000, 0x0000000718a00000| Untracked 
| 198|0x0000000718c00000, 0x0000000718e00000, 0x0000000718e00000|100%| O|  |TAMS 0x0000000718e00000, 0x0000000718c00000| Untracked 
| 199|0x0000000718e00000, 0x0000000719000000, 0x0000000719000000|100%| O|  |TAMS 0x0000000719000000, 0x0000000718e00000| Untracked 
| 200|0x0000000719000000, 0x0000000719200000, 0x0000000719200000|100%| O|  |TAMS 0x0000000719200000, 0x0000000719000000| Untracked 
| 201|0x0000000719200000, 0x0000000719400000, 0x0000000719400000|100%| O|  |TAMS 0x0000000719400000, 0x0000000719200000| Untracked 
| 202|0x0000000719400000, 0x0000000719600000, 0x0000000719600000|100%| O|  |TAMS 0x0000000719600000, 0x0000000719400000| Updating 
| 203|0x0000000719600000, 0x0000000719800000, 0x0000000719800000|100%| O|  |TAMS 0x0000000719800000, 0x0000000719600000| Untracked 
| 204|0x0000000719800000, 0x0000000719a00000, 0x0000000719a00000|100%| O|  |TAMS 0x0000000719a00000, 0x0000000719800000| Untracked 
| 205|0x0000000719a00000, 0x0000000719c00000, 0x0000000719c00000|100%| O|  |TAMS 0x0000000719c00000, 0x0000000719a00000| Untracked 
| 206|0x0000000719c00000, 0x0000000719e00000, 0x0000000719e00000|100%| O|  |TAMS 0x0000000719e00000, 0x0000000719c00000| Updating 
| 207|0x0000000719e00000, 0x000000071a000000, 0x000000071a000000|100%| O|  |TAMS 0x000000071a000000, 0x0000000719e00000| Updating 
| 208|0x000000071a000000, 0x000000071a200000, 0x000000071a200000|100%| O|  |TAMS 0x000000071a200000, 0x000000071a000000| Untracked 
| 209|0x000000071a200000, 0x000000071a400000, 0x000000071a400000|100%| O|  |TAMS 0x000000071a400000, 0x000000071a200000| Untracked 
| 210|0x000000071a400000, 0x000000071a600000, 0x000000071a600000|100%| O|  |TAMS 0x000000071a600000, 0x000000071a400000| Untracked 
| 211|0x000000071a600000, 0x000000071a800000, 0x000000071a800000|100%| O|  |TAMS 0x000000071a800000, 0x000000071a600000| Untracked 
| 212|0x000000071a800000, 0x000000071aa00000, 0x000000071aa00000|100%| O|  |TAMS 0x000000071aa00000, 0x000000071a800000| Updating 
| 213|0x000000071aa00000, 0x000000071ac00000, 0x000000071ac00000|100%| O|  |TAMS 0x000000071ac00000, 0x000000071aa00000| Updating 
| 214|0x000000071ac00000, 0x000000071ae00000, 0x000000071ae00000|100%|HS|  |TAMS 0x000000071ae00000, 0x000000071ac00000| Complete 
| 215|0x000000071ae00000, 0x000000071b000000, 0x000000071b000000|100%| O|  |TAMS 0x000000071b000000, 0x000000071ae00000| Untracked 
| 216|0x000000071b000000, 0x000000071b200000, 0x000000071b200000|100%| O|  |TAMS 0x000000071b200000, 0x000000071b000000| Untracked 
| 217|0x000000071b200000, 0x000000071b400000, 0x000000071b400000|100%| O|  |TAMS 0x000000071b400000, 0x000000071b200000| Updating 
| 218|0x000000071b400000, 0x000000071b600000, 0x000000071b600000|100%| O|  |TAMS 0x000000071b600000, 0x000000071b400000| Updating 
| 219|0x000000071b600000, 0x000000071b800000, 0x000000071b800000|100%| O|  |TAMS 0x000000071b800000, 0x000000071b600000| Untracked 
| 220|0x000000071b800000, 0x000000071ba00000, 0x000000071ba00000|100%| O|  |TAMS 0x000000071ba00000, 0x000000071b800000| Updating 
| 221|0x000000071ba00000, 0x000000071bc00000, 0x000000071bc00000|100%| O|  |TAMS 0x000000071bc00000, 0x000000071ba00000| Untracked 
| 222|0x000000071bc00000, 0x000000071be00000, 0x000000071be00000|100%| O|  |TAMS 0x000000071be00000, 0x000000071bc00000| Updating 
| 223|0x000000071be00000, 0x000000071c000000, 0x000000071c000000|100%|HS|  |TAMS 0x000000071c000000, 0x000000071be00000| Complete 
| 224|0x000000071c000000, 0x000000071c200000, 0x000000071c200000|100%|HC|  |TAMS 0x000000071c200000, 0x000000071c000000| Complete 
| 225|0x000000071c200000, 0x000000071c400000, 0x000000071c400000|100%| O|  |TAMS 0x000000071c400000, 0x000000071c200000| Updating 
| 226|0x000000071c400000, 0x000000071c600000, 0x000000071c600000|100%| O|  |TAMS 0x000000071c600000, 0x000000071c400000| Untracked 
| 227|0x000000071c600000, 0x000000071c800000, 0x000000071c800000|100%| O|  |TAMS 0x000000071c800000, 0x000000071c600000| Updating 
| 228|0x000000071c800000, 0x000000071ca00000, 0x000000071ca00000|100%|HS|  |TAMS 0x000000071ca00000, 0x000000071c800000| Complete 
| 229|0x000000071ca00000, 0x000000071cc00000, 0x000000071cc00000|100%| O|  |TAMS 0x000000071cc00000, 0x000000071ca00000| Updating 
| 230|0x000000071cc00000, 0x000000071ce00000, 0x000000071ce00000|100%| O|  |TAMS 0x000000071ce00000, 0x000000071cc00000| Updating 
| 231|0x000000071ce00000, 0x000000071d000000, 0x000000071d000000|100%| O|  |TAMS 0x000000071d000000, 0x000000071ce00000| Updating 
| 232|0x000000071d000000, 0x000000071d200000, 0x000000071d200000|100%| O|  |TAMS 0x000000071d200000, 0x000000071d000000| Updating 
| 233|0x000000071d200000, 0x000000071d400000, 0x000000071d400000|100%| O|  |TAMS 0x000000071d400000, 0x000000071d200000| Untracked 
| 234|0x000000071d400000, 0x000000071d600000, 0x000000071d600000|100%| O|  |TAMS 0x000000071d600000, 0x000000071d400000| Untracked 
| 235|0x000000071d600000, 0x000000071d800000, 0x000000071d800000|100%| O|  |TAMS 0x000000071d800000, 0x000000071d600000| Updating 
| 236|0x000000071d800000, 0x000000071da00000, 0x000000071da00000|100%| O|  |TAMS 0x000000071da00000, 0x000000071d800000| Updating 
| 237|0x000000071da00000, 0x000000071dc00000, 0x000000071dc00000|100%| O|  |TAMS 0x000000071dc00000, 0x000000071da00000| Updating 
| 238|0x000000071dc00000, 0x000000071de00000, 0x000000071de00000|100%| O|  |TAMS 0x000000071de00000, 0x000000071dc00000| Updating 
| 239|0x000000071de00000, 0x000000071e000000, 0x000000071e000000|100%| O|  |TAMS 0x000000071e000000, 0x000000071de00000| Updating 
| 240|0x000000071e000000, 0x000000071e200000, 0x000000071e200000|100%| O|  |TAMS 0x000000071e200000, 0x000000071e000000| Untracked 
| 241|0x000000071e200000, 0x000000071e400000, 0x000000071e400000|100%| O|  |TAMS 0x000000071e400000, 0x000000071e200000| Untracked 
| 242|0x000000071e400000, 0x000000071e600000, 0x000000071e600000|100%| O|  |TAMS 0x000000071e600000, 0x000000071e400000| Updating 
| 243|0x000000071e600000, 0x000000071e800000, 0x000000071e800000|100%| O|  |TAMS 0x000000071e800000, 0x000000071e600000| Untracked 
| 244|0x000000071e800000, 0x000000071ea00000, 0x000000071ea00000|100%| O|  |TAMS 0x000000071ea00000, 0x000000071e800000| Untracked 
| 245|0x000000071ea00000, 0x000000071ec00000, 0x000000071ec00000|100%| O|  |TAMS 0x000000071ec00000, 0x000000071ea00000| Untracked 
| 246|0x000000071ec00000, 0x000000071ee00000, 0x000000071ee00000|100%| O|  |TAMS 0x000000071ee00000, 0x000000071ec00000| Untracked 
| 247|0x000000071ee00000, 0x000000071f000000, 0x000000071f000000|100%| O|  |TAMS 0x000000071f000000, 0x000000071ee00000| Untracked 
| 248|0x000000071f000000, 0x000000071f200000, 0x000000071f200000|100%| O|  |TAMS 0x000000071f200000, 0x000000071f000000| Updating 
| 249|0x000000071f200000, 0x000000071f400000, 0x000000071f400000|100%| O|  |TAMS 0x000000071f400000, 0x000000071f200000| Untracked 
| 250|0x000000071f400000, 0x000000071f600000, 0x000000071f600000|100%| O|  |TAMS 0x000000071f600000, 0x000000071f400000| Untracked 
| 251|0x000000071f600000, 0x000000071f800000, 0x000000071f800000|100%| O|  |TAMS 0x000000071f800000, 0x000000071f600000| Untracked 
| 252|0x000000071f800000, 0x000000071fa00000, 0x000000071fa00000|100%| O|  |TAMS 0x000000071fa00000, 0x000000071f800000| Untracked 
| 253|0x000000071fa00000, 0x000000071fc00000, 0x000000071fc00000|100%| O|  |TAMS 0x000000071fc00000, 0x000000071fa00000| Untracked 
| 254|0x000000071fc00000, 0x000000071fe00000, 0x000000071fe00000|100%| O|  |TAMS 0x000000071fe00000, 0x000000071fc00000| Untracked 
| 255|0x000000071fe00000, 0x0000000720000000, 0x0000000720000000|100%| O|  |TAMS 0x0000000720000000, 0x000000071fe00000| Updating 
| 256|0x0000000720000000, 0x0000000720200000, 0x0000000720200000|100%| O|  |TAMS 0x0000000720200000, 0x0000000720000000| Untracked 
| 257|0x0000000720200000, 0x0000000720400000, 0x0000000720400000|100%| O|  |TAMS 0x0000000720400000, 0x0000000720200000| Untracked 
| 258|0x0000000720400000, 0x0000000720600000, 0x0000000720600000|100%| O|  |TAMS 0x0000000720600000, 0x0000000720400000| Untracked 
| 259|0x0000000720600000, 0x0000000720800000, 0x0000000720800000|100%| O|  |TAMS 0x0000000720800000, 0x0000000720600000| Updating 
| 260|0x0000000720800000, 0x0000000720a00000, 0x0000000720a00000|100%| O|  |TAMS 0x0000000720a00000, 0x0000000720800000| Untracked 
| 261|0x0000000720a00000, 0x0000000720c00000, 0x0000000720c00000|100%| O|  |TAMS 0x0000000720c00000, 0x0000000720a00000| Updating 
| 262|0x0000000720c00000, 0x0000000720e00000, 0x0000000720e00000|100%| O|  |TAMS 0x0000000720e00000, 0x0000000720c00000| Untracked 
| 263|0x0000000720e00000, 0x0000000721000000, 0x0000000721000000|100%| O|  |TAMS 0x0000000721000000, 0x0000000720e00000| Updating 
| 264|0x0000000721000000, 0x0000000721200000, 0x0000000721200000|100%| O|  |TAMS 0x0000000721200000, 0x0000000721000000| Updating 
| 265|0x0000000721200000, 0x0000000721400000, 0x0000000721400000|100%| O|  |TAMS 0x0000000721400000, 0x0000000721200000| Untracked 
| 266|0x0000000721400000, 0x0000000721600000, 0x0000000721600000|100%| O|  |TAMS 0x0000000721600000, 0x0000000721400000| Untracked 
| 267|0x0000000721600000, 0x0000000721800000, 0x0000000721800000|100%| O|  |TAMS 0x0000000721800000, 0x0000000721600000| Untracked 
| 268|0x0000000721800000, 0x0000000721a00000, 0x0000000721a00000|100%| O|  |TAMS 0x0000000721a00000, 0x0000000721800000| Untracked 
| 269|0x0000000721a00000, 0x0000000721c00000, 0x0000000721c00000|100%| O|  |TAMS 0x0000000721c00000, 0x0000000721a00000| Untracked 
| 270|0x0000000721c00000, 0x0000000721e00000, 0x0000000721e00000|100%| O|  |TAMS 0x0000000721e00000, 0x0000000721c00000| Untracked 
| 271|0x0000000721e00000, 0x0000000722000000, 0x0000000722000000|100%|HS|  |TAMS 0x0000000722000000, 0x0000000721e00000| Complete 
| 272|0x0000000722000000, 0x0000000722200000, 0x0000000722200000|100%|HC|  |TAMS 0x0000000722200000, 0x0000000722000000| Complete 
| 273|0x0000000722200000, 0x0000000722400000, 0x0000000722400000|100%|HS|  |TAMS 0x0000000722400000, 0x0000000722200000| Complete 
| 274|0x0000000722400000, 0x0000000722600000, 0x0000000722600000|100%|HC|  |TAMS 0x0000000722600000, 0x0000000722400000| Complete 
| 275|0x0000000722600000, 0x0000000722800000, 0x0000000722800000|100%|HC|  |TAMS 0x0000000722800000, 0x0000000722600000| Complete 
| 276|0x0000000722800000, 0x0000000722a00000, 0x0000000722a00000|100%|HS|  |TAMS 0x0000000722a00000, 0x0000000722800000| Complete 
| 277|0x0000000722a00000, 0x0000000722c00000, 0x0000000722c00000|100%|HC|  |TAMS 0x0000000722c00000, 0x0000000722a00000| Complete 
| 278|0x0000000722c00000, 0x0000000722e00000, 0x0000000722e00000|100%|HS|  |TAMS 0x0000000722e00000, 0x0000000722c00000| Complete 
| 279|0x0000000722e00000, 0x0000000723000000, 0x0000000723000000|100%|HS|  |TAMS 0x0000000723000000, 0x0000000722e00000| Complete 
| 280|0x0000000723000000, 0x0000000723200000, 0x0000000723200000|100%|HC|  |TAMS 0x0000000723200000, 0x0000000723000000| Complete 
| 281|0x0000000723200000, 0x0000000723400000, 0x0000000723400000|100%|HS|  |TAMS 0x0000000723400000, 0x0000000723200000| Complete 
| 282|0x0000000723400000, 0x0000000723600000, 0x0000000723600000|100%|HS|  |TAMS 0x0000000723600000, 0x0000000723400000| Complete 
| 283|0x0000000723600000, 0x0000000723800000, 0x0000000723800000|100%| O|  |TAMS 0x0000000723800000, 0x0000000723600000| Untracked 
| 284|0x0000000723800000, 0x0000000723a00000, 0x0000000723a00000|100%| O|  |TAMS 0x0000000723a00000, 0x0000000723800000| Updating 
| 285|0x0000000723a00000, 0x0000000723c00000, 0x0000000723c00000|100%| O|  |TAMS 0x0000000723c00000, 0x0000000723a00000| Updating 
| 286|0x0000000723c00000, 0x0000000723e00000, 0x0000000723e00000|100%| O|  |TAMS 0x0000000723e00000, 0x0000000723c00000| Updating 
| 287|0x0000000723e00000, 0x0000000724000000, 0x0000000724000000|100%| O|  |TAMS 0x0000000724000000, 0x0000000723e00000| Untracked 
| 288|0x0000000724000000, 0x0000000724200000, 0x0000000724200000|100%| O|  |TAMS 0x0000000724200000, 0x0000000724000000| Untracked 
| 289|0x0000000724200000, 0x0000000724400000, 0x0000000724400000|100%| O|  |TAMS 0x0000000724400000, 0x0000000724200000| Untracked 
| 290|0x0000000724400000, 0x0000000724600000, 0x0000000724600000|100%|HS|  |TAMS 0x0000000724600000, 0x0000000724400000| Complete 
| 291|0x0000000724600000, 0x0000000724800000, 0x0000000724800000|100%|HS|  |TAMS 0x0000000724800000, 0x0000000724600000| Complete 
| 292|0x0000000724800000, 0x0000000724a00000, 0x0000000724a00000|100%|HS|  |TAMS 0x0000000724a00000, 0x0000000724800000| Complete 
| 293|0x0000000724a00000, 0x0000000724c00000, 0x0000000724c00000|100%|HC|  |TAMS 0x0000000724c00000, 0x0000000724a00000| Complete 
| 294|0x0000000724c00000, 0x0000000724e00000, 0x0000000724e00000|100%|HS|  |TAMS 0x0000000724e00000, 0x0000000724c00000| Complete 
| 295|0x0000000724e00000, 0x0000000725000000, 0x0000000725000000|100%| O|  |TAMS 0x0000000725000000, 0x0000000724e00000| Updating 
| 296|0x0000000725000000, 0x0000000725200000, 0x0000000725200000|100%| O|  |TAMS 0x0000000725200000, 0x0000000725000000| Updating 
| 297|0x0000000725200000, 0x0000000725400000, 0x0000000725400000|100%| O|  |TAMS 0x0000000725400000, 0x0000000725200000| Untracked 
| 298|0x0000000725400000, 0x0000000725600000, 0x0000000725600000|100%| O|  |TAMS 0x0000000725600000, 0x0000000725400000| Updating 
| 299|0x0000000725600000, 0x0000000725800000, 0x0000000725800000|100%| O|  |TAMS 0x0000000725800000, 0x0000000725600000| Untracked 
| 300|0x0000000725800000, 0x0000000725a00000, 0x0000000725a00000|100%|HS|  |TAMS 0x0000000725a00000, 0x0000000725800000| Complete 
| 301|0x0000000725a00000, 0x0000000725c00000, 0x0000000725c00000|100%|HS|  |TAMS 0x0000000725c00000, 0x0000000725a00000| Complete 
| 302|0x0000000725c00000, 0x0000000725e00000, 0x0000000725e00000|100%|HS|  |TAMS 0x0000000725e00000, 0x0000000725c00000| Complete 
| 303|0x0000000725e00000, 0x0000000726000000, 0x0000000726000000|100%|HC|  |TAMS 0x0000000726000000, 0x0000000725e00000| Complete 
| 304|0x0000000726000000, 0x0000000726200000, 0x0000000726200000|100%|HS|  |TAMS 0x0000000726200000, 0x0000000726000000| Complete 
| 305|0x0000000726200000, 0x0000000726400000, 0x0000000726400000|100%|HS|  |TAMS 0x0000000726400000, 0x0000000726200000| Complete 
| 306|0x0000000726400000, 0x0000000726600000, 0x0000000726600000|100%|HS|  |TAMS 0x0000000726600000, 0x0000000726400000| Complete 
| 307|0x0000000726600000, 0x0000000726800000, 0x0000000726800000|100%|HC|  |TAMS 0x0000000726800000, 0x0000000726600000| Complete 
| 308|0x0000000726800000, 0x0000000726a00000, 0x0000000726a00000|100%| O|  |TAMS 0x0000000726a00000, 0x0000000726800000| Updating 
| 309|0x0000000726a00000, 0x0000000726c00000, 0x0000000726c00000|100%| O|  |TAMS 0x0000000726c00000, 0x0000000726a00000| Untracked 
| 310|0x0000000726c00000, 0x0000000726e00000, 0x0000000726e00000|100%| O|  |TAMS 0x0000000726e00000, 0x0000000726c00000| Updating 
| 311|0x0000000726e00000, 0x0000000727000000, 0x0000000727000000|100%| O|  |TAMS 0x0000000727000000, 0x0000000726e00000| Untracked 
| 312|0x0000000727000000, 0x0000000727200000, 0x0000000727200000|100%| O|  |TAMS 0x0000000727200000, 0x0000000727000000| Untracked 
| 313|0x0000000727200000, 0x0000000727400000, 0x0000000727400000|100%| O|  |TAMS 0x0000000727400000, 0x0000000727200000| Untracked 
| 314|0x0000000727400000, 0x0000000727600000, 0x0000000727600000|100%| O|  |TAMS 0x0000000727600000, 0x0000000727400000| Untracked 
| 315|0x0000000727600000, 0x0000000727800000, 0x0000000727800000|100%| O|  |TAMS 0x0000000727800000, 0x0000000727600000| Updating 
| 316|0x0000000727800000, 0x0000000727a00000, 0x0000000727a00000|100%| O|  |TAMS 0x0000000727a00000, 0x0000000727800000| Untracked 
| 317|0x0000000727a00000, 0x0000000727c00000, 0x0000000727c00000|100%| O|  |TAMS 0x0000000727c00000, 0x0000000727a00000| Untracked 
| 318|0x0000000727c00000, 0x0000000727e00000, 0x0000000727e00000|100%|HS|  |TAMS 0x0000000727e00000, 0x0000000727c00000| Complete 
| 319|0x0000000727e00000, 0x0000000728000000, 0x0000000728000000|100%|HS|  |TAMS 0x0000000728000000, 0x0000000727e00000| Complete 
| 320|0x0000000728000000, 0x0000000728200000, 0x0000000728200000|100%|HC|  |TAMS 0x0000000728200000, 0x0000000728000000| Complete 
| 321|0x0000000728200000, 0x0000000728400000, 0x0000000728400000|100%|HS|  |TAMS 0x0000000728400000, 0x0000000728200000| Complete 
| 322|0x0000000728400000, 0x0000000728600000, 0x0000000728600000|100%|HC|  |TAMS 0x0000000728600000, 0x0000000728400000| Complete 
| 323|0x0000000728600000, 0x0000000728800000, 0x0000000728800000|100%| O|  |TAMS 0x0000000728800000, 0x0000000728600000| Untracked 
| 324|0x0000000728800000, 0x0000000728a00000, 0x0000000728a00000|100%| O|  |TAMS 0x0000000728a00000, 0x0000000728800000| Untracked 
| 325|0x0000000728a00000, 0x0000000728c00000, 0x0000000728c00000|100%| O|  |TAMS 0x0000000728c00000, 0x0000000728a00000| Untracked 
| 326|0x0000000728c00000, 0x0000000728e00000, 0x0000000728e00000|100%| O|  |TAMS 0x0000000728e00000, 0x0000000728c00000| Updating 
| 327|0x0000000728e00000, 0x0000000729000000, 0x0000000729000000|100%| O|  |TAMS 0x0000000729000000, 0x0000000728e00000| Untracked 
| 328|0x0000000729000000, 0x0000000729200000, 0x0000000729200000|100%| O|  |TAMS 0x0000000729200000, 0x0000000729000000| Untracked 
| 329|0x0000000729200000, 0x0000000729400000, 0x0000000729400000|100%| O|  |TAMS 0x0000000729400000, 0x0000000729200000| Untracked 
| 330|0x0000000729400000, 0x0000000729600000, 0x0000000729600000|100%| O|  |TAMS 0x0000000729600000, 0x0000000729400000| Untracked 
| 331|0x0000000729600000, 0x0000000729800000, 0x0000000729800000|100%| O|  |TAMS 0x0000000729800000, 0x0000000729600000| Untracked 
| 332|0x0000000729800000, 0x0000000729a00000, 0x0000000729a00000|100%| O|  |TAMS 0x0000000729a00000, 0x0000000729800000| Untracked 
| 333|0x0000000729a00000, 0x0000000729c00000, 0x0000000729c00000|100%| O|  |TAMS 0x0000000729c00000, 0x0000000729a00000| Untracked 
| 334|0x0000000729c00000, 0x0000000729e00000, 0x0000000729e00000|100%| O|  |TAMS 0x0000000729e00000, 0x0000000729c00000| Untracked 
| 335|0x0000000729e00000, 0x000000072a000000, 0x000000072a000000|100%| O|  |TAMS 0x000000072a000000, 0x0000000729e00000| Untracked 
| 336|0x000000072a000000, 0x000000072a200000, 0x000000072a200000|100%| O|  |TAMS 0x000000072a200000, 0x000000072a000000| Untracked 
| 337|0x000000072a200000, 0x000000072a400000, 0x000000072a400000|100%|HS|  |TAMS 0x000000072a400000, 0x000000072a200000| Complete 
| 338|0x000000072a400000, 0x000000072a600000, 0x000000072a600000|100%|HC|  |TAMS 0x000000072a600000, 0x000000072a400000| Complete 
| 339|0x000000072a600000, 0x000000072a800000, 0x000000072a800000|100%|HC|  |TAMS 0x000000072a800000, 0x000000072a600000| Complete 
| 340|0x000000072a800000, 0x000000072aa00000, 0x000000072aa00000|100%| O|  |TAMS 0x000000072aa00000, 0x000000072a800000| Untracked 
| 341|0x000000072aa00000, 0x000000072ac00000, 0x000000072ac00000|100%| O|  |TAMS 0x000000072ac00000, 0x000000072aa00000| Untracked 
| 342|0x000000072ac00000, 0x000000072ae00000, 0x000000072ae00000|100%|HS|  |TAMS 0x000000072ae00000, 0x000000072ac00000| Complete 
| 343|0x000000072ae00000, 0x000000072b000000, 0x000000072b000000|100%|HC|  |TAMS 0x000000072b000000, 0x000000072ae00000| Complete 
| 344|0x000000072b000000, 0x000000072b200000, 0x000000072b200000|100%| O|  |TAMS 0x000000072b200000, 0x000000072b000000| Untracked 
| 345|0x000000072b200000, 0x000000072b400000, 0x000000072b400000|100%| O|  |TAMS 0x000000072b400000, 0x000000072b200000| Updating 
| 346|0x000000072b400000, 0x000000072b600000, 0x000000072b600000|100%|HS|  |TAMS 0x000000072b600000, 0x000000072b400000| Complete 
| 347|0x000000072b600000, 0x000000072b800000, 0x000000072b800000|100%|HC|  |TAMS 0x000000072b800000, 0x000000072b600000| Complete 
| 348|0x000000072b800000, 0x000000072ba00000, 0x000000072ba00000|100%| O|  |TAMS 0x000000072ba00000, 0x000000072b800000| Untracked 
| 349|0x000000072ba00000, 0x000000072bc00000, 0x000000072bc00000|100%|HS|  |TAMS 0x000000072bc00000, 0x000000072ba00000| Complete 
| 350|0x000000072bc00000, 0x000000072be00000, 0x000000072be00000|100%| O|  |TAMS 0x000000072be00000, 0x000000072bc00000| Untracked 
| 351|0x000000072be00000, 0x000000072c000000, 0x000000072c000000|100%|HS|  |TAMS 0x000000072c000000, 0x000000072be00000| Complete 
| 352|0x000000072c000000, 0x000000072c200000, 0x000000072c200000|100%| O|  |TAMS 0x000000072c200000, 0x000000072c000000| Untracked 
| 353|0x000000072c200000, 0x000000072c400000, 0x000000072c400000|100%|HS|  |TAMS 0x000000072c400000, 0x000000072c200000| Complete 
| 354|0x000000072c400000, 0x000000072c600000, 0x000000072c600000|100%| O|  |TAMS 0x000000072c600000, 0x000000072c400000| Updating 
| 355|0x000000072c600000, 0x000000072c800000, 0x000000072c800000|100%| O|  |TAMS 0x000000072c800000, 0x000000072c600000| Untracked 
| 356|0x000000072c800000, 0x000000072ca00000, 0x000000072ca00000|100%| O|  |TAMS 0x000000072ca00000, 0x000000072c800000| Untracked 
| 357|0x000000072ca00000, 0x000000072cc00000, 0x000000072cc00000|100%|HS|  |TAMS 0x000000072cc00000, 0x000000072ca00000| Complete 
| 358|0x000000072cc00000, 0x000000072ce00000, 0x000000072ce00000|100%|HC|  |TAMS 0x000000072ce00000, 0x000000072cc00000| Complete 
| 359|0x000000072ce00000, 0x000000072d000000, 0x000000072d000000|100%| O|  |TAMS 0x000000072d000000, 0x000000072ce00000| Untracked 
| 360|0x000000072d000000, 0x000000072d200000, 0x000000072d200000|100%|HS|  |TAMS 0x000000072d200000, 0x000000072d000000| Complete 
| 361|0x000000072d200000, 0x000000072d400000, 0x000000072d400000|100%| O|  |TAMS 0x000000072d400000, 0x000000072d200000| Updating 
| 362|0x000000072d400000, 0x000000072d600000, 0x000000072d600000|100%|HS|  |TAMS 0x000000072d600000, 0x000000072d400000| Complete 
| 363|0x000000072d600000, 0x000000072d800000, 0x000000072d800000|100%|HS|  |TAMS 0x000000072d800000, 0x000000072d600000| Complete 
| 364|0x000000072d800000, 0x000000072da00000, 0x000000072da00000|100%|HS|  |TAMS 0x000000072da00000, 0x000000072d800000| Complete 
| 365|0x000000072da00000, 0x000000072dc00000, 0x000000072dc00000|100%|HS|  |TAMS 0x000000072dc00000, 0x000000072da00000| Complete 
| 366|0x000000072dc00000, 0x000000072de00000, 0x000000072de00000|100%|HC|  |TAMS 0x000000072de00000, 0x000000072dc00000| Complete 
| 367|0x000000072de00000, 0x000000072e000000, 0x000000072e000000|100%| O|  |TAMS 0x000000072e000000, 0x000000072de00000| Untracked 
| 368|0x000000072e000000, 0x000000072e200000, 0x000000072e200000|100%|HS|  |TAMS 0x000000072e200000, 0x000000072e000000| Complete 
| 369|0x000000072e200000, 0x000000072e400000, 0x000000072e400000|100%|HC|  |TAMS 0x000000072e400000, 0x000000072e200000| Complete 
| 370|0x000000072e400000, 0x000000072e600000, 0x000000072e600000|100%| O|  |TAMS 0x000000072e600000, 0x000000072e400000| Untracked 
| 371|0x000000072e600000, 0x000000072e800000, 0x000000072e800000|100%|HS|  |TAMS 0x000000072e800000, 0x000000072e600000| Complete 
| 372|0x000000072e800000, 0x000000072ea00000, 0x000000072ea00000|100%| O|  |TAMS 0x000000072ea00000, 0x000000072e800000| Untracked 
| 373|0x000000072ea00000, 0x000000072ec00000, 0x000000072ec00000|100%|HS|  |TAMS 0x000000072ec00000, 0x000000072ea00000| Complete 
| 374|0x000000072ec00000, 0x000000072ee00000, 0x000000072ee00000|100%|HS|  |TAMS 0x000000072ee00000, 0x000000072ec00000| Complete 
| 375|0x000000072ee00000, 0x000000072f000000, 0x000000072f000000|100%|HC|  |TAMS 0x000000072f000000, 0x000000072ee00000| Complete 
| 376|0x000000072f000000, 0x000000072f200000, 0x000000072f200000|100%| O|  |TAMS 0x000000072f200000, 0x000000072f000000| Untracked 
| 377|0x000000072f200000, 0x000000072f400000, 0x000000072f400000|100%|HS|  |TAMS 0x000000072f400000, 0x000000072f200000| Complete 
| 378|0x000000072f400000, 0x000000072f600000, 0x000000072f600000|100%|HC|  |TAMS 0x000000072f600000, 0x000000072f400000| Complete 
| 379|0x000000072f600000, 0x000000072f800000, 0x000000072f800000|100%| O|  |TAMS 0x000000072f800000, 0x000000072f600000| Untracked 
| 380|0x000000072f800000, 0x000000072fa00000, 0x000000072fa00000|100%|HS|  |TAMS 0x000000072fa00000, 0x000000072f800000| Complete 
| 381|0x000000072fa00000, 0x000000072fc00000, 0x000000072fc00000|100%| O|  |TAMS 0x000000072fc00000, 0x000000072fa00000| Untracked 
| 382|0x000000072fc00000, 0x000000072fe00000, 0x000000072fe00000|100%| O|  |TAMS 0x000000072fe00000, 0x000000072fc00000| Untracked 
| 383|0x000000072fe00000, 0x0000000730000000, 0x0000000730000000|100%| O|  |TAMS 0x0000000730000000, 0x000000072fe00000| Untracked 
| 384|0x0000000730000000, 0x0000000730200000, 0x0000000730200000|100%|HS|  |TAMS 0x0000000730200000, 0x0000000730000000| Complete 
| 385|0x0000000730200000, 0x0000000730400000, 0x0000000730400000|100%|HC|  |TAMS 0x0000000730400000, 0x0000000730200000| Complete 
| 386|0x0000000730400000, 0x0000000730600000, 0x0000000730600000|100%| O|  |TAMS 0x0000000730600000, 0x0000000730400000| Untracked 
| 387|0x0000000730600000, 0x0000000730800000, 0x0000000730800000|100%| O|  |TAMS 0x0000000730800000, 0x0000000730600000| Untracked 
| 388|0x0000000730800000, 0x0000000730a00000, 0x0000000730a00000|100%| O|  |TAMS 0x0000000730a00000, 0x0000000730800000| Untracked 
| 389|0x0000000730a00000, 0x0000000730c00000, 0x0000000730c00000|100%|HS|  |TAMS 0x0000000730c00000, 0x0000000730a00000| Complete 
| 390|0x0000000730c00000, 0x0000000730e00000, 0x0000000730e00000|100%|HC|  |TAMS 0x0000000730e00000, 0x0000000730c00000| Complete 
| 391|0x0000000730e00000, 0x0000000731000000, 0x0000000731000000|100%| O|  |TAMS 0x0000000731000000, 0x0000000730e00000| Untracked 
| 392|0x0000000731000000, 0x0000000731200000, 0x0000000731200000|100%| O|  |TAMS 0x0000000731200000, 0x0000000731000000| Updating 
| 393|0x0000000731200000, 0x0000000731400000, 0x0000000731400000|100%| O|  |TAMS 0x0000000731400000, 0x0000000731200000| Updating 
| 394|0x0000000731400000, 0x0000000731600000, 0x0000000731600000|100%| O|  |TAMS 0x0000000731600000, 0x0000000731400000| Untracked 
| 395|0x0000000731600000, 0x0000000731800000, 0x0000000731800000|100%| O|  |TAMS 0x0000000731800000, 0x0000000731600000| Untracked 
| 396|0x0000000731800000, 0x0000000731a00000, 0x0000000731a00000|100%| O|  |TAMS 0x0000000731a00000, 0x0000000731800000| Updating 
| 397|0x0000000731a00000, 0x0000000731c00000, 0x0000000731c00000|100%| O|  |TAMS 0x0000000731c00000, 0x0000000731a00000| Updating 
| 398|0x0000000731c00000, 0x0000000731e00000, 0x0000000731e00000|100%| O|  |TAMS 0x0000000731e00000, 0x0000000731c00000| Untracked 
| 399|0x0000000731e00000, 0x0000000732000000, 0x0000000732000000|100%| O|  |TAMS 0x0000000732000000, 0x0000000731e00000| Untracked 
| 400|0x0000000732000000, 0x0000000732200000, 0x0000000732200000|100%| O|  |TAMS 0x0000000732200000, 0x0000000732000000| Untracked 
| 401|0x0000000732200000, 0x0000000732400000, 0x0000000732400000|100%| O|  |TAMS 0x0000000732400000, 0x0000000732200000| Untracked 
| 402|0x0000000732400000, 0x0000000732600000, 0x0000000732600000|100%| O|  |TAMS 0x0000000732600000, 0x0000000732400000| Untracked 
| 403|0x0000000732600000, 0x0000000732800000, 0x0000000732800000|100%| O|  |TAMS 0x0000000732800000, 0x0000000732600000| Untracked 
| 404|0x0000000732800000, 0x0000000732a00000, 0x0000000732a00000|100%| O|  |TAMS 0x0000000732a00000, 0x0000000732800000| Untracked 
| 405|0x0000000732a00000, 0x0000000732c00000, 0x0000000732c00000|100%| O|  |TAMS 0x0000000732c00000, 0x0000000732a00000| Untracked 
| 406|0x0000000732c00000, 0x0000000732e00000, 0x0000000732e00000|100%| O|  |TAMS 0x0000000732e00000, 0x0000000732c00000| Untracked 
| 407|0x0000000732e00000, 0x0000000733000000, 0x0000000733000000|100%| O|  |TAMS 0x0000000733000000, 0x0000000732e00000| Untracked 
| 408|0x0000000733000000, 0x0000000733200000, 0x0000000733200000|100%| O|  |TAMS 0x0000000733200000, 0x0000000733000000| Untracked 
| 409|0x0000000733200000, 0x0000000733400000, 0x0000000733400000|100%| O|  |TAMS 0x0000000733400000, 0x0000000733200000| Untracked 
| 410|0x0000000733400000, 0x0000000733600000, 0x0000000733600000|100%| O|  |TAMS 0x0000000733600000, 0x0000000733400000| Updating 
| 411|0x0000000733600000, 0x0000000733800000, 0x0000000733800000|100%| O|  |TAMS 0x0000000733800000, 0x0000000733600000| Updating 
| 412|0x0000000733800000, 0x0000000733a00000, 0x0000000733a00000|100%| O|  |TAMS 0x0000000733a00000, 0x0000000733800000| Updating 
| 413|0x0000000733a00000, 0x0000000733c00000, 0x0000000733c00000|100%| O|  |TAMS 0x0000000733c00000, 0x0000000733a00000| Untracked 
| 414|0x0000000733c00000, 0x0000000733e00000, 0x0000000733e00000|100%| O|  |TAMS 0x0000000733e00000, 0x0000000733c00000| Untracked 
| 415|0x0000000733e00000, 0x0000000734000000, 0x0000000734000000|100%| O|  |TAMS 0x0000000734000000, 0x0000000733e00000| Untracked 
| 416|0x0000000734000000, 0x0000000734200000, 0x0000000734200000|100%| O|  |TAMS 0x0000000734200000, 0x0000000734000000| Untracked 
| 417|0x0000000734200000, 0x0000000734400000, 0x0000000734400000|100%| O|  |TAMS 0x0000000734400000, 0x0000000734200000| Untracked 
| 418|0x0000000734400000, 0x0000000734600000, 0x0000000734600000|100%| O|  |TAMS 0x0000000734600000, 0x0000000734400000| Untracked 
| 419|0x0000000734600000, 0x0000000734800000, 0x0000000734800000|100%| O|  |TAMS 0x0000000734800000, 0x0000000734600000| Untracked 
| 420|0x0000000734800000, 0x0000000734a00000, 0x0000000734a00000|100%| O|  |TAMS 0x0000000734a00000, 0x0000000734800000| Untracked 
| 421|0x0000000734a00000, 0x0000000734c00000, 0x0000000734c00000|100%| O|  |TAMS 0x0000000734c00000, 0x0000000734a00000| Untracked 
| 422|0x0000000734c00000, 0x0000000734e00000, 0x0000000734e00000|100%| O|  |TAMS 0x0000000734e00000, 0x0000000734c00000| Untracked 
| 423|0x0000000734e00000, 0x0000000735000000, 0x0000000735000000|100%| O|  |TAMS 0x0000000735000000, 0x0000000734e00000| Updating 
| 424|0x0000000735000000, 0x0000000735200000, 0x0000000735200000|100%| O|  |TAMS 0x0000000735200000, 0x0000000735000000| Updating 
| 425|0x0000000735200000, 0x0000000735400000, 0x0000000735400000|100%| O|  |TAMS 0x0000000735400000, 0x0000000735200000| Updating 
| 426|0x0000000735400000, 0x0000000735600000, 0x0000000735600000|100%| O|  |TAMS 0x0000000735600000, 0x0000000735400000| Updating 
| 427|0x0000000735600000, 0x0000000735800000, 0x0000000735800000|100%| O|  |TAMS 0x0000000735800000, 0x0000000735600000| Untracked 
| 428|0x0000000735800000, 0x0000000735a00000, 0x0000000735a00000|100%| O|  |TAMS 0x0000000735a00000, 0x0000000735800000| Untracked 
| 429|0x0000000735a00000, 0x0000000735c00000, 0x0000000735c00000|100%| O|  |TAMS 0x0000000735c00000, 0x0000000735a00000| Untracked 
| 430|0x0000000735c00000, 0x0000000735e00000, 0x0000000735e00000|100%| O|  |TAMS 0x0000000735e00000, 0x0000000735c00000| Untracked 
| 431|0x0000000735e00000, 0x0000000736000000, 0x0000000736000000|100%| O|  |TAMS 0x0000000736000000, 0x0000000735e00000| Untracked 
| 432|0x0000000736000000, 0x0000000736200000, 0x0000000736200000|100%| O|  |TAMS 0x0000000736200000, 0x0000000736000000| Untracked 
| 433|0x0000000736200000, 0x0000000736400000, 0x0000000736400000|100%| O|  |TAMS 0x0000000736400000, 0x0000000736200000| Untracked 
| 434|0x0000000736400000, 0x0000000736600000, 0x0000000736600000|100%| O|  |TAMS 0x0000000736600000, 0x0000000736400000| Updating 
| 435|0x0000000736600000, 0x0000000736800000, 0x0000000736800000|100%| O|  |TAMS 0x0000000736800000, 0x0000000736600000| Updating 
| 436|0x0000000736800000, 0x0000000736a00000, 0x0000000736a00000|100%| O|  |TAMS 0x0000000736943400, 0x0000000736800000| Updating 
| 437|0x0000000736a00000, 0x0000000736c00000, 0x0000000736c00000|100%| O|  |TAMS 0x0000000736a00000, 0x0000000736a00000| Untracked 
| 438|0x0000000736c00000, 0x0000000736e00000, 0x0000000736e00000|100%| O|  |TAMS 0x0000000736c00000, 0x0000000736c00000| Untracked 
| 439|0x0000000736e00000, 0x0000000737000000, 0x0000000737000000|100%| O|  |TAMS 0x0000000736e00000, 0x0000000736e00000| Untracked 
| 440|0x0000000737000000, 0x0000000737200000, 0x0000000737200000|100%| O|  |TAMS 0x0000000737000000, 0x0000000737000000| Untracked 
| 441|0x0000000737200000, 0x00000007372f0e00, 0x0000000737400000| 47%| O|  |TAMS 0x0000000737200000, 0x0000000737200000| Updating 
| 442|0x0000000737400000, 0x0000000737600000, 0x0000000737600000|100%|HS|  |TAMS 0x0000000737400000, 0x0000000737400000| Complete 
| 443|0x0000000737600000, 0x0000000737800000, 0x0000000737800000|100%|HC|  |TAMS 0x0000000737600000, 0x0000000737600000| Complete 
| 444|0x0000000737800000, 0x0000000737a00000, 0x0000000737a00000|100%|HC|  |TAMS 0x0000000737800000, 0x0000000737800000| Complete 
| 445|0x0000000737a00000, 0x0000000737a00000, 0x0000000737c00000|  0%| F|  |TAMS 0x0000000737a00000, 0x0000000737a00000| Untracked 
| 446|0x0000000737c00000, 0x0000000737c00000, 0x0000000737e00000|  0%| F|  |TAMS 0x0000000737c00000, 0x0000000737c00000| Untracked 
| 447|0x0000000737e00000, 0x0000000737e00000, 0x0000000738000000|  0%| F|  |TAMS 0x0000000737e00000, 0x0000000737e00000| Untracked 
| 448|0x0000000738000000, 0x0000000738000000, 0x0000000738200000|  0%| F|  |TAMS 0x0000000738000000, 0x0000000738000000| Untracked 
| 449|0x0000000738200000, 0x0000000738200000, 0x0000000738400000|  0%| F|  |TAMS 0x0000000738200000, 0x0000000738200000| Untracked 
| 450|0x0000000738400000, 0x0000000738400000, 0x0000000738600000|  0%| F|  |TAMS 0x0000000738400000, 0x0000000738400000| Untracked 
| 451|0x0000000738600000, 0x0000000738600000, 0x0000000738800000|  0%| F|  |TAMS 0x0000000738600000, 0x0000000738600000| Untracked 
| 452|0x0000000738800000, 0x0000000738800000, 0x0000000738a00000|  0%| F|  |TAMS 0x0000000738800000, 0x0000000738800000| Untracked 
| 453|0x0000000738a00000, 0x0000000738a00000, 0x0000000738c00000|  0%| F|  |TAMS 0x0000000738a00000, 0x0000000738a00000| Untracked 
| 454|0x0000000738c00000, 0x0000000738c00000, 0x0000000738e00000|  0%| F|  |TAMS 0x0000000738c00000, 0x0000000738c00000| Untracked 
| 455|0x0000000738e00000, 0x0000000738e00000, 0x0000000739000000|  0%| F|  |TAMS 0x0000000738e00000, 0x0000000738e00000| Untracked 
| 456|0x0000000739000000, 0x0000000739000000, 0x0000000739200000|  0%| F|  |TAMS 0x0000000739000000, 0x0000000739000000| Untracked 
| 457|0x0000000739200000, 0x0000000739200000, 0x0000000739400000|  0%| F|  |TAMS 0x0000000739200000, 0x0000000739200000| Untracked 
| 458|0x0000000739400000, 0x0000000739400000, 0x0000000739600000|  0%| F|  |TAMS 0x0000000739400000, 0x0000000739400000| Untracked 
| 459|0x0000000739600000, 0x0000000739600000, 0x0000000739800000|  0%| F|  |TAMS 0x0000000739600000, 0x0000000739600000| Untracked 
| 460|0x0000000739800000, 0x0000000739800000, 0x0000000739a00000|  0%| F|  |TAMS 0x0000000739800000, 0x0000000739800000| Untracked 
| 461|0x0000000739a00000, 0x0000000739a00000, 0x0000000739c00000|  0%| F|  |TAMS 0x0000000739a00000, 0x0000000739a00000| Untracked 
| 462|0x0000000739c00000, 0x0000000739c00000, 0x0000000739e00000|  0%| F|  |TAMS 0x0000000739c00000, 0x0000000739c00000| Untracked 
| 463|0x0000000739e00000, 0x0000000739e00000, 0x000000073a000000|  0%| F|  |TAMS 0x0000000739e00000, 0x0000000739e00000| Untracked 
| 464|0x000000073a000000, 0x000000073a000000, 0x000000073a200000|  0%| F|  |TAMS 0x000000073a000000, 0x000000073a000000| Untracked 
| 465|0x000000073a200000, 0x000000073a200000, 0x000000073a400000|  0%| F|  |TAMS 0x000000073a200000, 0x000000073a200000| Untracked 
| 466|0x000000073a400000, 0x000000073a400000, 0x000000073a600000|  0%| F|  |TAMS 0x000000073a400000, 0x000000073a400000| Untracked 
| 467|0x000000073a600000, 0x000000073a600000, 0x000000073a800000|  0%| F|  |TAMS 0x000000073a600000, 0x000000073a600000| Untracked 
| 468|0x000000073a800000, 0x000000073a800000, 0x000000073aa00000|  0%| F|  |TAMS 0x000000073a800000, 0x000000073a800000| Untracked 
| 469|0x000000073aa00000, 0x000000073aa00000, 0x000000073ac00000|  0%| F|  |TAMS 0x000000073aa00000, 0x000000073aa00000| Untracked 
| 470|0x000000073ac00000, 0x000000073ac00000, 0x000000073ae00000|  0%| F|  |TAMS 0x000000073ac00000, 0x000000073ac00000| Untracked 
| 471|0x000000073ae00000, 0x000000073ae00000, 0x000000073b000000|  0%| F|  |TAMS 0x000000073ae00000, 0x000000073ae00000| Untracked 
| 472|0x000000073b000000, 0x000000073b000000, 0x000000073b200000|  0%| F|  |TAMS 0x000000073b000000, 0x000000073b000000| Untracked 
| 473|0x000000073b200000, 0x000000073b200000, 0x000000073b400000|  0%| F|  |TAMS 0x000000073b200000, 0x000000073b200000| Untracked 
| 474|0x000000073b400000, 0x000000073b400000, 0x000000073b600000|  0%| F|  |TAMS 0x000000073b400000, 0x000000073b400000| Untracked 
| 475|0x000000073b600000, 0x000000073b600000, 0x000000073b800000|  0%| F|  |TAMS 0x000000073b600000, 0x000000073b600000| Untracked 
| 476|0x000000073b800000, 0x000000073b800000, 0x000000073ba00000|  0%| F|  |TAMS 0x000000073b800000, 0x000000073b800000| Untracked 
| 477|0x000000073ba00000, 0x000000073ba00000, 0x000000073bc00000|  0%| F|  |TAMS 0x000000073ba00000, 0x000000073ba00000| Untracked 
| 478|0x000000073bc00000, 0x000000073bc00000, 0x000000073be00000|  0%| F|  |TAMS 0x000000073bc00000, 0x000000073bc00000| Untracked 
| 479|0x000000073be00000, 0x000000073be00000, 0x000000073c000000|  0%| F|  |TAMS 0x000000073be00000, 0x000000073be00000| Untracked 
| 480|0x000000073c000000, 0x000000073c000000, 0x000000073c200000|  0%| F|  |TAMS 0x000000073c000000, 0x000000073c000000| Untracked 
| 481|0x000000073c200000, 0x000000073c200000, 0x000000073c400000|  0%| F|  |TAMS 0x000000073c200000, 0x000000073c200000| Untracked 
| 482|0x000000073c400000, 0x000000073c400000, 0x000000073c600000|  0%| F|  |TAMS 0x000000073c400000, 0x000000073c400000| Untracked 
| 483|0x000000073c600000, 0x000000073c600000, 0x000000073c800000|  0%| F|  |TAMS 0x000000073c600000, 0x000000073c600000| Untracked 
| 484|0x000000073c800000, 0x000000073c800000, 0x000000073ca00000|  0%| F|  |TAMS 0x000000073c800000, 0x000000073c800000| Untracked 
| 485|0x000000073ca00000, 0x000000073ca00000, 0x000000073cc00000|  0%| F|  |TAMS 0x000000073ca00000, 0x000000073ca00000| Untracked 
| 486|0x000000073cc00000, 0x000000073cc00000, 0x000000073ce00000|  0%| F|  |TAMS 0x000000073cc00000, 0x000000073cc00000| Untracked 
| 487|0x000000073ce00000, 0x000000073ce00000, 0x000000073d000000|  0%| F|  |TAMS 0x000000073ce00000, 0x000000073ce00000| Untracked 
| 488|0x000000073d000000, 0x000000073d000000, 0x000000073d200000|  0%| F|  |TAMS 0x000000073d000000, 0x000000073d000000| Untracked 
| 489|0x000000073d200000, 0x000000073d200000, 0x000000073d400000|  0%| F|  |TAMS 0x000000073d200000, 0x000000073d200000| Untracked 
| 490|0x000000073d400000, 0x000000073d400000, 0x000000073d600000|  0%| F|  |TAMS 0x000000073d400000, 0x000000073d400000| Untracked 
| 491|0x000000073d600000, 0x000000073d600000, 0x000000073d800000|  0%| F|  |TAMS 0x000000073d600000, 0x000000073d600000| Untracked 
| 492|0x000000073d800000, 0x000000073d800000, 0x000000073da00000|  0%| F|  |TAMS 0x000000073d800000, 0x000000073d800000| Untracked 
| 493|0x000000073da00000, 0x000000073da00000, 0x000000073dc00000|  0%| F|  |TAMS 0x000000073da00000, 0x000000073da00000| Untracked 
| 494|0x000000073dc00000, 0x000000073dc00000, 0x000000073de00000|  0%| F|  |TAMS 0x000000073dc00000, 0x000000073dc00000| Untracked 
| 495|0x000000073de00000, 0x000000073de00000, 0x000000073e000000|  0%| F|  |TAMS 0x000000073de00000, 0x000000073de00000| Untracked 
| 496|0x000000073e000000, 0x000000073e000000, 0x000000073e200000|  0%| F|  |TAMS 0x000000073e000000, 0x000000073e000000| Untracked 
| 497|0x000000073e200000, 0x000000073e200000, 0x000000073e400000|  0%| F|  |TAMS 0x000000073e200000, 0x000000073e200000| Untracked 
| 498|0x000000073e400000, 0x000000073e400000, 0x000000073e600000|  0%| F|  |TAMS 0x000000073e400000, 0x000000073e400000| Untracked 
| 499|0x000000073e600000, 0x000000073e600000, 0x000000073e800000|  0%| F|  |TAMS 0x000000073e600000, 0x000000073e600000| Untracked 
| 500|0x000000073e800000, 0x000000073e800000, 0x000000073ea00000|  0%| F|  |TAMS 0x000000073e800000, 0x000000073e800000| Untracked 
| 501|0x000000073ea00000, 0x000000073ea00000, 0x000000073ec00000|  0%| F|  |TAMS 0x000000073ea00000, 0x000000073ea00000| Untracked 
| 502|0x000000073ec00000, 0x000000073ec00000, 0x000000073ee00000|  0%| F|  |TAMS 0x000000073ec00000, 0x000000073ec00000| Untracked 
| 503|0x000000073ee00000, 0x000000073ee00000, 0x000000073f000000|  0%| F|  |TAMS 0x000000073ee00000, 0x000000073ee00000| Untracked 
| 504|0x000000073f000000, 0x000000073f000000, 0x000000073f200000|  0%| F|  |TAMS 0x000000073f000000, 0x000000073f000000| Untracked 
| 505|0x000000073f200000, 0x000000073f200000, 0x000000073f400000|  0%| F|  |TAMS 0x000000073f200000, 0x000000073f200000| Untracked 
| 506|0x000000073f400000, 0x000000073f400000, 0x000000073f600000|  0%| F|  |TAMS 0x000000073f400000, 0x000000073f400000| Untracked 
| 507|0x000000073f600000, 0x000000073f600000, 0x000000073f800000|  0%| F|  |TAMS 0x000000073f600000, 0x000000073f600000| Untracked 
| 508|0x000000073f800000, 0x000000073f800000, 0x000000073fa00000|  0%| F|  |TAMS 0x000000073f800000, 0x000000073f800000| Untracked 
| 509|0x000000073fa00000, 0x000000073fa00000, 0x000000073fc00000|  0%| F|  |TAMS 0x000000073fa00000, 0x000000073fa00000| Untracked 
| 510|0x000000073fc00000, 0x000000073fc00000, 0x000000073fe00000|  0%| F|  |TAMS 0x000000073fc00000, 0x000000073fc00000| Untracked 
| 511|0x000000073fe00000, 0x000000073fe00000, 0x0000000740000000|  0%| F|  |TAMS 0x000000073fe00000, 0x000000073fe00000| Untracked 
| 512|0x0000000740000000, 0x0000000740000000, 0x0000000740200000|  0%| F|  |TAMS 0x0000000740000000, 0x0000000740000000| Untracked 
| 513|0x0000000740200000, 0x00000007402ba628, 0x0000000740400000| 36%| E|  |TAMS 0x0000000740200000, 0x0000000740200000| Complete 
| 514|0x0000000740400000, 0x0000000740600000, 0x0000000740600000|100%| S|CS|TAMS 0x0000000740400000, 0x0000000740400000| Complete 
| 515|0x0000000740600000, 0x0000000740800000, 0x0000000740800000|100%| S|CS|TAMS 0x0000000740600000, 0x0000000740600000| Complete 
| 516|0x0000000740800000, 0x0000000740a00000, 0x0000000740a00000|100%| S|CS|TAMS 0x0000000740800000, 0x0000000740800000| Complete 
| 517|0x0000000740a00000, 0x0000000740c00000, 0x0000000740c00000|100%| S|CS|TAMS 0x0000000740a00000, 0x0000000740a00000| Complete 
| 518|0x0000000740c00000, 0x0000000740e00000, 0x0000000740e00000|100%| E|  |TAMS 0x0000000740c00000, 0x0000000740c00000| Complete 
| 519|0x0000000740e00000, 0x0000000741000000, 0x0000000741000000|100%| E|CS|TAMS 0x0000000740e00000, 0x0000000740e00000| Complete 
| 520|0x0000000741000000, 0x0000000741200000, 0x0000000741200000|100%| E|CS|TAMS 0x0000000741000000, 0x0000000741000000| Complete 
| 521|0x0000000741200000, 0x0000000741400000, 0x0000000741400000|100%| E|CS|TAMS 0x0000000741200000, 0x0000000741200000| Complete 
| 522|0x0000000741400000, 0x0000000741600000, 0x0000000741600000|100%| E|CS|TAMS 0x0000000741400000, 0x0000000741400000| Complete 
| 523|0x0000000741600000, 0x0000000741800000, 0x0000000741800000|100%| E|CS|TAMS 0x0000000741600000, 0x0000000741600000| Complete 
| 524|0x0000000741800000, 0x0000000741a00000, 0x0000000741a00000|100%| E|CS|TAMS 0x0000000741800000, 0x0000000741800000| Complete 
| 525|0x0000000741a00000, 0x0000000741c00000, 0x0000000741c00000|100%| E|CS|TAMS 0x0000000741a00000, 0x0000000741a00000| Complete 
| 526|0x0000000741c00000, 0x0000000741e00000, 0x0000000741e00000|100%| E|CS|TAMS 0x0000000741c00000, 0x0000000741c00000| Complete 
| 527|0x0000000741e00000, 0x0000000742000000, 0x0000000742000000|100%| E|CS|TAMS 0x0000000741e00000, 0x0000000741e00000| Complete 
| 528|0x0000000742000000, 0x0000000742200000, 0x0000000742200000|100%| E|CS|TAMS 0x0000000742000000, 0x0000000742000000| Complete 

Card table byte_map: [0x00000228b2a00000,0x00000228b3200000] _byte_map_base: 0x00000228af200000

Marking Bits (Prev, Next): (CMBitMap*) 0x000002289b687650, (CMBitMap*) 0x000002289b687610
 Prev Bits: [0x00000228b7a00000, 0x00000228bba00000)
 Next Bits: [0x00000228b3a00000, 0x00000228b7a00000)

Polling page: 0x00000228995b0000

Metaspace:

Usage:
  Non-class:    129.21 MB used.
      Class:     20.66 MB used.
       Both:    149.87 MB used.

Virtual space:
  Non-class space:      192.00 MB reserved,     130.75 MB ( 68%) committed,  3 nodes.
      Class space:      832.00 MB reserved,      21.88 MB (  3%) committed,  1 nodes.
             Both:        1.00 GB reserved,     152.62 MB ( 15%) committed. 

Chunk freelists:
   Non-Class:  13.12 MB
       Class:  10.12 MB
        Both:  23.25 MB

MaxMetaspaceSize: 1.00 GB
CompressedClassSpaceSize: 832.00 MB
Initial GC threshold: 21.00 MB
Current GC threshold: 245.00 MB
CDS: on
MetaspaceReclaimPolicy: balanced
 - commit_granule_bytes: 65536.
 - commit_granule_words: 8192.
 - virtual_space_node_default_size: 8388608.
 - enlarge_chunks_in_place: 1.
 - new_chunks_are_fully_committed: 0.
 - uncommit_free_chunks: 1.
 - use_allocation_guard: 0.
 - handle_deallocations: 1.


Internal statistics:

num_allocs_failed_limit: 9.
num_arena_births: 3754.
num_arena_deaths: 6.
num_vsnodes_births: 4.
num_vsnodes_deaths: 0.
num_space_committed: 2441.
num_space_uncommitted: 0.
num_chunks_returned_to_freelist: 18.
num_chunks_taken_from_freelist: 11360.
num_chunk_merges: 9.
num_chunk_splits: 6881.
num_chunks_enlarged: 3744.
num_inconsistent_stats: 0.

CodeHeap 'non-profiled nmethods': size=120000Kb used=20963Kb max_used=21785Kb free=99036Kb
 bounds [0x00000228aa9a0000, 0x00000228abef0000, 0x00000228b1ed0000]
CodeHeap 'profiled nmethods': size=120000Kb used=41714Kb max_used=41858Kb free=78285Kb
 bounds [0x00000228a2ed0000, 0x00000228a57f0000, 0x00000228aa400000]
CodeHeap 'non-nmethods': size=5760Kb used=2560Kb max_used=2654Kb free=3200Kb
 bounds [0x00000228aa400000, 0x00000228aa6b0000, 0x00000228aa9a0000]
 total_blobs=23043 nmethods=21924 adapters=1030
 compilation: enabled
              stopped_count=0, restarted_count=0
 full_count=0

Compilation events (20 events):
Event: 314.742 Thread 0x00000228be59ff30 27770       3       java.lang.invoke.BootstrapMethodInvoker::maybeReBoxElements (24 bytes)
Event: 314.742 Thread 0x00000228be59ff30 nmethod 27770 0x00000228a37b4e10 code [0x00000228a37b4fe0, 0x00000228a37b5648]
Event: 314.742 Thread 0x00000228be59ff30 27771       3       com.android.tools.r8.dex.m::c (8 bytes)
Event: 314.743 Thread 0x00000228be59ff30 nmethod 27771 0x00000228a5535d90 code [0x00000228a5535f40, 0x00000228a55361a8]
Event: 314.747 Thread 0x00000228be59ff30 27772       3       java.lang.Thread::checkAccess (14 bytes)
Event: 314.748 Thread 0x00000228be59ff30 nmethod 27772 0x00000228a49ef410 code [0x00000228a49ef5e0, 0x00000228a49efa88]
Event: 314.839 Thread 0x00000228be59c070 27773       4       com.google.common.collect.RegularImmutableMap::makeImmutable (44 bytes)
Event: 314.841 Thread 0x00000228be59c070 nmethod 27773 0x00000228ab6a1610 code [0x00000228ab6a17a0, 0x00000228ab6a1938]
Event: 314.841 Thread 0x00000228be59c070 27774       4       com.google.common.collect.RegularImmutableMap::fromEntryArrayCheckingBucketOverflow (282 bytes)
Event: 314.869 Thread 0x00000228be59c070 nmethod 27774 0x00000228aad0a310 code [0x00000228aad0a560, 0x00000228aad0b770]
Event: 314.869 Thread 0x00000228be59c070 27775       4       com.google.common.collect.ImmutableMultimap$1::next (5 bytes)
Event: 314.879 Thread 0x00000228be59c070 nmethod 27775 0x00000228aad09390 code [0x00000228aad09580, 0x00000228aad09dd8]
Event: 314.889 Thread 0x00000228be59ff30 27776       3       com.android.build.gradle.internal.cxx.configure.NativeLocationsBuildServiceKt$rewriteWithLocations$1::invoke (111 bytes)
Event: 314.890 Thread 0x00000228be59ff30 nmethod 27776 0x00000228a49ed610 code [0x00000228a49ed940, 0x00000228a49eed88]
Event: 314.893 Thread 0x00000228be59c070 27777       4       org.gradle.api.internal.artifacts.transform.NonNormalizedIdentityImmutableTransformExecution::createIdentity (69 bytes)
Event: 314.996 Thread 0x00000228be59c070 nmethod 27777 0x00000228ab536e10 code [0x00000228ab5372a0, 0x00000228ab53a970]
Event: 314.996 Thread 0x00000228be59c070 27779       4       com.google.common.collect.ImmutableMap$Builder::put (35 bytes)
Event: 315.003 Thread 0x00000228be59c070 nmethod 27779 0x00000228ab6a0a90 code [0x00000228ab6a0c20, 0x00000228ab6a1318]
Event: 315.003 Thread 0x00000228be59c070 27778       4       org.gradle.internal.execution.steps.IdentifyStep$$Lambda$443/0x00000228c0433070::accept (14 bytes)
Event: 315.155 Thread 0x00000228be59c070 nmethod 27778 0x00000228aaed2510 code [0x00000228aaed29e0, 0x00000228aaed6dc8]

GC Heap History (20 events):
Event: 306.654 GC heap before
{Heap before GC invocations=155 (full 0):
 garbage-first heap   total 696320K, used 633103K [0x0000000700000000, 0x0000000800000000)
  region size 2048K, 28 young (57344K), 4 survivors (8192K)
 Metaspace       used 147779K, committed 150528K, reserved 983040K
  class space    used 20396K, committed 21632K, reserved 851968K
}
Event: 306.661 GC heap after
{Heap after GC invocations=156 (full 0):
 garbage-first heap   total 696320K, used 600145K [0x0000000700000000, 0x0000000800000000)
  region size 2048K, 4 young (8192K), 4 survivors (8192K)
 Metaspace       used 147779K, committed 150528K, reserved 983040K
  class space    used 20396K, committed 21632K, reserved 851968K
}
Event: 307.308 GC heap before
{Heap before GC invocations=156 (full 0):
 garbage-first heap   total 696320K, used 634961K [0x0000000700000000, 0x0000000800000000)
  region size 2048K, 17 young (34816K), 4 survivors (8192K)
 Metaspace       used 147779K, committed 150528K, reserved 983040K
  class space    used 20396K, committed 21632K, reserved 851968K
}
Event: 307.315 GC heap after
{Heap after GC invocations=157 (full 0):
 garbage-first heap   total 696320K, used 619895K [0x0000000700000000, 0x0000000800000000)
  region size 2048K, 3 young (6144K), 3 survivors (6144K)
 Metaspace       used 147779K, committed 150528K, reserved 983040K
  class space    used 20396K, committed 21632K, reserved 851968K
}
Event: 308.505 GC heap before
{Heap before GC invocations=158 (full 0):
 garbage-first heap   total 1083392K, used 681335K [0x0000000700000000, 0x0000000800000000)
  region size 2048K, 26 young (53248K), 3 survivors (6144K)
 Metaspace       used 147810K, committed 150592K, reserved 983040K
  class space    used 20406K, committed 21632K, reserved 851968K
}
Event: 308.516 GC heap after
{Heap after GC invocations=159 (full 0):
 garbage-first heap   total 1083392K, used 657587K [0x0000000700000000, 0x0000000800000000)
  region size 2048K, 4 young (8192K), 4 survivors (8192K)
 Metaspace       used 147810K, committed 150592K, reserved 983040K
  class space    used 20406K, committed 21632K, reserved 851968K
}
Event: 309.620 GC heap before
{Heap before GC invocations=159 (full 0):
 garbage-first heap   total 1083392K, used 710835K [0x0000000700000000, 0x0000000800000000)
  region size 2048K, 26 young (53248K), 4 survivors (8192K)
 Metaspace       used 149444K, committed 152256K, reserved 983040K
  class space    used 20623K, committed 21888K, reserved 851968K
}
Event: 309.637 GC heap after
{Heap after GC invocations=160 (full 0):
 garbage-first heap   total 1083392K, used 660198K [0x0000000700000000, 0x0000000800000000)
  region size 2048K, 4 young (8192K), 4 survivors (8192K)
 Metaspace       used 149444K, committed 152256K, reserved 983040K
  class space    used 20623K, committed 21888K, reserved 851968K
}
Event: 311.642 GC heap before
{Heap before GC invocations=160 (full 0):
 garbage-first heap   total 1083392K, used 981734K [0x0000000700000000, 0x0000000800000000)
  region size 2048K, 91 young (186368K), 4 survivors (8192K)
 Metaspace       used 153044K, committed 155904K, reserved 1048576K
  class space    used 21107K, committed 22400K, reserved 851968K
}
Event: 311.676 GC heap after
{Heap after GC invocations=161 (full 0):
 garbage-first heap   total 1083392K, used 771539K [0x0000000700000000, 0x0000000800000000)
  region size 2048K, 12 young (24576K), 12 survivors (24576K)
 Metaspace       used 153044K, committed 155904K, reserved 1048576K
  class space    used 21107K, committed 22400K, reserved 851968K
}
Event: 313.165 GC heap before
{Heap before GC invocations=161 (full 0):
 garbage-first heap   total 1083392K, used 886227K [0x0000000700000000, 0x0000000800000000)
  region size 2048K, 67 young (137216K), 12 survivors (24576K)
 Metaspace       used 153379K, committed 156224K, reserved 1048576K
  class space    used 21147K, committed 22400K, reserved 851968K
}
Event: 313.210 GC heap after
{Heap after GC invocations=162 (full 0):
 garbage-first heap   total 1083392K, used 815926K [0x0000000700000000, 0x0000000800000000)
  region size 2048K, 9 young (18432K), 9 survivors (18432K)
 Metaspace       used 153379K, committed 156224K, reserved 1048576K
  class space    used 21147K, committed 22400K, reserved 851968K
}
Event: 313.608 GC heap before
{Heap before GC invocations=162 (full 0):
 garbage-first heap   total 1083392K, used 910134K [0x0000000700000000, 0x0000000800000000)
  region size 2048K, 50 young (102400K), 9 survivors (18432K)
 Metaspace       used 153390K, committed 156288K, reserved 1048576K
  class space    used 21147K, committed 22400K, reserved 851968K
}
Event: 313.660 GC heap after
{Heap after GC invocations=163 (full 0):
 garbage-first heap   total 1083392K, used 859781K [0x0000000700000000, 0x0000000800000000)
  region size 2048K, 7 young (14336K), 7 survivors (14336K)
 Metaspace       used 153390K, committed 156288K, reserved 1048576K
  class space    used 21147K, committed 22400K, reserved 851968K
}
Event: 313.948 GC heap before
{Heap before GC invocations=163 (full 0):
 garbage-first heap   total 1083392K, used 917125K [0x0000000700000000, 0x0000000800000000)
  region size 2048K, 35 young (71680K), 7 survivors (14336K)
 Metaspace       used 153423K, committed 156288K, reserved 1048576K
  class space    used 21147K, committed 22400K, reserved 851968K
}
Event: 313.992 GC heap after
{Heap after GC invocations=164 (full 0):
 garbage-first heap   total 1083392K, used 883075K [0x0000000700000000, 0x0000000800000000)
  region size 2048K, 5 young (10240K), 5 survivors (10240K)
 Metaspace       used 153423K, committed 156288K, reserved 1048576K
  class space    used 21147K, committed 22400K, reserved 851968K
}
Event: 314.233 GC heap before
{Heap before GC invocations=164 (full 0):
 garbage-first heap   total 1083392K, used 928131K [0x0000000700000000, 0x0000000800000000)
  region size 2048K, 27 young (55296K), 5 survivors (10240K)
 Metaspace       used 153429K, committed 156288K, reserved 1048576K
  class space    used 21147K, committed 22400K, reserved 851968K
}
Event: 314.269 GC heap after
{Heap after GC invocations=165 (full 0):
 garbage-first heap   total 1083392K, used 902034K [0x0000000700000000, 0x0000000800000000)
  region size 2048K, 4 young (8192K), 4 survivors (8192K)
 Metaspace       used 153429K, committed 156288K, reserved 1048576K
  class space    used 21147K, committed 22400K, reserved 851968K
}
Event: 314.390 GC heap before
{Heap before GC invocations=165 (full 0):
 garbage-first heap   total 1083392K, used 922514K [0x0000000700000000, 0x0000000800000000)
  region size 2048K, 15 young (30720K), 4 survivors (8192K)
 Metaspace       used 153434K, committed 156288K, reserved 1048576K
  class space    used 21147K, committed 22400K, reserved 851968K
}
Event: 314.415 GC heap after
{Heap after GC invocations=166 (full 0):
 garbage-first heap   total 1083392K, used 911945K [0x0000000700000000, 0x0000000800000000)
  region size 2048K, 4 young (8192K), 4 survivors (8192K)
 Metaspace       used 153434K, committed 156288K, reserved 1048576K
  class space    used 21147K, committed 22400K, reserved 851968K
}

Deoptimization events (20 events):
Event: 314.602 Thread 0x0000022887f212f0 Uncommon trap: trap_request=0xffffff45 fr.pc=0x00000228aaef261c relative=0x00000000000068bc
Event: 314.602 Thread 0x0000022887f212f0 Uncommon trap: reason=unstable_if action=reinterpret pc=0x00000228aaef261c method=com.android.tools.r8.dex.W.a([B)Z @ 19 c2
Event: 314.603 Thread 0x0000022887f212f0 DEOPT PACKING pc=0x00000228aaef261c sp=0x00000059d7dfdaa0
Event: 314.603 Thread 0x0000022887f212f0 DEOPT UNPACKING pc=0x00000228aa4523a3 sp=0x00000059d7dfda18 mode 2
Event: 314.615 Thread 0x0000022887f212f0 DEOPT PACKING pc=0x00000228a57db927 sp=0x00000059d7dfd8b0
Event: 314.615 Thread 0x0000022887f212f0 DEOPT UNPACKING pc=0x00000228aa452b43 sp=0x00000059d7dfcf70 mode 0
Event: 314.640 Thread 0x0000022887f212f0 DEOPT PACKING pc=0x00000228a57db927 sp=0x00000059d7dfd8b0
Event: 314.640 Thread 0x0000022887f212f0 DEOPT UNPACKING pc=0x00000228aa452b43 sp=0x00000059d7dfcf70 mode 0
Event: 314.843 Thread 0x00000228fd1e5cb0 Uncommon trap: trap_request=0xffffffde fr.pc=0x00000228ab3c8564 relative=0x0000000000000fe4
Event: 314.843 Thread 0x00000228fd1e5cb0 Uncommon trap: reason=class_check action=maybe_recompile pc=0x00000228ab3c8564 method=org.gradle.internal.vfs.impl.DefaultFileSystemAccess.snapshot(Ljava/lang/String;Lorg/gradle/internal/snapshot/SnapshottingFilter;)Ljava/util/Optional; @ 26 c2
Event: 314.843 Thread 0x00000228fd1e5cb0 DEOPT PACKING pc=0x00000228ab3c8564 sp=0x00000059d87fc460
Event: 314.843 Thread 0x00000228fd1e5cb0 DEOPT UNPACKING pc=0x00000228aa4523a3 sp=0x00000059d87fc418 mode 2
Event: 314.843 Thread 0x00000228fd1e5cb0 Uncommon trap: trap_request=0xffffffde fr.pc=0x00000228aba96430 relative=0x0000000000002c90
Event: 314.843 Thread 0x00000228fd1e5cb0 Uncommon trap: reason=class_check action=maybe_recompile pc=0x00000228aba96430 method=org.gradle.internal.snapshot.impl.DirectorySnapshotter$PathVisitor.doPreVisitDirectory(Ljava/nio/file/Path;Ljava/nio/file/attribute/BasicFileAttributes;)Ljava/nio/file/F
Event: 314.843 Thread 0x00000228fd1e5cb0 DEOPT PACKING pc=0x00000228aba96430 sp=0x00000059d87fc130
Event: 314.843 Thread 0x00000228fd1e5cb0 DEOPT UNPACKING pc=0x00000228aa4523a3 sp=0x00000059d87fc028 mode 2
Event: 314.843 Thread 0x00000228fd1e5cb0 Uncommon trap: trap_request=0xffffffde fr.pc=0x00000228aba96430 relative=0x0000000000002c90
Event: 314.843 Thread 0x00000228fd1e5cb0 Uncommon trap: reason=class_check action=maybe_recompile pc=0x00000228aba96430 method=org.gradle.internal.snapshot.impl.DirectorySnapshotter$PathVisitor.doPreVisitDirectory(Ljava/nio/file/Path;Ljava/nio/file/attribute/BasicFileAttributes;)Ljava/nio/file/F
Event: 314.843 Thread 0x00000228fd1e5cb0 DEOPT PACKING pc=0x00000228aba96430 sp=0x00000059d87fc130
Event: 314.843 Thread 0x00000228fd1e5cb0 DEOPT UNPACKING pc=0x00000228aa4523a3 sp=0x00000059d87fc028 mode 2

Classes unloaded (3 events):
Event: 117.848 Thread 0x00000228be466940 Unloading class 0x00000228c0b04400 'java/lang/invoke/LambdaForm$DMH+0x00000228c0b04400'
Event: 117.848 Thread 0x00000228be466940 Unloading class 0x00000228c0ac4c00 'java/lang/invoke/LambdaForm$MH+0x00000228c0ac4c00'
Event: 117.848 Thread 0x00000228be466940 Unloading class 0x00000228c0ac4000 'java/lang/invoke/LambdaForm$DMH+0x00000228c0ac4000'

Classes redefined (0 events):
No events

Internal exceptions (20 events):
Event: 308.795 Thread 0x00000228fd1e57a0 Exception <a 'sun/nio/fs/WindowsException'{0x00000007411d4bd0}> (0x00000007411d4bd0) 
thrown [s\open\src\hotspot\share\prims\jni.cpp, line 516]
Event: 308.795 Thread 0x00000228fd1e57a0 Exception <a 'sun/nio/fs/WindowsException'{0x00000007411d7118}> (0x00000007411d7118) 
thrown [s\open\src\hotspot\share\prims\jni.cpp, line 516]
Event: 308.795 Thread 0x00000228fd1e57a0 Exception <a 'sun/nio/fs/WindowsException'{0x00000007411d72e8}> (0x00000007411d72e8) 
thrown [s\open\src\hotspot\share\prims\jni.cpp, line 516]
Event: 308.796 Thread 0x00000228fd1e57a0 Exception <a 'sun/nio/fs/WindowsException'{0x00000007411da418}> (0x00000007411da418) 
thrown [s\open\src\hotspot\share\prims\jni.cpp, line 516]
Event: 308.796 Thread 0x00000228fd1e57a0 Exception <a 'sun/nio/fs/WindowsException'{0x00000007411da630}> (0x00000007411da630) 
thrown [s\open\src\hotspot\share\prims\jni.cpp, line 516]
Event: 308.796 Thread 0x00000228fd1e57a0 Exception <a 'sun/nio/fs/WindowsException'{0x00000007411dcee0}> (0x00000007411dcee0) 
thrown [s\open\src\hotspot\share\prims\jni.cpp, line 516]
Event: 308.796 Thread 0x00000228fd1e57a0 Exception <a 'sun/nio/fs/WindowsException'{0x00000007411dd108}> (0x00000007411dd108) 
thrown [s\open\src\hotspot\share\prims\jni.cpp, line 516]
Event: 309.329 Thread 0x0000022887f212f0 Exception <a 'sun/nio/fs/WindowsException'{0x000000073f6c40f0}> (0x000000073f6c40f0) 
thrown [s\open\src\hotspot\share\prims\jni.cpp, line 516]
Event: 310.112 Thread 0x00000228fd1e57a0 Exception <a 'java/lang/NoSuchMethodError'{0x000000074002d750}: 'java.lang.Object java.lang.invoke.DirectMethodHandle$Holder.invokeSpecial(java.lang.Object, java.lang.Object, java.lang.Object, java.lang.Object, long)'> (0x000000074002d750) 
thrown [s\open\src\hotspot\share\interpreter\linkResolver.cpp, line 759]
Event: 310.112 Thread 0x00000228fd1e57a0 Exception <a 'java/lang/NoSuchMethodError'{0x0000000740031ad0}: 'java.lang.Object java.lang.invoke.Invokers$Holder.linkToTargetMethod(java.lang.Object, java.lang.Object, long, java.lang.Object)'> (0x0000000740031ad0) 
thrown [s\open\src\hotspot\share\interpreter\linkResolver.cpp, line 759]
Event: 311.035 Thread 0x0000022887f212f0 Exception <a 'java/lang/NoSuchMethodError'{0x000000073ee7b6c0}: 'java.lang.Object java.lang.invoke.DirectMethodHandle$Holder.invokeStaticInit(java.lang.Object, java.lang.Object, java.lang.Object, java.lang.Object, java.lang.Object, java.lang.Object, java.lang.Object, java.lang.Object, java.lang.Object, java.lang.Object, java.lang.Object, java.lang.Object, java.lang.Object, java.lang.Object, java.lang.Object, java.lang.Object, java.lang.Object, java.lang.Object, java.lang.Object, java.lang.Object, int, java
Event: 311.094 Thread 0x00000228fd1e57a0 Exception <a 'sun/nio/fs/WindowsException'{0x000000073da02df8}> (0x000000073da02df8) 
thrown [s\open\src\hotspot\share\prims\jni.cpp, line 516]
Event: 311.190 Thread 0x00000228fd1e57a0 Exception <a 'java/lang/ClassNotFoundException'{0x000000073c7b07d0}: org/gradle/api/internal/artifacts/configurations/DefaultUnlockedConfiguration_DecoratedBeanInfo> (0x000000073c7b07d0) 
thrown [s\open\src\hotspot\share\classfile\systemDictionary.cpp, line 256]
Event: 311.196 Thread 0x00000228fd1e57a0 Exception <a 'java/lang/ClassNotFoundException'{0x000000073c7c8770}: org/gradle/api/internal/artifacts/configurations/DefaultUnlockedConfigurationBeanInfo> (0x000000073c7c8770) 
thrown [s\open\src\hotspot\share\classfile\systemDictionary.cpp, line 256]
Event: 311.202 Thread 0x00000228fd1e57a0 Exception <a 'java/lang/ClassNotFoundException'{0x000000073c7e0318}: org/gradle/api/internal/artifacts/configurations/DefaultConfigurationBeanInfo> (0x000000073c7e0318) 
thrown [s\open\src\hotspot\share\classfile\systemDictionary.cpp, line 256]
Event: 311.210 Thread 0x00000228fd1e57a0 Exception <a 'java/lang/ClassNotFoundException'{0x000000073c7f8188}: org/gradle/api/internal/artifacts/configurations/DefaultConfigurationCustomizer> (0x000000073c7f8188) 
thrown [s\open\src\hotspot\share\classfile\systemDictionary.cpp, line 256]
Event: 311.221 Thread 0x00000228fd1e57a0 Exception <a 'java/lang/ClassNotFoundException'{0x000000073bfde6c8}: org/gradle/api/internal/artifacts/configurations/DefaultUnlockedConfigurationCustomizer> (0x000000073bfde6c8) 
thrown [s\open\src\hotspot\share\classfile\systemDictionary.cpp, line 256]
Event: 311.224 Thread 0x00000228fd1e57a0 Exception <a 'java/lang/ClassNotFoundException'{0x000000073bd4ab18}: org/gradle/api/internal/artifacts/configurations/DefaultUnlockedConfiguration_DecoratedCustomizer> (0x000000073bd4ab18) 
thrown [s\open\src\hotspot\share\classfile\systemDictionary.cpp, line 256]
Event: 314.354 Thread 0x00000228fd1e5cb0 Implicit null exception at 0x00000228ab3180b7 to 0x00000228ab318340
Event: 314.591 Thread 0x00000228fd1e5cb0 Exception <a 'sun/nio/fs/WindowsException'{0x0000000741700e68}> (0x0000000741700e68) 
thrown [s\open\src\hotspot\share\prims\jni.cpp, line 516]

VM Operations (20 events):
Event: 310.486 Executing VM operation: ICBufferFull done
Event: 310.486 Executing VM operation: ICBufferFull
Event: 310.486 Executing VM operation: ICBufferFull done
Event: 310.823 Executing VM operation: HandshakeAllThreads
Event: 310.824 Executing VM operation: HandshakeAllThreads done
Event: 311.642 Executing VM operation: G1CollectForAllocation
Event: 311.677 Executing VM operation: G1CollectForAllocation done
Event: 312.690 Executing VM operation: Cleanup
Event: 312.690 Executing VM operation: Cleanup done
Event: 313.165 Executing VM operation: G1CollectForAllocation
Event: 313.210 Executing VM operation: G1CollectForAllocation done
Event: 313.607 Executing VM operation: G1CollectForAllocation
Event: 313.660 Executing VM operation: G1CollectForAllocation done
Event: 313.948 Executing VM operation: G1CollectForAllocation
Event: 313.992 Executing VM operation: G1CollectForAllocation done
Event: 314.233 Executing VM operation: G1CollectForAllocation
Event: 314.269 Executing VM operation: G1CollectForAllocation done
Event: 314.390 Executing VM operation: G1TryInitiateConcMark
Event: 314.415 Executing VM operation: G1TryInitiateConcMark done
Event: 315.292 Executing VM operation: G1Concurrent

Events (20 events):
Event: 310.352 Thread 0x00000228be5ab070 flushing nmethod 0x00000228a5790990
Event: 310.551 Thread 0x00000228882864d0 Thread exited: 0x00000228882864d0
Event: 310.926 loading class java/nio/BufferUnderflowException
Event: 310.926 loading class java/nio/BufferUnderflowException done
Event: 311.121 Thread 0x0000022888286f70 Thread added: 0x0000022888286f70
Event: 311.276 Thread 0x00000228882874c0 Thread added: 0x00000228882874c0
Event: 313.160 Thread 0x00000228882874c0 Thread exited: 0x00000228882874c0
Event: 313.479 Thread 0x0000022888286f70 Thread exited: 0x0000022888286f70
Event: 314.646 loading class java/util/concurrent/ForkJoinTask$AdaptedCallable
Event: 314.647 loading class java/util/concurrent/ForkJoinTask$AdaptedCallable done
Event: 314.647 loading class java/util/concurrent/ForkJoinPool$DefaultForkJoinWorkerThreadFactory$1
Event: 314.729 loading class java/util/concurrent/ForkJoinPool$DefaultForkJoinWorkerThreadFactory$1 done
Event: 314.729 Thread 0x0000022887f25ee0 Thread added: 0x0000022887f25ee0
Event: 314.730 Thread 0x0000022887f263f0 Thread added: 0x0000022887f263f0
Event: 314.741 Thread 0x0000022887f26900 Thread added: 0x0000022887f26900
Event: 314.742 Thread 0x0000022887f24fb0 Thread added: 0x0000022887f24fb0
Event: 314.743 Thread 0x0000022887f254c0 Thread added: 0x0000022887f254c0
Event: 314.743 Thread 0x0000022887f259d0 Thread added: 0x0000022887f259d0
Event: 314.747 Thread 0x00000228fd1e1ff0 Thread added: 0x00000228fd1e1ff0
Event: 314.748 Thread 0x00000228fd1e0bb0 Thread added: 0x00000228fd1e0bb0


Dynamic libraries:
0x00007ff641ac0000 - 0x00007ff641ad0000 	C:\Program Files\Java\jdk-17\bin\java.exe
0x00007ffdcbbc0000 - 0x00007ffdcbe26000 	C:\Windows\SYSTEM32\ntdll.dll
0x00007ffdca850000 - 0x00007ffdca919000 	C:\Windows\System32\KERNEL32.DLL
0x00007ffdc8fd0000 - 0x00007ffdc93ce000 	C:\Windows\System32\KERNELBASE.dll
0x00007ffdc94a0000 - 0x00007ffdc95ec000 	C:\Windows\System32\ucrtbase.dll
0x00007ffd9eec0000 - 0x00007ffd9eedb000 	C:\Program Files\Java\jdk-17\bin\VCRUNTIME140.dll
0x00007ffd9ebd0000 - 0x00007ffd9ebe9000 	C:\Program Files\Java\jdk-17\bin\jli.dll
0x00007ffdcab60000 - 0x00007ffdcac17000 	C:\Windows\System32\ADVAPI32.dll
0x00007ffdcb050000 - 0x00007ffdcb0f9000 	C:\Windows\System32\msvcrt.dll
0x00007ffdcaec0000 - 0x00007ffdcaf6a000 	C:\Windows\System32\sechost.dll
0x00007ffdca940000 - 0x00007ffdcaa58000 	C:\Windows\System32\RPCRT4.dll
0x00007ffdcac30000 - 0x00007ffdcadf7000 	C:\Windows\System32\USER32.dll
0x00007ffdb0f00000 - 0x00007ffdb1192000 	C:\Windows\WinSxS\amd64_microsoft.windows.common-controls_6595b64144ccf1df_6.0.26100.8875_none_3e0d5d42e32fe9dd\COMCTL32.dll
0x00007ffdc9600000 - 0x00007ffdc9627000 	C:\Windows\System32\win32u.dll
0x00007ffdc9990000 - 0x00007ffdc99bb000 	C:\Windows\System32\GDI32.dll
0x00007ffdc8de0000 - 0x00007ffdc8f0a000 	C:\Windows\System32\gdi32full.dll
0x00007ffdc9840000 - 0x00007ffdc98e3000 	C:\Windows\System32\msvcp_win.dll
0x00007ffdbfc90000 - 0x00007ffdbfc9b000 	C:\Windows\SYSTEM32\VERSION.dll
0x00007ffdca380000 - 0x00007ffdca3b2000 	C:\Windows\System32\IMM32.DLL
0x00007ffdab9c0000 - 0x00007ffdab9cc000 	C:\Program Files\Java\jdk-17\bin\vcruntime140_1.dll
0x00007ffd99e50000 - 0x00007ffd99ede000 	C:\Program Files\Java\jdk-17\bin\msvcp140.dll
0x00007ffd40a30000 - 0x00007ffd41610000 	C:\Program Files\Java\jdk-17\bin\server\jvm.dll
0x00007ffdcac20000 - 0x00007ffdcac28000 	C:\Windows\System32\PSAPI.DLL
0x00007ffdbfa30000 - 0x00007ffdbfa66000 	C:\Windows\SYSTEM32\WINMM.dll
0x00007ffdc0640000 - 0x00007ffdc064a000 	C:\Windows\SYSTEM32\WSOCK32.dll
0x00007ffdc9b60000 - 0x00007ffdc9be0000 	C:\Windows\System32\WS2_32.dll
0x00007ffdc7a80000 - 0x00007ffdc7a9b000 	C:\Windows\SYSTEM32\kernel.appcore.dll
0x00007ffdab170000 - 0x00007ffdab17a000 	C:\Program Files\Java\jdk-17\bin\jimage.dll
0x00007ffdc5ca0000 - 0x00007ffdc5ee2000 	C:\Windows\SYSTEM32\DBGHELP.DLL
0x00007ffdc9e10000 - 0x00007ffdca193000 	C:\Windows\System32\combase.dll
0x00007ffdcaf70000 - 0x00007ffdcb049000 	C:\Windows\System32\OLEAUT32.dll
0x00007ffda64a0000 - 0x00007ffda64db000 	C:\Windows\SYSTEM32\dbgcore.DLL
0x00007ffdc93e0000 - 0x00007ffdc948c000 	C:\Windows\System32\bcryptPrimitives.dll
0x00007ffdc4d30000 - 0x00007ffdc4d3e000 	C:\Program Files\Java\jdk-17\bin\instrument.dll
0x00007ffd9eba0000 - 0x00007ffd9ebc5000 	C:\Program Files\Java\jdk-17\bin\java.dll
0x00007ffd99d70000 - 0x00007ffd99e47000 	C:\Program Files\Java\jdk-17\bin\jsvml.dll
0x00007ffdcb150000 - 0x00007ffdcb8e2000 	C:\Windows\System32\SHELL32.dll
0x00007ffdc6860000 - 0x00007ffdc70f2000 	C:\Windows\SYSTEM32\windows.storage.dll
0x00007ffdcaa60000 - 0x00007ffdcab57000 	C:\Windows\System32\SHCORE.dll
0x00007ffdcb980000 - 0x00007ffdcb9e7000 	C:\Windows\System32\shlwapi.dll
0x00007ffdc8d00000 - 0x00007ffdc8d29000 	C:\Windows\SYSTEM32\profapi.dll
0x00007ffd9b3b0000 - 0x00007ffd9b3c8000 	C:\Program Files\Java\jdk-17\bin\zip.dll
0x00007ffd9eb80000 - 0x00007ffd9eb99000 	C:\Program Files\Java\jdk-17\bin\net.dll
0x00007ffdbf570000 - 0x00007ffdbf697000 	C:\Windows\SYSTEM32\WINHTTP.dll
0x00007ffdc8080000 - 0x00007ffdc80ec000 	C:\Windows\system32\mswsock.dll
0x00007ffd9b9c0000 - 0x00007ffd9b9d6000 	C:\Program Files\Java\jdk-17\bin\nio.dll
0x00007ffdaaf70000 - 0x00007ffdaaf80000 	C:\Program Files\Java\jdk-17\bin\verify.dll
0x00007ffdb1bc0000 - 0x00007ffdb1be7000 	C:\Users\pacman\.gradle\native\1def1411415f61bf3af743bc5b6707747c0891f09f0c88961ee8f79bc544acac\windows-amd64\native-platform.dll
0x00007ffd97e40000 - 0x00007ffd97eb8000 	C:\Users\pacman\.gradle\native\0.2.7\x86_64-windows-gnu\gradle-fileevents.dll
0x00007ffdaa4d0000 - 0x00007ffdaa4da000 	C:\Program Files\Java\jdk-17\bin\management.dll
0x00007ffdaa410000 - 0x00007ffdaa41b000 	C:\Program Files\Java\jdk-17\bin\management_ext.dll
0x00007ffdc7410000 - 0x00007ffdc7443000 	C:\Windows\SYSTEM32\IPHLPAPI.DLL
0x00007ffdc9b50000 - 0x00007ffdc9b5a000 	C:\Windows\System32\NSI.dll
0x00007ffdbf210000 - 0x00007ffdbf22d000 	C:\Windows\SYSTEM32\dhcpcsvc6.DLL
0x00007ffdbefe0000 - 0x00007ffdbf005000 	C:\Windows\SYSTEM32\dhcpcsvc.DLL
0x00007ffdc7450000 - 0x00007ffdc75a6000 	C:\Windows\SYSTEM32\DNSAPI.dll
0x00007ffdc7e10000 - 0x00007ffdc7e1d000 	C:\Windows\SYSTEM32\DSPARSE.dll
0x00007ffdc8560000 - 0x00007ffdc857b000 	C:\Windows\SYSTEM32\CRYPTSP.dll
0x00007ffdc79e0000 - 0x00007ffdc7a19000 	C:\Windows\system32\rsaenh.dll
0x00007ffdc8140000 - 0x00007ffdc8172000 	C:\Windows\SYSTEM32\USERENV.dll
0x00007ffdc8cd0000 - 0x00007ffdc8cfa000 	C:\Windows\SYSTEM32\bcrypt.dll
0x00007ffdc8330000 - 0x00007ffdc833c000 	C:\Windows\SYSTEM32\CRYPTBASE.dll
0x00007ffdc4d20000 - 0x00007ffdc4d2e000 	C:\Program Files\Java\jdk-17\bin\sunmscapi.dll
0x00007ffdc9630000 - 0x00007ffdc97a8000 	C:\Windows\System32\CRYPT32.dll
0x00007ffdc86d0000 - 0x00007ffdc8700000 	C:\Windows\SYSTEM32\ncrypt.dll
0x00007ffdc8680000 - 0x00007ffdc86bf000 	C:\Windows\SYSTEM32\NTASN1.dll
0x00007ffdba620000 - 0x00007ffdba628000 	C:\Windows\system32\wshunix.dll
0x00007ffd9c870000 - 0x00007ffd9c888000 	C:\Windows\system32\napinsp.dll
0x00007ffd9bc10000 - 0x00007ffd9bc23000 	C:\Windows\System32\winrnr.dll
0x00007ffdc1e40000 - 0x00007ffdc1e62000 	C:\Windows\system32\nlansp_c.dll
0x00007ffdbf850000 - 0x00007ffdbf866000 	C:\Windows\system32\wshbth.dll
0x00000000565f0000 - 0x0000000056616000 	C:\Program Files\Bonjour\mdnsNSP.dll
0x00007ffdbc340000 - 0x00007ffdbc34b000 	C:\Windows\System32\rasadhlp.dll
0x00007ffdbea70000 - 0x00007ffdbeaf6000 	C:\Windows\System32\fwpuclnt.dll
0x00007ffdc4d40000 - 0x00007ffdc4d47000 	C:\Program Files\Java\jdk-17\bin\rmi.dll

dbghelp: loaded successfully - version: 4.0.5 - missing functions: none
symbol engine: initialized successfully - sym options: 0x614 - pdb path: .;C:\Program Files\Java\jdk-17\bin;C:\Windows\SYSTEM32;C:\Windows\WinSxS\amd64_microsoft.windows.common-controls_6595b64144ccf1df_6.0.26100.8875_none_3e0d5d42e32fe9dd;C:\Program Files\Java\jdk-17\bin\server;C:\Users\pacman\.gradle\native\1def1411415f61bf3af743bc5b6707747c0891f09f0c88961ee8f79bc544acac\windows-amd64;C:\Users\pacman\.gradle\native\0.2.7\x86_64-windows-gnu;C:\Program Files\Bonjour

VM Arguments:
jvm_args: --add-opens=java.base/java.lang=ALL-UNNAMED --add-opens=java.base/java.lang.invoke=ALL-UNNAMED --add-opens=java.base/java.util=ALL-UNNAMED --add-opens=java.prefs/java.util.prefs=ALL-UNNAMED --add-exports=jdk.compiler/com.sun.tools.javac.api=ALL-UNNAMED --add-exports=jdk.compiler/com.sun.tools.javac.util=ALL-UNNAMED --add-opens=java.base/java.util=ALL-UNNAMED --add-opens=java.prefs/java.util.prefs=ALL-UNNAMED --add-opens=java.base/java.nio.charset=ALL-UNNAMED --add-opens=java.base/java.net=ALL-UNNAMED --add-opens=java.base/java.util.concurrent.atomic=ALL-UNNAMED --add-opens=java.xml/javax.xml.namespace=ALL-UNNAMED -XX:MaxMetaspaceSize=1024m -XX:+HeapDumpOnOutOfMemoryError -Xmx4096m -Dfile.encoding=windows-1252 -Duser.country=US -Duser.language=en -Duser.variant -javaagent:C:\Users\pacman\.gradle\wrapper\dists\gradle-8.13-bin\5xuhj0ry160q40clulazy9h7d\gradle-8.13\lib\agents\gradle-instrumentation-agent-8.13.jar 
java_command: org.gradle.launcher.daemon.bootstrap.GradleDaemon 8.13
java_class_path (initial): C:\Users\pacman\.gradle\wrapper\dists\gradle-8.13-bin\5xuhj0ry160q40clulazy9h7d\gradle-8.13\lib\gradle-daemon-main-8.13.jar
Launcher Type: SUN_STANDARD

[Global flags]
     intx CICompilerCount                          = 4                                         {product} {ergonomic}
   size_t CompressedClassSpaceSize                 = 872415232                                 {product} {ergonomic}
     uint ConcGCThreads                            = 2                                         {product} {ergonomic}
     uint G1ConcRefinementThreads                  = 8                                         {product} {ergonomic}
   size_t G1HeapRegionSize                         = 2097152                                   {product} {ergonomic}
    uintx GCDrainStackTargetSize                   = 64                                        {product} {ergonomic}
     bool HeapDumpOnOutOfMemoryError               = true                                   {manageable} {command line}
   size_t InitialHeapSize                          = 266338304                                 {product} {ergonomic}
   size_t MarkStackSize                            = 4194304                                   {product} {ergonomic}
   size_t MaxHeapSize                              = 4294967296                                {product} {command line}
   size_t MaxMetaspaceSize                         = 1073741824                                {product} {command line}
   size_t MaxNewSize                               = 2575302656                                {product} {ergonomic}
   size_t MinHeapDeltaBytes                        = 2097152                                   {product} {ergonomic}
   size_t MinHeapSize                              = 8388608                                   {product} {ergonomic}
    uintx NonNMethodCodeHeapSize                   = 5839372                                {pd product} {ergonomic}
    uintx NonProfiledCodeHeapSize                  = 122909434                              {pd product} {ergonomic}
    uintx ProfiledCodeHeapSize                     = 122909434                              {pd product} {ergonomic}
    uintx ReservedCodeCacheSize                    = 251658240                              {pd product} {ergonomic}
     bool SegmentedCodeCache                       = true                                      {product} {ergonomic}
   size_t SoftMaxHeapSize                          = 4294967296                             {manageable} {ergonomic}
     bool UseCompressedClassPointers               = true                           {product lp64_product} {ergonomic}
     bool UseCompressedOops                        = true                           {product lp64_product} {ergonomic}
     bool UseG1GC                                  = true                                      {product} {ergonomic}
     bool UseLargePagesIndividualAllocation        = false                                  {pd product} {ergonomic}

Logging:
Log output configuration:
 #0: stdout all=warning uptime,level,tags
 #1: stderr all=off uptime,level,tags

Environment Variables:
JAVA_HOME=C:\Program Files\Java\jdk-17
PATH=C:\Users\pacman\anaconda3\condabin;C:\Users\pacman\bin;C:\Program Files\Git\mingw64\bin;C:\Program Files\Git\usr\local\bin;C:\Program Files\Git\usr\bin;C:\Program Files\Git\usr\bin;C:\Program Files\Git\mingw64\bin;C:\Program Files\Git\usr\bin;C:\Users\pacman\bin;C:\Users\pacman\AppData\Local\Programs\ZCode\resources\tools\ripgrep;C:\Users\pacman\AppData\Roaming\npm;C:\Program Files\nodejs;C:\Program Files\Common Files\Oracle\Java\javapath;C:\Windows\system32;C:\Windows;C:\Windows\System32\Wbem;C:\Windows\System32\WindowsPowerShell\v1.0;C:\Windows\System32\OpenSSH;C:\Program Files\Git\cmd;C:\Program Files\nodejs;C:\Program Files (x86)\NVIDIA Corporation\PhysX\Common;C:\Program Files\Docker\Docker\resources\bin;C:\Program Files (x86)\Windows Kits\8.1\Windows Performance Toolkit;C:\Users\pacman\.local\bin;C:\Users\pacman\AppData\Local\Programs\cursor\resources\app\codeBin;C:\Users\pacman\.mavis\bin;C:\Users\pacman\AppData\Roaming\Python\Python314\Scripts;C:\Users\pacman\AppData\Local\Programs\Python\Python314\Scripts;C:\Users\pacman\AppData\Local\Programs\Python\Python314;C:\Users\pacman\AppData\Local\Microsoft\WindowsApps;C:\Program Files\JetBrains\IntelliJ IDEA 2025.3.3\bin;C:\Users\pacman\AppData\Local\Programs\Antigravity\bin;C:\Users\pacman\anaconda3\Library\bin;C:\Users\pacman\anaconda3;C:\Users\pacman\anaconda3\Scripts;C:\Users\pacman\AppData\Local\Programs\Ollama;C:\Users\pacman\AppData\Local\Programs\Antigravity IDE\bin;C:\Users\pacman\AppData\Local\Programs\Microsoft VS Code\bin;C:\Users\pacman\AppData\Local\Programs\cursor\resources\app\bin;C:\Program Files\Java\jdk-17\bin;C:\ffmpeg-master-latest-win64-gpl\bin;C:\Program Files\Git\usr\bin\vendor_perl;C:\Program Files\Git\usr\bin\core_perl
USERNAME=pacman
SHELL=C:\Program Files\Git\usr\bin\bash.exe
LANG=C.UTF-8
LC_CTYPE=C.UTF-8
OS=Windows_NT
PROCESSOR_IDENTIFIER=Intel64 Family 6 Model 158 Stepping 13, GenuineIntel



---------------  S Y S T E M  ---------------

OS:
 Windows 11 , 64 bit Build 26100 (10.0.26100.8875)
OS uptime: 4 days 7:02 hours
Hyper-V role detected

CPU: total 8 (initial active 8) (4 cores per cpu, 2 threads per core) family 6 model 158 stepping 13 microcode 0xf0, cx8, cmov, fxsr, ht, mmx, 3dnowpref, sse, sse2, sse3, ssse3, sse4.1, sse4.2, popcnt, lzcnt, tsc, tscinvbit, avx, avx2, aes, erms, clmul, bmi1, bmi2, adx, fma, vzeroupper, clflush, clflushopt, hv

Memory: 4k page, system-wide physical 16131M (685M free)
TotalPageFile size 28631M (AvailPageFile size 260M)
current process WorkingSet (physical memory assigned to process): 1536M, peak: 1537M
current process commit charge ("private bytes"): 1611M, peak: 2083M

vm_info: Java HotSpot(TM) 64-Bit Server VM (17.0.12+8-LTS-286) for windows-amd64 JRE (17.0.12+8-LTS-286), built on Jun  5 2024 06:46:59 by "mach5one" with MS VC++ 17.6 (VS2022)

END.
